sample,quantity,kind,t_h,age_h,measured,predicted,sigma,z,structure,scenario
0.5 % H2O,TMSPA,share,19.863611111111112,1.0,0.929993239108732,0.99998207251483,0.050382623962269,1.38914625523496,M0-BEP,short
0.5 % H2O,BMSPA,share,19.863611111111112,1.0,0.060206745977826,1.792732386e-05,0.013578352713469,-4.432704019704887,M0-BEP,short
0.5 % H2O,MMSPA,share,19.863611111111112,1.0,-0.012788836128245,1.61309e-10,0.016523762306206,0.773966367499162,M0-BEP,short
0.5 % H2O,H3PO4,share,19.863611111111112,1.0,0.02252833341213,1e-15,0.0295204054619,-0.763144443974699,M0-BEP,short
2 % H2O,TMSPA (mean of 6 spectra),mean,78.75078703703704,1.0,-0.000765662665101,0.997908201953918,0.016618543172541,60.09394772155165,M0-BEP,short
2 % H2O,BMSPA (mean of 6 spectra),mean,78.75078703703704,1.0,0.037118874863205,0.002098290605009,0.01210576350869,-2.892885213977404,M0-BEP,short
2 % H2O,MMSPA (mean of 6 spectra),mean,78.75078703703704,1.0,0.315994642634203,5.432655211e-06,0.019615050041581,-16.10952861752262,M0-BEP,short
2 % H2O,H3PO4 (mean of 6 spectra),mean,78.75078703703704,1.0,0.661593213609833,1.1870478e-08,0.033785844860775,-19.58196411738882,M0-BEP,short
2 % H2O,"TMSPA drift, spectrum 1",drift,1.077222222222222,1.0,-0.000305456514041,0.002087725288629,0.016447157398396,0.145507320487114,M0-BEP,short
2 % H2O,"BMSPA drift, spectrum 1",drift,1.077222222222222,1.0,0.010338222996301,-0.002094217857116,0.014063516710961,-0.884020768697688,M0-BEP,short
2 % H2O,"MMSPA drift, spectrum 1",drift,1.077222222222222,1.0,-0.004912709469829,-5.432645652e-06,0.012683427177254,0.386904639857673,M0-BEP,short
2 % H2O,"H3PO4 drift, spectrum 1",drift,1.077222222222222,1.0,0.003069523607814,-1.1870478e-08,0.01806042743821,-0.169959182239385,M0-BEP,short
2 % H2O,"TMSPA drift, spectrum 2",drift,34.08638888888889,1.0,-0.009093641193599,0.001941606281179,0.004971153901284,2.219856333944302,M0-BEP,short
2 % H2O,"BMSPA drift, spectrum 2",drift,34.08638888888889,1.0,-0.003661605318228,-0.001948110127704,0.004266281385167,0.401636703214603,M0-BEP,short
2 % H2O,"MMSPA drift, spectrum 2",drift,34.08638888888889,1.0,0.003448676878488,-5.421368181e-06,0.003819464322561,-0.904341016164587,M0-BEP,short
2 % H2O,"H3PO4 drift, spectrum 2",drift,34.08638888888889,1.0,0.004917027614622,-1.186991e-08,0.005421931041222,-0.906879753200328,M0-BEP,short
2 % H2O,"TMSPA drift, spectrum 3",drift,73.07861111111112,1.0,0.001056379449513,0.001707664191265,0.005172384135828,0.125915772040208,M0-BEP,short
2 % H2O,"BMSPA drift, spectrum 3",drift,73.07861111111112,1.0,-0.003682609438276,-0.001714230552082,0.004484647883529,0.438914924273814,M0-BEP,short
2 % H2O,"MMSPA drift, spectrum 3",drift,73.07861111111112,1.0,-0.00118672061225,-5.358862836e-06,0.004003225761984,0.295102454783522,M0-BEP,short
2 % H2O,"H3PO4 drift, spectrum 3",drift,73.07861111111112,1.0,0.004992993648261,-1.1860964e-08,0.005699827509141,-0.875992387702422,M0-BEP,short
2 % H2O,"TMSPA drift, spectrum 4",drift,97.08305555555556,1.0,0.009425300236394,0.001259509202511,0.004873014369394,-1.675716592417529,M0-BEP,short
2 % H2O,"BMSPA drift, spectrum 4",drift,97.08305555555556,1.0,-0.001223312036984,-0.00126634822263,0.004250826216246,-0.010124193146622,M0-BEP,short
2 % H2O,"MMSPA drift, spectrum 4",drift,97.08305555555556,1.0,0.000498098700015,-5.086290525e-06,0.003806990686435,-0.132173948397784,M0-BEP,short
2 % H2O,"H3PO4 drift, spectrum 4",drift,97.08305555555556,1.0,-0.004810503672134,-1.1773974e-08,0.005355295693576,0.898268214009236,M0-BEP,short
2 % H2O,"TMSPA drift, spectrum 5",drift,121.08472222222224,1.0,-0.001265398001475,-0.000181052362913,0.004899665236702,0.22131014797496,M0-BEP,short
2 % H2O,"BMSPA drift, spectrum 5",drift,121.08472222222224,1.0,0.00266915857246,0.000171974907222,0.004214024797198,-0.592588744825967,M0-BEP,short
2 % H2O,"MMSPA drift, spectrum 5",drift,121.08472222222224,1.0,-0.000873972223684,-2.849719217e-06,0.003784076640901,0.230207415740738,M0-BEP,short
2 % H2O,"H3PO4 drift, spectrum 5",drift,121.08472222222224,1.0,-0.00347436836134,-9.909709e-09,0.005335614685411,0.651163672131538,M0-BEP,short
2 % H2O,"TMSPA drift, spectrum 6",drift,146.09472222222223,1.0,-0.000371994698065,-0.004989529296838,0.005050447769394,-0.914282220035084,M0-BEP,short
2 % H2O,"BMSPA drift, spectrum 6",drift,146.09472222222223,1.0,0.004697041286556,0.004957904730231,0.004339733150695,0.060110480210773,M0-BEP,short
2 % H2O,"MMSPA drift, spectrum 6",drift,146.09472222222223,1.0,-0.001601105714734,1.9639853433e-05,0.003902274585765,0.415333552917774,M0-BEP,short
2 % H2O,"H3PO4 drift, spectrum 6",drift,146.09472222222223,1.0,-0.001235947479813,4.7628557e-08,0.005518629094116,0.22396778027488,M0-BEP,short
TMSPa + TMSOH (A),TMSPA,share,1.061388888888889,1.0,0.105394727871932,0.999999408999881,0.044518461652812,20.095139138111605,M0-BEP,short
TMSPa + TMSOH (A),BMSPA,share,1.061388888888889,1.0,0.68730822668682,5.90999938e-07,0.066059782134018,-10.404327920617659,M0-BEP,short
TMSPa + TMSOH (A),MMSPA,share,1.061388888888889,1.0,0.194086384440475,1.81e-13,0.043088354664185,-4.504381426325824,M0-BEP,short
TMSPa + TMSOH (A),H3PO4,share,1.061388888888889,1.0,0.009922308243863,4.02668764391607e-20,0.046829903699947,-0.211879749047487,M0-BEP,short
"TMSOH, probe",TMSOH,share,1.220277777777778,1.0,0.963943245248599,0.999967850303279,0.145962663489997,0.246806986069755,M0-BEP,short
"TMSOH, probe",HMDSO,share,1.220277777777778,1.0,0.017002434066569,5.4578151e-07,0.038986013077977,-0.436102256751735,M0-BEP,short
"TMSOH, probe",TMSOEG,share,1.220277777777778,1.0,0.016361410760644,3.1603915211e-05,0.034275666130286,-0.476425659631562,M0-BEP,short
"TMSOH, probe",TMSOH,share,139.71138888888888,1.0,0.901392807248745,0.990753845333183,0.137481864823087,0.649984186637481,M0-BEP,short
"TMSOH, probe",HMDSO,share,139.71138888888888,1.0,0.056034110436671,0.000191359428802,0.038576083055218,-1.447600341588202,M0-BEP,short
"TMSOH, probe",TMSOEG,share,139.71138888888888,1.0,0.030938178019806,0.009054795238015,0.035422157315575,-0.617787973409756,M0-BEP,short
"TMSOH, probe",TMSOH,share,145.04666666666665,1.0,0.931438713948405,0.98054759071447,0.141263592976031,0.347640009230103,M0-BEP,short
"TMSOH, probe",HMDSO,share,145.04666666666665,1.0,0.063622719132554,0.000425135219504,0.041878295502661,-1.50907727151965,M0-BEP,short
"TMSOH, probe",TMSOEG,share,145.04666666666665,1.0,0.004938566919041,0.019027274066026,0.03465714188641,0.406516705652229,M0-BEP,short
"TMSOH, glovebox",TMSOH,share,8.085555555555555,,0.417673645346297,0.421456453012877,0.06726322570991,0.056238867920109,M0-BEP,short
"TMSOH, glovebox",HMDSO,share,8.085555555555555,,0.160556834914945,0.009654640316265,0.063070233236669,-2.392605621615894,M0-BEP,short
"TMSOH, glovebox",TMSOEG,share,8.085555555555555,,0.427057426127992,0.568888906670859,0.076614771598312,1.851228915573662,M0-BEP,short
E1,ring_opened_fraction ≤ 0.02,limit,168.0,,0.02,0.006490795982298,0.01,0.0,M0-BEP,short
0.5 % H2O,TMSPA,share,42.86361111111111,24.0,0.929993239108732,0.999960841606965,0.050382623962269,1.388724861782302,M0-BEP,middle
0.5 % H2O,BMSPA,share,42.86361111111111,24.0,0.060206745977826,3.9157625373e-05,0.013578352713469,-4.431140479416788,M0-BEP,middle
0.5 % H2O,MMSPA,share,42.86361111111111,24.0,-0.012788836128245,7.67652e-10,0.016523762306206,0.773966404194348,M0-BEP,middle
0.5 % H2O,H3PO4,share,42.86361111111111,24.0,0.02252833341213,1e-14,0.0295204054619,-0.763144443974389,M0-BEP,middle
2 % H2O,TMSPA (mean of 6 spectra),mean,101.75078703703703,24.0,-0.000765662665101,0.997797965577144,0.016618543172541,60.08731438578751,M0-BEP,middle
2 % H2O,BMSPA (mean of 6 spectra),mean,101.75078703703703,24.0,0.037118874863205,0.002208342113833,0.01210576350869,-2.883794378133416,M0-BEP,middle
2 % H2O,MMSPA (mean of 6 spectra),mean,101.75078703703703,24.0,0.315994642634203,5.736591646e-06,0.019615050041581,-16.1095131224597,M0-BEP,middle
2 % H2O,H3PO4 (mean of 6 spectra),mean,101.75078703703703,24.0,0.661593213609833,1.2744953e-08,0.033785844860775,-19.581964091505938,M0-BEP,middle
2 % H2O,"TMSPA drift, spectrum 1",drift,24.077222222222222,24.0,-0.000305456514041,0.002109895016678,0.016447157398396,0.146855257246736,M0-BEP,middle
2 % H2O,"BMSPA drift, spectrum 1",drift,24.077222222222222,24.0,0.010338222996301,-0.002116206954536,0.014063516710961,-0.885584324803347,M0-BEP,middle
2 % H2O,"MMSPA drift, spectrum 1",drift,24.077222222222222,24.0,-0.004912709469829,-5.732344911e-06,0.012683427177254,0.386881010656018,M0-BEP,middle
2 % H2O,"H3PO4 drift, spectrum 1",drift,24.077222222222222,24.0,0.003069523607814,-1.2744806e-08,0.01806042743821,-0.169959230650665,M0-BEP,middle
2 % H2O,"TMSPA drift, spectrum 2",drift,57.08638888888889,24.0,-0.009093641193599,0.001962018257724,0.004971153901284,2.223962418155335,M0-BEP,middle
2 % H2O,"BMSPA drift, spectrum 2",drift,57.08638888888889,24.0,-0.003661605318228,-0.001968354764616,0.004266281385167,0.396891437939366,M0-BEP,middle
2 % H2O,"MMSPA drift, spectrum 2",drift,57.08638888888889,24.0,0.003448676878488,-5.707778056e-06,0.003819464322561,-0.904416003086922,M0-BEP,middle
2 % H2O,"H3PO4 drift, spectrum 2",drift,57.08638888888889,24.0,0.004917027614622,-1.2742628e-08,0.005421931041222,-0.906879914161006,M0-BEP,middle
2 % H2O,"TMSPA drift, spectrum 3",drift,96.07861111111112,24.0,0.001056379449513,0.001725330543115,0.005172384135828,0.129331286315,M0-BEP,middle
2 % H2O,"BMSPA drift, spectrum 3",drift,96.07861111111112,24.0,-0.003682609438276,-0.001731751889806,0.004484647883529,0.435007964757871,M0-BEP,middle
2 % H2O,"MMSPA drift, spectrum 3",drift,96.07861111111112,24.0,-0.00118672061225,-5.622954077e-06,0.004003225761984,0.295036485173817,M0-BEP,middle
2 % H2O,"H3PO4 drift, spectrum 3",drift,96.07861111111112,24.0,0.004992993648261,-1.2726808e-08,0.005699827509141,-0.875992539609516,M0-BEP,middle
2 % H2O,"TMSPA drift, spectrum 4",drift,120.08305555555556,24.0,0.009425300236394,0.001272237365227,0.004873014369394,-1.673104623367103,M0-BEP,middle
2 % H2O,"BMSPA drift, spectrum 4",drift,120.08305555555556,24.0,-0.001223312036984,-0.001278977465887,0.004250826216246,-0.013095202219894,M0-BEP,middle
2 % H2O,"MMSPA drift, spectrum 4",drift,120.08305555555556,24.0,0.000498098700015,-5.304316397e-06,0.003806990686435,-0.132231218270514,M0-BEP,middle
2 % H2O,"H3PO4 drift, spectrum 4",drift,120.08305555555556,24.0,-0.004810503672134,-1.2610519e-08,0.005355295693576,0.898268057800398,M0-BEP,middle
2 % H2O,"TMSPA drift, spectrum 5",drift,144.08472222222224,24.0,-0.001265398001475,-0.000183479837166,0.004899665236702,0.220814711218365,M0-BEP,middle
2 % H2O,"BMSPA drift, spectrum 5",drift,144.08472222222224,24.0,0.00266915857246,0.000174324526924,0.004214024797198,-0.592031173426998,M0-BEP,middle
2 % H2O,"MMSPA drift, spectrum 5",drift,144.08472222222224,24.0,-0.000873972223684,-2.891239543e-06,0.003784076640901,0.230196443361006,M0-BEP,middle
2 % H2O,"H3PO4 drift, spectrum 5",drift,144.08472222222224,24.0,-0.00347436836134,-1.047779e-08,0.005335614685411,0.651163565661853,M0-BEP,middle
2 % H2O,"TMSPA drift, spectrum 6",drift,169.09472222222223,24.0,-0.000371994698065,-0.005040624063238,0.005050447769394,-0.924399098524563,M0-BEP,middle
2 % H2O,"BMSPA drift, spectrum 6",drift,169.09472222222223,24.0,0.004697041286556,0.005008024756358,0.004339733150695,0.071659583435951,M0-BEP,middle
2 % H2O,"MMSPA drift, spectrum 6",drift,169.09472222222223,24.0,-0.001601105714734,2.0491357247e-05,0.003902274585765,0.41555175996481,M0-BEP,middle
2 % H2O,"H3PO4 drift, spectrum 6",drift,169.09472222222223,24.0,-0.001235947479813,5.0922057e-08,0.005518629094116,0.223968377071719,M0-BEP,middle
TMSPa + TMSOH (A),TMSPA,share,24.06138888888889,24.0,0.105394727871932,0.999986441627755,0.044518461652812,20.094847857334045,M0-BEP,middle
TMSPa + TMSOH (A),BMSPA,share,24.06138888888889,24.0,0.68730822668682,1.3558280325e-05,0.066059782134018,-10.404131624475465,M0-BEP,middle
TMSPa + TMSOH (A),MMSPA,share,24.06138888888889,24.0,0.194086384440475,9.1919e-11,0.043088354664185,-4.504381424196742,M0-BEP,middle
TMSPa + TMSOH (A),H3PO4,share,24.06138888888889,24.0,0.009922308243863,4.28105418907583e-16,0.046829903699947,-0.211879749047478,M0-BEP,middle
"TMSOH, probe",TMSOH,share,24.220277777777778,24.0,0.963943245248599,0.99935429348725,0.145962663489997,0.242603467160477,M0-BEP,middle
"TMSOH, probe",HMDSO,share,24.220277777777778,24.0,0.017002434066569,1.0958376391e-05,0.038986013077977,-0.435835171352146,M0-BEP,middle
"TMSOH, probe",TMSOEG,share,24.220277777777778,24.0,0.016361410760644,0.000634748136359,0.034275666130286,-0.458828796047499,M0-BEP,middle
"TMSOH, probe",TMSOH,share,162.71138888888888,24.0,0.901392807248745,0.990045180387624,0.137481864823087,0.644829579908291,M0-BEP,middle
"TMSOH, probe",HMDSO,share,162.71138888888888,24.0,0.056034110436671,0.0002035871329,0.038576083055218,-1.447283365287605,M0-BEP,middle
"TMSOH, probe",TMSOEG,share,162.71138888888888,24.0,0.030938178019806,0.009751232479475,0.035422157315575,-0.598126911118835,M0-BEP,middle
"TMSOH, probe",TMSOH,share,168.04666666666665,24.0,0.931438713948405,0.979742427496068,0.141263592976031,0.341940287161317,M0-BEP,middle
"TMSOH, probe",HMDSO,share,168.04666666666665,24.0,0.063622719132554,0.000439394643737,0.041878295502661,-1.508736774752498,M0-BEP,middle
"TMSOH, probe",TMSOEG,share,168.04666666666665,24.0,0.004938566919041,0.019818177860195,0.03465714188641,0.429337508266632,M0-BEP,middle
"TMSOH, glovebox",TMSOH,share,8.085555555555555,,0.417673645346297,0.417793716565716,0.06726322570991,0.001785094576597,M0-BEP,middle
"TMSOH, glovebox",HMDSO,share,8.085555555555555,,0.160556834914945,0.009691156965411,0.063070233236669,-2.3920266377233,M0-BEP,middle
"TMSOH, glovebox",TMSOEG,share,8.085555555555555,,0.427057426127992,0.572515126468873,0.076614771598312,1.898559472362721,M0-BEP,middle
E1,ring_opened_fraction ≤ 0.02,limit,168.0,,0.02,0.006569196802339,0.01,0.0,M0-BEP,middle
0.5 % H2O,TMSPA,share,186.8636111111111,168.0,0.929993239108732,0.999814992513932,0.050382623962269,1.385830032542326,M0-BEP,long
0.5 % H2O,BMSPA,share,186.8636111111111,168.0,0.060206745977826,0.000184990370034,0.013578352713469,-4.420400388351394,M0-BEP,long
0.5 % H2O,MMSPA,share,186.8636111111111,168.0,-0.012788836128245,1.7114964e-08,0.016523762306206,0.773967393515807,M0-BEP,long
0.5 % H2O,H3PO4,share,186.8636111111111,168.0,0.02252833341213,1.07e-12,0.0295204054619,-0.763144443938503,M0-BEP,long
2 % H2O,TMSPA (mean of 6 spectra),mean,245.750787037037,168.0,-0.000765662665101,0.997040419532798,0.016618543172541,60.04173000233821,M0-BEP,long
2 % H2O,BMSPA (mean of 6 spectra),mean,245.750787037037,168.0,0.037118874863205,0.002964268456234,0.01210576350869,-2.821350869976488,M0-BEP,long
2 % H2O,MMSPA (mean of 6 spectra),mean,245.750787037037,168.0,0.315994642634203,8.173400686e-06,0.019615050041581,-16.109388890860224,M0-BEP,long
2 % H2O,H3PO4 (mean of 6 spectra),mean,245.750787037037,168.0,0.661593213609833,2.0083409e-08,0.033785844860775,-19.581963874300893,M0-BEP,long
2 % H2O,"TMSPA drift, spectrum 1",drift,168.07722222222222,168.0,-0.000305456514041,0.002262721096664,0.016447157398396,0.156147202127228,M0-BEP,long
2 % H2O,"BMSPA drift, spectrum 1",drift,168.07722222222222,168.0,0.010338222996301,-0.002267651950509,0.014063516710961,-0.896352968172273,M0-BEP,long
2 % H2O,"MMSPA drift, spectrum 1",drift,168.07722222222222,168.0,-0.004912709469829,-7.930592407e-06,0.012683427177254,0.386707694133162,M0-BEP,long
2 % H2O,"H3PO4 drift, spectrum 1",drift,168.07722222222222,168.0,0.003069523607814,-2.0026875e-08,0.01806042743821,-0.169959633856439,M0-BEP,long
2 % H2O,"TMSPA drift, spectrum 2",drift,201.08638888888888,168.0,-0.009093641193599,0.002102662372315,0.004971153901284,2.252254464103621,M0-BEP,long
2 % H2O,"BMSPA drift, spectrum 2",drift,201.08638888888888,168.0,-0.003661605318228,-0.002107717624004,0.004266281385167,0.364225318008014,M0-BEP,long
2 % H2O,"MMSPA drift, spectrum 2",drift,201.08638888888888,168.0,0.003448676878488,-7.80624308e-06,0.003819464322561,-0.904965416524778,M0-BEP,long
2 % H2O,"H3PO4 drift, spectrum 2",drift,201.08638888888888,168.0,0.004917027614622,-1.9978358e-08,0.005421931041222,-0.906881248691012,M0-BEP,long
2 % H2O,"TMSPA drift, spectrum 3",drift,240.07861111111112,168.0,0.001056379449513,0.001846966611644,0.005172384135828,0.152847727734388,M0-BEP,long
2 % H2O,"BMSPA drift, spectrum 3",drift,240.07861111111112,168.0,-0.003682609438276,-0.001852273788577,0.004484647883529,0.408133636627615,M0-BEP,long
2 % H2O,"MMSPA drift, spectrum 3",drift,240.07861111111112,168.0,-0.00118672061225,-7.554442756e-06,0.004003225761984,0.294554002097952,M0-BEP,long
2 % H2O,"H3PO4 drift, spectrum 3",drift,240.07861111111112,168.0,0.004992993648261,-1.9853439e-08,0.005699827509141,-0.875993789933443,M0-BEP,long
2 % H2O,"TMSPA drift, spectrum 4",drift,264.0830555555556,168.0,0.009425300236394,0.001359779902001,0.004873014369394,-1.655139862720442,M0-BEP,long
2 % H2O,"BMSPA drift, spectrum 4",drift,264.0830555555556,168.0,-0.001223312036984,-0.00136574825821,0.004250826216246,-0.033507890932335,M0-BEP,long
2 % H2O,"MMSPA drift, spectrum 4",drift,264.0830555555556,168.0,0.000498098700015,-6.893717265e-06,0.003806990686435,-0.132648713609707,M0-BEP,long
2 % H2O,"H3PO4 drift, spectrum 4",drift,264.0830555555556,168.0,-0.004810503672134,-1.9399653e-08,0.005355295693576,0.898266790058195,M0-BEP,long
2 % H2O,"TMSPA drift, spectrum 5",drift,288.08472222222224,168.0,-0.001265398001475,-0.000200363387077,0.004899665236702,0.217368853369864,M0-BEP,long
2 % H2O,"BMSPA drift, spectrum 5",drift,288.08472222222224,168.0,0.00266915857246,0.000190677504154,0.004214024797198,-0.588150565690486,M0-BEP,long
2 % H2O,"MMSPA drift, spectrum 5",drift,288.08472222222224,168.0,-0.000873972223684,-3.180778793e-06,0.003784076640901,0.230119928195649,M0-BEP,long
2 % H2O,"H3PO4 drift, spectrum 5",drift,288.08472222222224,168.0,-0.00347436836134,-1.4811411e-08,0.005335614685411,0.651162753455422,M0-BEP,long
2 % H2O,"TMSPA drift, spectrum 6",drift,313.09472222222223,168.0,-0.000371994698065,-0.005392264774017,0.005050447769394,-0.994024748929302,M0-BEP,long
2 % H2O,"BMSPA drift, spectrum 6",drift,313.09472222222223,168.0,0.004697041286556,0.005352602619697,0.004339733150695,0.151060286514591,M0-BEP,long
2 % H2O,"MMSPA drift, spectrum 6",drift,313.09472222222223,168.0,-0.001601105714734,2.6703056778e-05,0.003902274585765,0.417143575044596,M0-BEP,long
2 % H2O,"H3PO4 drift, spectrum 6",drift,313.09472222222223,168.0,-0.001235947479813,7.7624415e-08,0.005518629094116,0.223973215657081,M0-BEP,long
TMSPa + TMSOH (A),TMSPA,share,168.0613888888889,168.0,0.105394727871932,0.999897532750206,0.044518461652812,20.0928507335735,M0-BEP,long
TMSPa + TMSOH (A),BMSPA,share,168.0613888888889,168.0,0.68730822668682,0.000102461999839,0.066059782134018,-10.402785817440657,M0-BEP,long
TMSPa + TMSOH (A),MMSPA,share,168.0613888888889,168.0,0.194086384440475,5.249776e-09,0.043088354664185,-4.504381304492543,M0-BEP,long
TMSPa + TMSOH (A),H3PO4,share,168.0613888888889,168.0,0.009922308243863,1.79e-13,0.046829903699947,-0.211879749043659,M0-BEP,long
"TMSOH, probe",TMSOH,share,168.22027777777777,168.0,0.963943245248599,0.995150213206989,0.145962663489997,0.213801031114569,M0-BEP,long
"TMSOH, probe",HMDSO,share,168.22027777777777,168.0,0.017002434066569,8.213628145e-05,0.038986013077977,-0.43400944208569,M0-BEP,long
"TMSOH, probe",TMSOEG,share,168.22027777777777,168.0,0.016361410760644,0.004767650511561,0.034275666130286,-0.338250472069999,M0-BEP,long
"TMSOH, probe",TMSOH,share,306.7113888888889,168.0,0.901392807248745,0.985187506266076,0.137481864823087,0.609496380669252,M0-BEP,long
"TMSOH, probe",HMDSO,share,306.7113888888889,168.0,0.056034110436671,0.000287163806082,0.038576083055218,-1.445116824089985,M0-BEP,long
"TMSOH, probe",TMSOEG,share,306.7113888888889,168.0,0.030938178019806,0.014525329927842,0.035422157315575,-0.463349760031328,M0-BEP,long
"TMSOH, probe",TMSOH,share,312.0466666666667,168.0,0.931438713948405,0.974224489971899,0.141263592976031,0.30287900174501,M0-BEP,long
"TMSOH, probe",HMDSO,share,312.0466666666667,168.0,0.063622719132554,0.00053678114809,0.041878295502661,-1.506411309898112,M0-BEP,long
"TMSOH, probe",TMSOEG,share,312.0466666666667,168.0,0.004938566919041,0.025238728880012,0.03465714188641,0.585742529707314,M0-BEP,long
"TMSOH, glovebox",TMSOH,share,8.085555555555555,,0.417673645346297,0.393450050863648,0.06726322570991,-0.360131323274912,M0-BEP,long
"TMSOH, glovebox",HMDSO,share,8.085555555555555,,0.160556834914945,0.009925903692808,0.063070233236669,-2.388304648516178,M0-BEP,long
"TMSOH, glovebox",TMSOEG,share,8.085555555555555,,0.427057426127992,0.596624045443544,0.076614771598312,2.213236635417809,M0-BEP,long
E1,ring_opened_fraction ≤ 0.02,limit,168.0,,0.02,0.007112709095357,0.01,0.0,M0-BEP,long
0.5 % H2O,TMSPA,share,186.8636111111111,168.0,0.929993239108732,0.999814807213627,0.050382623962269,1.385826354680979,M0-BEP,free
0.5 % H2O,BMSPA,share,186.8636111111111,168.0,0.060206745977826,0.000185175636658,0.013578352713469,-4.420386744087764,M0-BEP,free
0.5 % H2O,MMSPA,share,186.8636111111111,168.0,-0.012788836128245,1.7148643e-08,0.016523762306206,0.773967395553974,M0-BEP,free
0.5 % H2O,H3PO4,share,186.8636111111111,168.0,0.02252833341213,1.073e-12,0.0295204054619,-0.763144443938399,M0-BEP,free
2 % H2O,TMSPA (mean of 6 spectra),mean,245.75078686487188,167.99999982783484,-0.000765662665101,0.997037737951592,0.016618543172541,60.04156864155114,M0-BEP,free
2 % H2O,BMSPA (mean of 6 spectra),mean,245.75078686487188,167.99999982783484,0.037118874863205,0.00296694635608,0.01210576350869,-2.821129661306389,M0-BEP,free
2 % H2O,MMSPA (mean of 6 spectra),mean,245.75078686487188,167.99999982783484,0.315994642634203,8.187787264e-06,0.019615050041581,-16.109388157414315,M0-BEP,free
2 % H2O,H3PO4 (mean of 6 spectra),mean,245.75078686487188,167.99999982783484,0.661593213609833,2.013604e-08,0.033785844860775,-19.581963872743128,M0-BEP,free
2 % H2O,"TMSPA drift, spectrum 1",drift,168.07722205005706,167.99999982783484,-0.000305456514041,0.002264705527025,0.016447157398396,0.15626785704117,M0-BEP,free
2 % H2O,"BMSPA drift, spectrum 1",drift,168.07722205005706,167.99999982783484,0.010338222996301,-0.00226963318574,0.014063516710961,-0.896493845825551,M0-BEP,free
2 % H2O,"MMSPA drift, spectrum 1",drift,168.07722205005706,167.99999982783484,-0.004912709469829,-7.944492924e-06,0.012683427177254,0.386706598174085,M0-BEP,free
2 % H2O,"H3PO4 drift, spectrum 1",drift,168.07722205005706,167.99999982783484,0.003069523607814,-2.0079336e-08,0.01806042743821,-0.169959636761186,M0-BEP,free
2 % H2O,"TMSPA drift, spectrum 2",drift,201.08638871672372,167.99999982783484,-0.009093641193599,0.00210448804488,0.004971153901284,2.252621717381619,M0-BEP,free
2 % H2O,"BMSPA drift, spectrum 2",drift,201.08638871672372,167.99999982783484,-0.003661605318228,-0.002109540349338,0.004266281385167,0.363798078177967,M0-BEP,free
2 % H2O,"MMSPA drift, spectrum 2",drift,201.08638871672372,167.99999982783484,0.003448676878488,-7.819895845e-06,0.003819464322561,-0.90496899104815,M0-BEP,free
2 % H2O,"H3PO4 drift, spectrum 2",drift,201.08638871672372,167.99999982783484,0.004917027614622,-2.0030673e-08,0.005421931041222,-0.906881258339913,M0-BEP,free
2 % H2O,"TMSPA drift, spectrum 3",drift,240.07861093894596,167.99999982783484,0.001056379449513,0.001848544750014,0.005172384135828,0.153152836235352,M0-BEP,free
2 % H2O,"BMSPA drift, spectrum 3",drift,240.07861093894596,167.99999982783484,-0.003682609438276,-0.001853849474589,0.004484647883529,0.407782285517529,M0-BEP,free
2 % H2O,"MMSPA drift, spectrum 3",drift,240.07861093894596,167.99999982783484,-0.00118672061225,-7.567601016e-06,0.004003225761984,0.294550715183522,M0-BEP,free
2 % H2O,"H3PO4 drift, spectrum 3",drift,240.07861093894596,167.99999982783484,0.004992993648261,-1.9905385e-08,0.005699827509141,-0.875993799047017,M0-BEP,free
2 % H2O,"TMSPA drift, spectrum 4",drift,264.0830553833904,167.99999982783484,0.009425300236394,0.00136091488949,0.004873014369394,-1.654906949906443,M0-BEP,free
2 % H2O,"BMSPA drift, spectrum 4",drift,264.0830553833904,167.99999982783484,-0.001223312036984,-0.001366882041764,0.004250826216246,-0.033774611681688,M0-BEP,free
2 % H2O,"MMSPA drift, spectrum 4",drift,264.0830553833904,167.99999982783484,0.000498098700015,-6.905628403e-06,0.003806990686435,-0.132651842364022,M0-BEP,free
2 % H2O,"H3PO4 drift, spectrum 4",drift,264.0830553833904,167.99999982783484,-0.004810503672134,-1.9450299e-08,0.005355295693576,0.89826678060106,M0-BEP,free
2 % H2O,"TMSPA drift, spectrum 5",drift,288.0847220500571,167.99999982783484,-0.001265398001475,-0.000200583907634,0.004899665236702,0.217323846099788,M0-BEP,free
2 % H2O,"BMSPA drift, spectrum 5",drift,288.0847220500571,167.99999982783484,0.00266915857246,0.000190892516843,0.004214024797198,-0.588099542571446,M0-BEP,free
2 % H2O,"MMSPA drift, spectrum 5",drift,288.0847220500571,167.99999982783484,-0.000873972223684,-3.185990692e-06,0.003784076640901,0.2301185508718,M0-BEP,free
2 % H2O,"H3PO4 drift, spectrum 5",drift,288.0847220500571,167.99999982783484,-0.00347436836134,-1.4849492e-08,0.005335614685411,0.651162746318167,M0-BEP,free
2 % H2O,"TMSPA drift, spectrum 6",drift,313.0947220500571,167.99999982783484,-0.000371994698065,-0.005396825721288,0.005050447769394,-0.994927826731289,M0-BEP,free
2 % H2O,"BMSPA drift, spectrum 6",drift,313.0947220500571,167.99999982783484,0.004697041286556,0.005357106479388,0.004339733150695,0.152098106015223,M0-BEP,free
2 % H2O,"MMSPA drift, spectrum 6",drift,313.0947220500571,167.99999982783484,-0.001601105714734,2.6749184195e-05,0.003902274585765,0.417155395693371,M0-BEP,free
2 % H2O,"H3PO4 drift, spectrum 6",drift,313.0947220500571,167.99999982783484,-0.001235947479813,7.7826728e-08,0.005518629094116,0.223973252317144,M0-BEP,free
TMSPa + TMSOH (A),TMSPA,share,168.0613888888889,168.0,0.105394727871932,0.999897430121333,0.044518461652812,20.092848428263103,M0-BEP,free
TMSPa + TMSOH (A),BMSPA,share,168.0613888888889,168.0,0.68730822668682,0.00010256461819,0.066059782134018,-10.402784264024227,M0-BEP,free
TMSPa + TMSOH (A),MMSPA,share,168.0613888888889,168.0,0.194086384440475,5.260297e-09,0.043088354664185,-4.504381304248366,M0-BEP,free
TMSPa + TMSOH (A),H3PO4,share,168.0613888888889,168.0,0.009922308243863,1.8e-13,0.046829903699947,-0.211879749043648,M0-BEP,free
"TMSOH, probe",TMSOH,share,1.220277777777778,1.0,0.963943245248599,0.999964697735361,0.145962663489997,0.246785387615452,M0-BEP,free
"TMSOH, probe",HMDSO,share,1.220277777777778,1.0,0.017002434066569,5.99299383e-07,0.038986013077977,-0.436100884006268,M0-BEP,free
"TMSOH, probe",TMSOEG,share,1.220277777777778,1.0,0.016361410760644,3.4702965256e-05,0.034275666130286,-0.476335244173761,M0-BEP,free
"TMSOH, probe",TMSOH,share,139.71138888888888,1.0,0.901392807248745,0.989943801201006,0.137481864823087,0.644092179475524,M0-BEP,free
"TMSOH, probe",HMDSO,share,139.71138888888888,1.0,0.056034110436671,0.000207797648506,0.038576083055218,-1.447174216943044,M0-BEP,free
"TMSOH, probe",TMSOEG,share,139.71138888888888,1.0,0.030938178019806,0.009848401150488,0.035422157315575,-0.595383750386211,M0-BEP,free
"TMSOH, probe",TMSOH,share,145.04666666666665,1.0,0.931438713948405,0.978917426369817,0.141263592976031,0.336100133241466,M0-BEP,free
"TMSOH, probe",HMDSO,share,145.04666666666665,1.0,0.063622719132554,0.00046004005424,0.041878295502661,-1.50824378882135,M0-BEP,free
"TMSOH, probe",TMSOEG,share,145.04666666666665,1.0,0.004938566919041,0.020622533575943,0.03465714188641,0.452546453723938,M0-BEP,free
"TMSOH, glovebox",TMSOH,share,8.085555555555555,,0.417673645346297,0.393146545045428,0.06726322570991,-0.364643533550538,M0-BEP,free
"TMSOH, glovebox",HMDSO,share,8.085555555555555,,0.160556834914945,0.009928742890443,0.063070233236669,-2.388259632071984,M0-BEP,free
"TMSOH, glovebox",TMSOEG,share,8.085555555555555,,0.427057426127992,0.596924712064129,0.076614771598312,2.217161030339479,M0-BEP,free
E1,ring_opened_fraction ≤ 0.02,limit,168.0,,0.02,0.007119743511729,0.01,0.0,M0-BEP,free
0.5 % H2O,TMSPA,share,19.863611111111112,1.0,0.929993239108732,0.999922773860792,0.050382623962269,1.387969288864907,M0-Marcus,short
0.5 % H2O,BMSPA,share,19.863611111111112,1.0,0.060206745977826,7.722613087e-05,0.013578352713469,-4.428336862048771,M0-Marcus,short
0.5 % H2O,MMSPA,share,19.863611111111112,1.0,-0.012788836128245,8.339e-12,0.016523762306206,0.77396635824155,M0-Marcus,short
0.5 % H2O,H3PO4,share,19.863611111111112,1.0,0.02252833341213,9.30222675028886e-19,0.0295204054619,-0.763144443974733,M0-Marcus,short
2 % H2O,TMSPA (mean of 6 spectra),mean,78.75078703703704,1.0,-0.000765662665101,0.992479975431206,0.016618543172541,59.767310996156745,M0-Marcus,short
2 % H2O,BMSPA (mean of 6 spectra),mean,78.75078703703704,1.0,0.037118874863205,0.007559985211403,0.01210576350869,-2.441720394635488,M0-Marcus,short
2 % H2O,MMSPA (mean of 6 spectra),mean,78.75078703703704,1.0,0.315994642634203,4.64468871e-07,0.019615050041581,-16.109781901930766,M0-Marcus,short
2 % H2O,H3PO4 (mean of 6 spectra),mean,78.75078703703704,1.0,0.661593213609833,3.3838e-11,0.033785844860775,-19.581964467732003,M0-Marcus,short
2 % H2O,"TMSPA drift, spectrum 1",drift,1.077222222222222,1.0,-0.000305456514041,0.007502502758806,0.016447157398396,0.474730014659456,M0-Marcus,short
2 % H2O,"BMSPA drift, spectrum 1",drift,1.077222222222222,1.0,0.010338222996301,-0.007542463401872,0.014063516710961,-1.271423553984722,M0-Marcus,short
2 % H2O,"MMSPA drift, spectrum 1",drift,1.077222222222222,1.0,-0.004912709469829,-4.64468413e-07,0.012683427177254,0.387296346071618,M0-Marcus,short
2 % H2O,"H3PO4 drift, spectrum 1",drift,1.077222222222222,1.0,0.003069523607814,-3.3838e-11,0.01806042743821,-0.169958526848446,M0-Marcus,short
2 % H2O,"TMSPA drift, spectrum 2",drift,34.08638888888889,1.0,-0.009093641193599,0.006881231315774,0.004971153901284,3.213513970115793,M0-Marcus,short
2 % H2O,"BMSPA drift, spectrum 2",drift,34.08638888888889,1.0,-0.003661605318228,-0.006921192572212,0.004266281385167,-0.764034755259473,M0-Marcus,short
2 % H2O,"MMSPA drift, spectrum 2",drift,34.08638888888889,1.0,0.003448676878488,-4.63855042e-07,0.003819464322561,-0.90304305584325,M0-Marcus,short
2 % H2O,"H3PO4 drift, spectrum 2",drift,34.08638888888889,1.0,0.004917027614622,-3.3837e-11,0.005421931041222,-0.90687757020075,M0-Marcus,short
2 % H2O,"TMSPA drift, spectrum 3",drift,73.07861111111112,1.0,0.001056379449513,0.005919661170254,0.005172384135828,0.940239857100526,M0-Marcus,short
2 % H2O,"BMSPA drift, spectrum 3",drift,73.07861111111112,1.0,-0.003682609438276,-0.005959626243989,0.004484647883529,-0.507735917032997,M0-Marcus,short
2 % H2O,"MMSPA drift, spectrum 3",drift,73.07861111111112,1.0,-0.00118672061225,-4.60037755e-07,0.004003225761984,0.296326174196799,M0-Marcus,short
2 % H2O,"H3PO4 drift, spectrum 3",drift,73.07861111111112,1.0,0.004992993648261,-3.3826e-11,0.005699827509141,-0.875990312703201,M0-Marcus,short
2 % H2O,"TMSPA drift, spectrum 4",drift,97.08305555555556,1.0,0.009425300236394,0.00422847480466,0.004873014369394,-1.066449847628909,M0-Marcus,short
2 % H2O,"BMSPA drift, spectrum 4",drift,97.08305555555556,1.0,-0.001223312036984,-0.004268460158998,0.004250826216246,-0.716366176151049,M0-Marcus,short
2 % H2O,"MMSPA drift, spectrum 4",drift,97.08305555555556,1.0,0.000498098700015,-4.39757309e-07,0.003806990686435,-0.130953421845828,M0-Marcus,short
2 % H2O,"H3PO4 drift, spectrum 4",drift,97.08305555555556,1.0,-0.004810503672134,-3.367e-11,0.005355295693576,0.898270406288489,M0-Marcus,short
2 % H2O,"TMSPA drift, spectrum 5",drift,121.08472222222224,1.0,-0.001265398001475,-0.000881940706201,0.004899665236702,0.078261937652829,M0-Marcus,short
2 % H2O,"BMSPA drift, spectrum 5",drift,121.08472222222224,1.0,0.00266915857246,0.000841772036584,0.004214024797198,-0.433643992102485,M0-Marcus,short
2 % H2O,"MMSPA drift, spectrum 5",drift,121.08472222222224,1.0,-0.000873972223684,-2.56446486e-07,0.003784076640901,0.230892727635073,M0-Marcus,short
2 % H2O,"H3PO4 drift, spectrum 5",drift,121.08472222222224,1.0,-0.00347436836134,-2.9214e-11,0.005335614685411,0.651165523932267,M0-Marcus,short
2 % H2O,"TMSPA drift, spectrum 6",drift,146.09472222222223,1.0,-0.000371994698065,-0.017058733313614,0.005050447769394,-3.304011718856392,M0-Marcus,short
2 % H2O,"BMSPA drift, spectrum 6",drift,146.09472222222223,1.0,0.004697041286556,0.017016607986899,0.004339733150695,2.838784384327766,M0-Marcus,short
2 % H2O,"MMSPA drift, spectrum 6",drift,146.09472222222223,1.0,-0.001601105714734,1.700044466e-06,0.003902274585765,0.410736283153089,M0-Marcus,short
2 % H2O,"H3PO4 drift, spectrum 6",drift,146.09472222222223,1.0,-0.001235947479813,1.36932e-10,0.005518629094116,0.223959174582371,M0-Marcus,short
TMSPa + TMSOH (A),TMSPA,share,1.061388888888889,1.0,0.105394727871932,0.999999600718952,0.044518461652812,20.095143444618696,M0-Marcus,short
TMSPa + TMSOH (A),BMSPA,share,1.061388888888889,1.0,0.68730822668682,3.99281048e-07,0.066059782134018,-10.404330822820542,M0-Marcus,short
TMSPa + TMSOH (A),MMSPA,share,1.061388888888889,1.0,0.194086384440475,2.6945148504632e-16,0.043088354664185,-4.504381426330008,M0-Marcus,short
TMSPa + TMSOH (A),H3PO4,share,1.061388888888889,1.0,0.009922308243863,2.4192076078383e-25,0.046829903699947,-0.211879749047487,M0-Marcus,short
"TMSOH, probe",TMSOH,share,1.220277777777778,1.0,0.963943245248599,0.999999954549924,0.145962663489997,0.247026934417352,M0-Marcus,short
"TMSOH, probe",HMDSO,share,1.220277777777778,1.0,0.017002434066569,3.04912e-10,0.038986013077977,-0.43611624834912,M0-Marcus,short
"TMSOH, probe",TMSOEG,share,1.220277777777778,1.0,0.016361410760644,4.5145164e-08,0.034275666130286,-0.477346393598535,M0-Marcus,short
"TMSOH, probe",TMSOH,share,139.71138888888888,1.0,0.901392807248745,0.999971871084042,0.137481864823087,0.717033217160314,M0-Marcus,short
"TMSOH, probe",HMDSO,share,139.71138888888888,1.0,0.056034110436671,2.81505068e-07,0.038576083055218,-1.452553615964467,M0-Marcus,short
"TMSOH, probe",TMSOEG,share,139.71138888888888,1.0,0.030938178019806,2.784741089e-05,0.035422157315575,-0.872626992578019,M0-Marcus,short
"TMSOH, probe",TMSOH,share,145.04666666666665,1.0,0.931438713948405,0.999929912554626,0.141263592976031,0.484846782977139,M0-Marcus,short
"TMSOH, probe",HMDSO,share,145.04666666666665,1.0,0.063622719132554,7.32012616e-07,0.041878295502661,-1.519211475927788,M0-Marcus,short
"TMSOH, probe",TMSOEG,share,145.04666666666665,1.0,0.004938566919041,6.9355432759e-05,0.03465714188641,-0.140496625550976,M0-Marcus,short
"TMSOH, glovebox",TMSOH,share,8.085555555555555,,0.417673645346297,0.996437160496308,0.06726322570991,8.60445673013187,M0-Marcus,short
"TMSOH, glovebox",HMDSO,share,8.085555555555555,,0.160556834914945,3.8255511822e-05,0.063070233236669,-2.545076673504306,M0-Marcus,short
"TMSOH, glovebox",TMSOEG,share,8.085555555555555,,0.427057426127992,0.003524583991869,0.076614771598312,-5.528083335635146,M0-Marcus,short
E1,ring_opened_fraction ≤ 0.02,limit,168.0,,0.02,9.795405937e-06,0.01,0.0,M0-Marcus,short
0.5 % H2O,TMSPA,share,42.86361111111111,24.0,0.929993239108732,0.999823820945964,0.050382623962269,1.386005260256517,M0-Marcus,middle
0.5 % H2O,BMSPA,share,42.86361111111111,24.0,0.060206745977826,0.000176179010663,0.013578352713469,-4.421049315327815,M0-Marcus,middle
0.5 % H2O,MMSPA,share,42.86361111111111,24.0,-0.012788836128245,4.3373e-11,0.016523762306206,0.77396636036181,M0-Marcus,middle
0.5 % H2O,H3PO4,share,42.86361111111111,24.0,0.02252833341213,1.04812391722244e-17,0.0295204054619,-0.763144443974733,M0-Marcus,middle
2 % H2O,TMSPA (mean of 6 spectra),mean,101.75078703703703,24.0,-0.000765662665101,0.99171228444147,0.016618543172541,59.72111615333778,M0-Marcus,middle
2 % H2O,BMSPA (mean of 6 spectra),mean,101.75078703703703,24.0,0.037118874863205,0.008329498575858,0.01210576350869,-2.378154526699737,M0-Marcus,middle
2 % H2O,MMSPA (mean of 6 spectra),mean,101.75078703703703,24.0,0.315994642634203,5.29617577e-07,0.019615050041581,-16.10977858056751,M0-Marcus,middle
2 % H2O,H3PO4 (mean of 6 spectra),mean,101.75078703703703,24.0,0.661593213609833,4.0701e-11,0.033785844860775,-19.581964467528866,M0-Marcus,middle
2 % H2O,"TMSPA drift, spectrum 1",drift,24.077222222222222,24.0,-0.000305456514041,0.007873760450579,0.016447157398396,0.49730277193174,M0-Marcus,middle
2 % H2O,"BMSPA drift, spectrum 1",drift,24.077222222222222,24.0,0.010338222996301,-0.007915543708602,0.014063516710961,-1.297951791153091,M0-Marcus,middle
2 % H2O,"MMSPA drift, spectrum 1",drift,24.077222222222222,24.0,-0.004912709469829,-5.29376882e-07,0.012683427177254,0.387291228490365,M0-Marcus,middle
2 % H2O,"H3PO4 drift, spectrum 1",drift,24.077222222222222,24.0,0.003069523607814,-4.0701e-11,0.01806042743821,-0.169958527228454,M0-Marcus,middle
2 % H2O,"TMSPA drift, spectrum 2",drift,57.08638888888889,24.0,-0.009093641193599,0.007217516346735,0.004971153901284,3.281161248320973,M0-Marcus,middle
2 % H2O,"BMSPA drift, spectrum 2",drift,57.08638888888889,24.0,-0.003661605318228,-0.007259301057094,0.004266281385167,-0.843286087826821,M0-Marcus,middle
2 % H2O,"MMSPA drift, spectrum 2",drift,57.08638888888889,24.0,0.003448676878488,-5.27924549e-07,0.003819464322561,-0.903059830317765,M0-Marcus,middle
2 % H2O,"H3PO4 drift, spectrum 2",drift,57.08638888888889,24.0,0.004917027614622,-4.0698e-11,0.005421931041222,-0.906877571466212,M0-Marcus,middle
2 % H2O,"TMSPA drift, spectrum 3",drift,96.07861111111112,24.0,0.001056379449513,0.006203095383688,0.005172384135828,0.995037452559722,M0-Marcus,middle
2 % H2O,"BMSPA drift, spectrum 3",drift,96.07861111111112,24.0,-0.003682609438276,-0.00624488572641,0.004484647883529,-0.57134391699847,M0-Marcus,middle
2 % H2O,"MMSPA drift, spectrum 3",drift,96.07861111111112,24.0,-0.00118672061225,-5.22292207e-07,0.004003225761984,0.296310623124796,M0-Marcus,middle
2 % H2O,"H3PO4 drift, spectrum 3",drift,96.07861111111112,24.0,0.004992993648261,-4.0677e-11,0.005699827509141,-0.87599031390515,M0-Marcus,middle
2 % H2O,"TMSPA drift, spectrum 4",drift,120.08305555555556,24.0,0.009425300236394,0.004424784578713,0.004873014369394,-1.02616476755905,M0-Marcus,middle
2 % H2O,"BMSPA drift, spectrum 4",drift,120.08305555555556,24.0,-0.001223312036984,-0.004466600815998,0.004250826216246,-0.762978445606441,M0-Marcus,middle
2 % H2O,"MMSPA drift, spectrum 4",drift,120.08305555555556,24.0,0.000498098700015,-4.96397876e-07,0.003806990686435,-0.130968299887632,M0-Marcus,middle
2 % H2O,"H3PO4 drift, spectrum 4",drift,120.08305555555556,24.0,-0.004810503672134,-4.0446e-11,0.005355295693576,0.898270405023324,M0-Marcus,middle
2 % H2O,"TMSPA drift, spectrum 5",drift,144.08472222222224,24.0,-0.001265398001475,-0.00093561440551,0.004899665236702,0.067307373061825,M0-Marcus,middle
2 % H2O,"BMSPA drift, spectrum 5",drift,144.08472222222224,24.0,0.00266915857246,0.000893582914338,0.004214024797198,-0.421349124310371,M0-Marcus,middle
2 % H2O,"MMSPA drift, spectrum 5",drift,144.08472222222224,24.0,-0.000873972223684,-2.81149712e-07,0.003784076640901,0.230886199430639,M0-Marcus,middle
2 % H2O,"H3PO4 drift, spectrum 5",drift,144.08472222222224,24.0,-0.00347436836134,-3.4721e-11,0.005335614685411,0.651165522900044,M0-Marcus,middle
2 % H2O,"TMSPA drift, spectrum 6",drift,169.09472222222223,24.0,-0.000371994698065,-0.017864904751192,0.005050447769394,-3.463635473895177,M0-Marcus,middle
2 % H2O,"BMSPA drift, spectrum 6",drift,169.09472222222223,24.0,0.004697041286556,0.017820673908795,0.004339733150695,3.024064422057132,M0-Marcus,middle
2 % H2O,"MMSPA drift, spectrum 6",drift,169.09472222222223,24.0,-0.001601105714734,1.918002601e-06,0.003902274585765,0.410792137278649,M0-Marcus,middle
2 % H2O,"H3PO4 drift, spectrum 6",drift,169.09472222222223,24.0,-0.001235947479813,1.6419e-10,0.005518629094116,0.223959179521638,M0-Marcus,middle
TMSPa + TMSOH (A),TMSPA,share,24.06138888888889,24.0,0.105394727871932,0.999990427565784,0.044518461652812,20.094937391830097,M0-Marcus,middle
TMSPa + TMSOH (A),BMSPA,share,24.06138888888889,24.0,0.68730822668682,9.572434102e-06,0.066059782134018,-10.404191961432304,M0-Marcus,middle
TMSPa + TMSOH (A),MMSPA,share,24.06138888888889,24.0,0.194086384440475,1.14e-13,0.043088354664185,-4.504381426327366,M0-Marcus,middle
TMSPa + TMSOH (A),H3PO4,share,24.06138888888889,24.0,0.009922308243863,1.40176657190933e-21,0.046829903699947,-0.211879749047487,M0-Marcus,middle
"TMSOH, probe",TMSOH,share,24.220277777777778,24.0,0.963943245248599,0.999999045942604,0.145962663489997,0.247020709487645,M0-Marcus,middle
"TMSOH, probe",HMDSO,share,24.220277777777778,24.0,0.017002434066569,6.400411e-09,0.038986013077977,-0.436116091998196,M0-Marcus,middle
"TMSOH, probe",TMSOEG,share,24.220277777777778,24.0,0.016361410760644,9.47656985e-07,0.034275666130286,-0.477320062620241,M0-Marcus,middle
"TMSOH, probe",TMSOH,share,162.71138888888888,24.0,0.901392807248745,0.999969564545032,0.137481864823087,0.717016440118387,M0-Marcus,middle
"TMSOH, probe",HMDSO,share,162.71138888888888,24.0,0.056034110436671,3.01431161e-07,0.038576083055218,-1.45255309942439,M0-Marcus,middle
"TMSOH, probe",TMSOEG,share,162.71138888888888,24.0,0.030938178019806,3.0134023807e-05,0.035422157315575,-0.872562439397448,M0-Marcus,middle
"TMSOH, probe",TMSOH,share,168.04666666666665,24.0,0.931438713948405,0.999925589377072,0.141263592976031,0.48481617935548,M0-Marcus,middle
"TMSOH, probe",HMDSO,share,168.04666666666665,24.0,0.063622719132554,7.73577075e-07,0.041878295502661,-1.519210483421785,M0-Marcus,middle
"TMSOH, probe",TMSOEG,share,168.04666666666665,24.0,0.004938566919041,7.3637045853e-05,0.03465714188641,-0.140373083537381,M0-Marcus,middle
"TMSOH, glovebox",TMSOH,share,8.085555555555555,,0.417673645346297,0.996266390342764,0.06726322570991,8.601917896292989,M0-Marcus,middle
"TMSOH, glovebox",HMDSO,share,8.085555555555555,,0.160556834914945,4.0085304244e-05,0.063070233236669,-2.545047661523095,M0-Marcus,middle
"TMSOH, glovebox",TMSOEG,share,8.085555555555555,,0.427057426127992,0.003693524352992,0.076614771598312,-5.525878273117846,M0-Marcus,middle
E1,ring_opened_fraction ≤ 0.02,limit,168.0,,0.02,1.0355005631e-05,0.01,0.0,M0-Marcus,middle
0.5 % H2O,TMSPA,share,186.8636111111111,168.0,0.929993239108732,0.998950337206366,0.050382623962269,1.368668256525787,M0-Marcus,long
0.5 % H2O,BMSPA,share,186.8636111111111,168.0,0.060206745977826,0.001049661250885,0.013578352713469,-4.356720286714786,M0-Marcus,long
0.5 % H2O,MMSPA,share,186.8636111111111,168.0,-0.012788836128245,1.542746e-09,0.016523762306206,0.773966451102218,M0-Marcus,long
0.5 % H2O,H3PO4,share,186.8636111111111,168.0,0.02252833341213,2e-15,0.0295204054619,-0.763144443974658,M0-Marcus,long
2 % H2O,TMSPA (mean of 6 spectra),mean,245.750787037037,168.0,-0.000765662665101,0.985745714749467,0.016618543172541,59.36208530267565,M0-Marcus,long
2 % H2O,BMSPA (mean of 6 spectra),mean,245.750787037037,168.0,0.037118874863205,0.014307710489175,0.01210576350869,-1.88432264992257,M0-Marcus,long
2 % H2O,MMSPA (mean of 6 spectra),mean,245.750787037037,168.0,0.315994642634203,1.133216091e-06,0.019615050041581,-16.10974780835368,M0-Marcus,long
2 % H2O,H3PO4 (mean of 6 spectra),mean,245.750787037037,168.0,0.661593213609833,1.1688e-10,0.033785844860775,-19.58196446527411,M0-Marcus,long
2 % H2O,"TMSPA drift, spectrum 1",drift,168.07722222222222,168.0,-0.000305456514041,0.010311402775433,0.016447157398396,0.645513326850597,M0-Marcus,long
2 % H2O,"BMSPA drift, spectrum 1",drift,168.07722222222222,168.0,0.010338222996301,-0.010364849940057,0.014063516710961,-1.472112087030298,M0-Marcus,long
2 % H2O,"MMSPA drift, spectrum 1",drift,168.07722222222222,168.0,-0.004912709469829,-1.111290227e-06,0.012683427177254,0.387245348671221,M0-Marcus,long
2 % H2O,"H3PO4 drift, spectrum 1",drift,168.07722222222222,168.0,0.003069523607814,-1.16762e-10,0.01806042743821,-0.169958531439942,M0-Marcus,long
2 % H2O,"TMSPA drift, spectrum 2",drift,201.08638888888888,168.0,-0.009093641193599,0.009419986216511,0.004971153901284,3.724211275238732,M0-Marcus,long
2 % H2O,"BMSPA drift, spectrum 2",drift,201.08638888888888,168.0,-0.003661605318228,-0.0094734450292,0.004266281385167,-1.362272945984841,M0-Marcus,long
2 % H2O,"MMSPA drift, spectrum 2",drift,201.08638888888888,168.0,0.003448676878488,-1.099642268e-06,0.003819464322561,-0.903209515632523,M0-Marcus,long
2 % H2O,"H3PO4 drift, spectrum 2",drift,201.08638888888888,168.0,0.004917027614622,-1.16657e-10,0.005421931041222,-0.906877585475668,M0-Marcus,long
2 % H2O,"TMSPA drift, spectrum 3",drift,240.07861111111112,168.0,0.001056379449513,0.008051724190216,0.005172384135828,1.352441071081075,M0-Marcus,long
2 % H2O,"BMSPA drift, spectrum 3",drift,240.07861111111112,168.0,-0.003682609438276,-0.008105209278076,0.004484647883529,-0.986164344372111,M0-Marcus,long
2 % H2O,"MMSPA drift, spectrum 3",drift,240.07861111111112,168.0,-0.00118672061225,-1.073367408e-06,0.004003225761984,0.296172965337469,M0-Marcus,long
2 % H2O,"H3PO4 drift, spectrum 3",drift,240.07861111111112,168.0,0.004992993648261,-1.16345e-10,0.005699827509141,-0.875990327180667,M0-Marcus,long
2 % H2O,"TMSPA drift, spectrum 4",drift,264.0830555555556,168.0,0.009425300236394,0.0056969273892,0.004873014369394,-0.765106064659068,M0-Marcus,long
2 % H2O,"BMSPA drift, spectrum 4",drift,264.0830555555556,168.0,-0.001223312036984,-0.005750497418658,0.004250826216246,-1.065013047198454,M0-Marcus,long
2 % H2O,"MMSPA drift, spectrum 4",drift,264.0830555555556,168.0,0.000498098700015,-9.88427419e-07,0.003806990686435,-0.131097543582575,M0-Marcus,long
2 % H2O,"H3PO4 drift, spectrum 4",drift,264.0830555555556,168.0,-0.004810503672134,-1.14736e-10,0.005355295693576,0.898270391150966,M0-Marcus,long
2 % H2O,"TMSPA drift, spectrum 5",drift,288.08472222222224,168.0,-0.001265398001475,-0.001301432520522,0.004899665236702,-0.007354485930243,M0-Marcus,long
2 % H2O,"BMSPA drift, spectrum 5",drift,288.08472222222224,168.0,0.00266915857246,0.001247342675308,0.004214024797198,-0.337400932737013,M0-Marcus,long
2 % H2O,"MMSPA drift, spectrum 5",drift,288.08472222222224,168.0,-0.000873972223684,-4.68634211e-07,0.003784076640901,0.230836653790835,M0-Marcus,long
2 % H2O,"H3PO4 drift, spectrum 5",drift,288.08472222222224,168.0,-0.00347436836134,-9.2189e-11,0.005335614685411,0.65116551212942,M0-Marcus,long
2 % H2O,"TMSPA drift, spectrum 6",drift,313.09472222222223,168.0,-0.000371994698065,-0.023108334870617,0.005050447769394,-4.501846412576794,M0-Marcus,long
2 % H2O,"BMSPA drift, spectrum 6",drift,313.09472222222223,168.0,0.004697041286556,0.023049965994822,0.004339733150695,4.229044522086689,M0-Marcus,long
2 % H2O,"MMSPA drift, spectrum 6",drift,313.09472222222223,168.0,-0.001601105714734,3.809842896e-06,0.003902274585765,0.411276941782616,M0-Marcus,long
2 % H2O,"H3PO4 drift, spectrum 6",drift,313.09472222222223,168.0,-0.001235947479813,4.61286e-10,0.005518629094116,0.223959233356835,M0-Marcus,long
TMSPa + TMSOH (A),TMSPA,share,168.0613888888889,168.0,0.105394727871932,0.999908441860506,0.044518461652812,20.09309578045732,M0-Marcus,long
TMSPa + TMSOH (A),BMSPA,share,168.0613888888889,168.0,0.68730822668682,9.1558129093e-05,0.066059782134018,-10.402950878093199,M0-Marcus,long
TMSPa + TMSOH (A),MMSPA,share,168.0613888888889,168.0,0.194086384440475,1.0401e-11,0.043088354664185,-4.504381426088631,M0-Marcus,long
TMSPa + TMSOH (A),H3PO4,share,168.0613888888889,168.0,0.009922308243863,1.20244385362474e-18,0.046829903699947,-0.211879749047487,M0-Marcus,long
"TMSOH, probe",TMSOH,share,168.22027777777777,168.0,0.963943245248599,0.999990923048743,0.145962663489997,0.246965058996852,M0-Marcus,long
"TMSOH, probe",HMDSO,share,168.22027777777777,168.0,0.017002434066569,6.0889092e-08,0.038986013077977,-0.43611469435126,M0-Marcus,long
"TMSOH, probe",TMSOEG,share,168.22027777777777,168.0,0.016361410760644,9.016062164e-06,0.034275666130286,-0.477084665147631,M0-Marcus,long
"TMSOH, probe",TMSOH,share,306.7113888888889,168.0,0.901392807248745,0.999952178746962,0.137481864823087,0.716889981271668,M0-Marcus,long
"TMSOH, probe",HMDSO,share,306.7113888888889,168.0,0.056034110436671,4.47359754e-07,0.038576083055218,-1.452549316546968,M0-Marcus,long
"TMSOH, probe",TMSOEG,share,306.7113888888889,168.0,0.030938178019806,4.7373893284e-05,0.035422157315575,-0.872075742064954,M0-Marcus,long
"TMSOH, probe",TMSOH,share,312.0466666666667,168.0,0.931438713948405,0.999894928480555,0.141263592976031,0.484599131948776,M0-Marcus,long
"TMSOH, probe",HMDSO,share,312.0466666666667,168.0,0.063622719132554,1.061926478e-06,0.041878295502661,-1.519203598007783,M0-Marcus,long
"TMSOH, probe",TMSOEG,share,312.0466666666667,168.0,0.004938566919041,0.000104009592967,0.03465714188641,-0.139496711584543,M0-Marcus,long
"TMSOH, glovebox",TMSOH,share,8.085555555555555,,0.417673645346297,0.995143144727564,0.06726322570991,8.585218643419752,M0-Marcus,long
"TMSOH, glovebox",HMDSO,share,8.085555555555555,,0.160556834914945,5.2112613069e-05,0.063070233236669,-2.544856964450829,M0-Marcus,long
"TMSOH, glovebox",TMSOEG,share,8.085555555555555,,0.427057426127992,0.004804742659366,0.076614771598312,-5.511374303671849,M0-Marcus,long
E1,ring_opened_fraction ≤ 0.02,limit,168.0,,0.02,1.4149482809e-05,0.01,0.0,M0-Marcus,long
0.5 % H2O,TMSPA,share,186.8636111111111,168.0,0.929993239108732,0.998950350944534,0.050382623962269,1.368668529202488,M0-Marcus,free
0.5 % H2O,BMSPA,share,186.8636111111111,168.0,0.060206745977826,0.001049647512783,0.013578352713469,-4.356721298479794,M0-Marcus,free
0.5 % H2O,MMSPA,share,186.8636111111111,168.0,-0.012788836128245,1.542681e-09,0.016523762306206,0.773966451098252,M0-Marcus,free
0.5 % H2O,H3PO4,share,186.8636111111111,168.0,0.02252833341213,2e-15,0.0295204054619,-0.763144443974658,M0-Marcus,free
2 % H2O,TMSPA (mean of 6 spectra),mean,245.75078686487188,167.99999982783484,-0.000765662665101,0.98574588377668,0.016618543172541,59.36209547367625,M0-Marcus,free
2 % H2O,BMSPA (mean of 6 spectra),mean,245.75078686487188,167.99999982783484,0.037118874863205,0.014307540902985,0.01210576350869,-1.88433665863753,M0-Marcus,free
2 % H2O,MMSPA (mean of 6 spectra),mean,245.75078686487188,167.99999982783484,0.315994642634203,1.133190049e-06,0.019615050041581,-16.109747809681352,M0-Marcus,free
2 % H2O,H3PO4 (mean of 6 spectra),mean,245.75078686487188,167.99999982783484,0.661593213609833,1.16876e-10,0.033785844860775,-19.581964465274226,M0-Marcus,free
2 % H2O,"TMSPA drift, spectrum 1",drift,168.07722205005706,167.99999982783484,-0.000305456514041,0.010311285286372,0.016447157398396,0.645506183424048,M0-Marcus,free
2 % H2O,"BMSPA drift, spectrum 1",drift,168.07722205005706,167.99999982783484,0.010338222996301,-0.010364731891443,0.014063516710961,-1.472103693069055,M0-Marcus,free
2 % H2O,"MMSPA drift, spectrum 1",drift,168.07722205005706,167.99999982783484,-0.004912709469829,-1.11126476e-06,0.012683427177254,0.387245350679094,M0-Marcus,free
2 % H2O,"H3PO4 drift, spectrum 1",drift,168.07722205005706,167.99999982783484,0.003069523607814,-1.16758e-10,0.01806042743821,-0.169958531439721,M0-Marcus,free
2 % H2O,"TMSPA drift, spectrum 2",drift,201.08638871672372,167.99999982783484,-0.009093641193599,0.009419880259273,0.004971153901284,3.724189960823657,M0-Marcus,free
2 % H2O,"BMSPA drift, spectrum 2",drift,201.08638871672372,167.99999982783484,-0.003661605318228,-0.009473338512104,0.004266281385167,-1.362247978786126,M0-Marcus,free
2 % H2O,"MMSPA drift, spectrum 2",drift,201.08638871672372,167.99999982783484,0.003448676878488,-1.099617105e-06,0.003819464322561,-0.903209509044494,M0-Marcus,free
2 % H2O,"H3PO4 drift, spectrum 2",drift,201.08638871672372,167.99999982783484,0.004917027614622,-1.16653e-10,0.005421931041222,-0.906877585474933,M0-Marcus,free
2 % H2O,"TMSPA drift, spectrum 3",drift,240.07861093894596,167.99999982783484,0.001056379449513,0.008051635529487,0.005172384135828,1.352423929908522,M0-Marcus,free
2 % H2O,"BMSPA drift, spectrum 3",drift,240.07861093894596,167.99999982783484,-0.003682609438276,-0.008105120056816,0.004484647883529,-0.986144449552615,M0-Marcus,free
2 % H2O,"MMSPA drift, spectrum 3",drift,240.07861093894596,167.99999982783484,-0.00118672061225,-1.073342919e-06,0.004003225761984,0.296172971454758,M0-Marcus,free
2 % H2O,"H3PO4 drift, spectrum 3",drift,240.07861093894596,167.99999982783484,0.004992993648261,-1.16341e-10,0.005699827509141,-0.875990327179969,M0-Marcus,free
2 % H2O,"TMSPA drift, spectrum 4",drift,264.0830553833904,167.99999982783484,0.009425300236394,0.005696866672289,0.004873014369394,-0.765118524485005,M0-Marcus,free
2 % H2O,"BMSPA drift, spectrum 4",drift,264.0830553833904,167.99999982783484,-0.001223312036984,-0.00575043613912,0.004250826216246,-1.06499863128619,M0-Marcus,free
2 % H2O,"MMSPA drift, spectrum 4",drift,264.0830553833904,167.99999982783484,0.000498098700015,-9.88405025e-07,0.003806990686435,-0.131097537700403,M0-Marcus,free
2 % H2O,"H3PO4 drift, spectrum 4",drift,264.0830553833904,167.99999982783484,-0.004810503672134,-1.14732e-10,0.005355295693576,0.898270391151697,M0-Marcus,free
2 % H2O,"TMSPA drift, spectrum 5",drift,288.0847220500571,167.99999982783484,-0.001265398001475,-0.001301414406322,0.004899665236702,-0.007350788902308,M0-Marcus,free
2 % H2O,"BMSPA drift, spectrum 5",drift,288.0847220500571,167.99999982783484,0.00266915857246,0.001247325136036,0.004214024797198,-0.337405094855851,M0-Marcus,free
2 % H2O,"MMSPA drift, spectrum 5",drift,288.0847220500571,167.99999982783484,-0.000873972223684,-4.68624117e-07,0.003784076640901,0.230836656458277,M0-Marcus,free
2 % H2O,"H3PO4 drift, spectrum 5",drift,288.0847220500571,167.99999982783484,-0.00347436836134,-9.2186e-11,0.005335614685411,0.651165512130003,M0-Marcus,free
2 % H2O,"TMSPA drift, spectrum 6",drift,313.0947220500571,167.99999982783484,-0.000371994698065,-0.023108083925378,0.005050447769394,-4.50179672485599,M0-Marcus,free
2 % H2O,"BMSPA drift, spectrum 6",drift,313.0947220500571,167.99999982783484,0.004697041286556,0.023049715720831,0.004339733150695,4.22898685172267,M0-Marcus,free
2 % H2O,"MMSPA drift, spectrum 6",drift,313.0947220500571,167.99999982783484,-0.001601105714734,3.809756687e-06,0.003902274585765,0.411276919690812,M0-Marcus,free
2 % H2O,"H3PO4 drift, spectrum 6",drift,313.0947220500571,167.99999982783484,-0.001235947479813,4.6127e-10,0.005518629094116,0.223959233353987,M0-Marcus,free
TMSPa + TMSOH (A),TMSPA,share,168.0613888888889,168.0,0.105394727871932,0.999908443066314,0.044518461652812,20.09309580754289,M0-Marcus,free
TMSPa + TMSOH (A),BMSPA,share,168.0613888888889,168.0,0.68730822668682,9.1556923286e-05,0.066059782134018,-10.402950896346475,M0-Marcus,free
TMSPa + TMSOH (A),MMSPA,share,168.0613888888889,168.0,0.194086384440475,1.0401e-11,0.043088354664185,-4.504381426088638,M0-Marcus,free
TMSPa + TMSOH (A),H3PO4,share,168.0613888888889,168.0,0.009922308243863,1.20245905583619e-18,0.046829903699947,-0.211879749047487,M0-Marcus,free
"TMSOH, probe",TMSOH,share,1.220277777777778,1.0,0.963943245248599,0.99999993415594,0.145962663489997,0.247026794696796,M0-Marcus,free
"TMSOH, probe",HMDSO,share,1.220277777777778,1.0,0.017002434066569,4.4169e-10,0.038986013077977,-0.436116244840709,M0-Marcus,free
"TMSOH, probe",TMSOEG,share,1.220277777777778,1.0,0.016361410760644,6.540237e-08,0.034275666130286,-0.477345802590165,M0-Marcus,free
"TMSOH, probe",TMSOH,share,139.71138888888888,1.0,0.901392807248745,0.999961189945303,0.137481864823087,0.716955525904432,M0-Marcus,free
"TMSOH, probe",HMDSO,share,139.71138888888888,1.0,0.056034110436671,3.86914945e-07,0.038576083055218,-1.452550883445552,M0-Marcus,free
"TMSOH, probe",TMSOEG,share,139.71138888888888,1.0,0.030938178019806,3.8423139752e-05,0.035422157315575,-0.872328430049252,M0-Marcus,free
"TMSOH, probe",TMSOH,share,145.04666666666665,1.0,0.931438713948405,0.99990393979013,0.141263592976031,0.484662922691921,M0-Marcus,free
"TMSOH, probe",HMDSO,share,145.04666666666665,1.0,0.063622719132554,1.001485957e-06,0.041878295502661,-1.519205041249927,M0-Marcus,free
"TMSOH, probe",TMSOEG,share,145.04666666666665,1.0,0.004938566919041,9.5058723913e-05,0.03465714188641,-0.139754980690624,M0-Marcus,free
"TMSOH, glovebox",TMSOH,share,8.085555555555555,,0.417673645346297,0.995143198220117,0.06726322570991,8.585219438691647,M0-Marcus,free
"TMSOH, glovebox",HMDSO,share,8.085555555555555,,0.160556834914945,5.2112040627e-05,0.063070233236669,-2.544856973527087,M0-Marcus,free
"TMSOH, glovebox",TMSOEG,share,8.085555555555555,,0.427057426127992,0.004804689739255,0.076614771598312,-5.511374994401716,M0-Marcus,free
E1,ring_opened_fraction ≤ 0.02,limit,168.0,,0.02,1.4149297767e-05,0.01,0.0,M0-Marcus,free
0.5 % H2O,TMSPA,share,19.863611111111112,1.0,0.929993239108732,1.78799263e-07,0.050382623962269,-18.458607098469567,M1,short
0.5 % H2O,BMSPA,share,19.863611111111112,1.0,0.060206745977826,0.175653525128002,0.013578352713469,8.502266923413744,M1,short
0.5 % H2O,MMSPA,share,19.863611111111112,1.0,-0.012788836128245,0.208057134935994,0.016523762306206,13.365356325737698,M1,short
0.5 % H2O,H3PO4,share,19.863611111111112,1.0,0.02252833341213,0.616289161136741,0.0295204054619,20.11357291453675,M1,short
2 % H2O,TMSPA (mean of 6 spectra),mean,78.75078703703704,1.0,-0.000765662665101,6e-15,0.016618543172541,0.046072790927386,M1,short
2 % H2O,BMSPA (mean of 6 spectra),mean,78.75078703703704,1.0,0.037118874863205,9.61148494e-07,0.01210576350869,-3.066135703713943,M1,short
2 % H2O,MMSPA (mean of 6 spectra),mean,78.75078703703704,1.0,0.315994642634203,0.000668802900478,0.019615050041581,-16.07570916542536,M1,short
2 % H2O,H3PO4 (mean of 6 spectra),mean,78.75078703703704,1.0,0.661593213609833,0.999330305347913,0.033785844860775,9.996408055794774,M1,short
2 % H2O,"TMSPA drift, spectrum 1",drift,1.077222222222222,1.0,-0.000305456514041,6.71466217902901e-16,0.016447157398396,0.018571994335746,M1,short
2 % H2O,"BMSPA drift, spectrum 1",drift,1.077222222222222,1.0,0.010338222996301,7.7087346e-08,0.014063516710961,-0.735103894810142,M1,short
2 % H2O,"MMSPA drift, spectrum 1",drift,1.077222222222222,1.0,-0.004912709469829,2.6469413668e-05,0.012683427177254,0.38941989530673,M1,short
2 % H2O,"H3PO4 drift, spectrum 1",drift,1.077222222222222,1.0,0.003069523607814,-2.6615897905e-05,0.01806042743821,-0.171432238595212,M1,short
2 % H2O,"TMSPA drift, spectrum 2",drift,34.08638888888889,1.0,-0.009093641193599,5.01444110055172e-16,0.004971153901284,1.829281767207037,M1,short
2 % H2O,"BMSPA drift, spectrum 2",drift,34.08638888888889,1.0,-0.003661605318228,5.8020363e-08,0.004266281385167,0.858279847954384,M1,short
2 % H2O,"MMSPA drift, spectrum 2",drift,34.08638888888889,1.0,0.003448676878488,2.006375149e-05,0.003819464322561,-0.897668583195176,M1,short
2 % H2O,"H3PO4 drift, spectrum 2",drift,34.08638888888889,1.0,0.004917027614622,-2.0191168744e-05,0.005421931041222,-0.910601545063829,M1,short
2 % H2O,"TMSPA drift, spectrum 3",drift,73.07861111111112,1.0,0.001056379449513,3.27074707377273e-16,0.005172384135828,-0.204234531266852,M1,short
2 % H2O,"BMSPA drift, spectrum 3",drift,73.07861111111112,1.0,-0.003682609438276,3.8291438e-08,0.004484647883529,0.821167642445127,M1,short
2 % H2O,"MMSPA drift, spectrum 3",drift,73.07861111111112,1.0,-0.00118672061225,1.3371889619e-05,0.004003225761984,0.299781369630899,M1,short
2 % H2O,"H3PO4 drift, spectrum 3",drift,73.07861111111112,1.0,0.004992993648261,-1.3479577948e-05,0.005699827509141,-0.878355216570977,M1,short
2 % H2O,"TMSPA drift, spectrum 4",drift,97.08305555555556,1.0,0.009425300236394,1.20815027215684e-16,0.004873014369394,-1.93418273001442,M1,short
2 % H2O,"BMSPA drift, spectrum 4",drift,97.08305555555556,1.0,-0.001223312036984,1.472269e-08,0.004250826216246,0.287785643882097,M1,short
2 % H2O,"MMSPA drift, spectrum 4",drift,97.08305555555556,1.0,0.000498098700015,5.2897059e-06,0.003806990686435,-0.129448437021536,M1,short
2 % H2O,"H3PO4 drift, spectrum 4",drift,97.08305555555556,1.0,-0.004810503672134,-5.37382548e-06,0.005355295693576,0.897266952489256,M1,short
2 % H2O,"TMSPA drift, spectrum 5",drift,121.08472222222224,1.0,-0.001265398001475,-2.36288716006228e-16,0.004899665236702,0.258262134318112,M1,short
2 % H2O,"BMSPA drift, spectrum 5",drift,121.08472222222224,1.0,0.00266915857246,-2.6693114e-08,0.004214024797198,-0.63340521093955,M1,short
2 % H2O,"MMSPA drift, spectrum 5",drift,121.08472222222224,1.0,-0.000873972223684,-9.155281869e-06,0.003784076640901,0.228541074582834,M1,short
2 % H2O,"H3PO4 drift, spectrum 5",drift,121.08472222222224,1.0,-0.00347436836134,9.112578093e-06,0.005335614685411,0.652873407249221,M1,short
2 % H2O,"TMSPA drift, spectrum 6",drift,146.09472222222223,1.0,-0.000371994698065,-7.71435842836725e-16,0.005050447769394,0.073655785595632,M1,short
2 % H2O,"BMSPA drift, spectrum 6",drift,146.09472222222223,1.0,0.004697041286556,-9.0268154e-08,0.004339733150695,-1.082354926352622,M1,short
2 % H2O,"MMSPA drift, spectrum 6",drift,146.09472222222223,1.0,-0.001601105714734,-3.1976398272e-05,0.003902274585765,0.40210633105778,M1,short
2 % H2O,"H3PO4 drift, spectrum 6",drift,146.09472222222223,1.0,-0.001235947479813,3.1997269537e-05,0.005518629094116,0.229757196529383,M1,short
TMSPa + TMSOH (A),TMSPA,share,1.061388888888889,1.0,0.105394727871932,0.011208457418621,0.044518461652812,-2.115667679351658,M1,short
TMSPa + TMSOH (A),BMSPA,share,1.061388888888889,1.0,0.68730822668682,0.979287525537792,0.066059782134018,4.419925246780597,M1,short
TMSPa + TMSOH (A),MMSPA,share,1.061388888888889,1.0,0.194086384440475,0.009433009390806,0.043088354664185,-4.285458947986995,M1,short
TMSPa + TMSOH (A),H3PO4,share,1.061388888888889,1.0,0.009922308243863,7.100765278e-05,0.046829903699947,-0.210363460369308,M1,short
"TMSOH, probe",TMSOH,share,1.220277777777778,1.0,0.963943245248599,0.999749360054361,0.145962663489997,0.245310094716215,M1,short
"TMSOH, probe",HMDSO,share,1.220277777777778,1.0,0.017002434066569,0.000223720637499,0.038986013077977,-0.430377771523078,M1,short
"TMSOH, probe",TMSOEG,share,1.220277777777778,1.0,0.016361410760644,2.691930814e-05,0.034275666130286,-0.476562334059809,M1,short
"TMSOH, probe",TMSOH,share,139.71138888888888,1.0,0.901392807248745,0.949078605983479,0.137481864823087,0.3468515559932,M1,short
"TMSOH, probe",HMDSO,share,139.71138888888888,1.0,0.056034110436671,0.04328154526763,0.038576083055218,-0.330582167992182,M1,short
"TMSOH, probe",TMSOEG,share,139.71138888888888,1.0,0.030938178019806,0.007639848748891,0.035422157315575,-0.657733210977268,M1,short
"TMSOH, probe",TMSOH,share,145.04666666666665,1.0,0.931438713948405,0.909299615925414,0.141263592976031,-0.1567218952639,M1,short
"TMSOH, probe",HMDSO,share,145.04666666666665,1.0,0.063622719132554,0.074844959513369,0.041878295502661,0.267972711069441,M1,short
"TMSOH, probe",TMSOEG,share,145.04666666666665,1.0,0.004938566919041,0.015855424561217,0.03465714188641,0.314995901218766,M1,short
"TMSOH, glovebox",TMSOH,share,8.085555555555555,,0.417673645346297,0.410853839884466,0.06726322570991,-0.101389806835064,M1,short
"TMSOH, glovebox",HMDSO,share,8.085555555555555,,0.160556834914945,0.166534282583309,0.063070233236669,0.09477446588685,M1,short
"TMSOH, glovebox",TMSOEG,share,8.085555555555555,,0.427057426127992,0.422611877532225,0.076614771598312,-0.058024692928333,M1,short
E1,ring_opened_fraction ≤ 0.02,limit,168.0,,0.02,0.005419893816594,0.01,0.0,M1,short
0.5 % H2O,TMSPA,share,42.86361111111111,24.0,0.929993239108732,0.935660163793053,0.050382623962269,0.11247775996273,M1,middle
0.5 % H2O,BMSPA,share,42.86361111111111,24.0,0.060206745977826,0.064337766632326,0.013578352713469,0.30423577452084,M1,middle
0.5 % H2O,MMSPA,share,42.86361111111111,24.0,-0.012788836128245,2.069456093e-06,0.016523762306206,0.774091598953415,M1,middle
0.5 % H2O,H3PO4,share,42.86361111111111,24.0,0.02252833341213,1.18529e-10,0.0295204054619,-0.763144439959588,M1,middle
2 % H2O,TMSPA (mean of 6 spectra),mean,101.75078703703703,24.0,-0.000765662665101,4.49e-13,0.016618543172541,0.046072790954059,M1,middle
2 % H2O,BMSPA (mean of 6 spectra),mean,101.75078703703703,24.0,0.037118874863205,5.796179024e-06,0.01210576350869,-3.065736304656903,M1,middle
2 % H2O,MMSPA (mean of 6 spectra),mean,101.75078703703703,24.0,0.315994642634203,0.000894885115292,0.019615050041581,-16.064183208859635,M1,middle
2 % H2O,H3PO4 (mean of 6 spectra),mean,101.75078703703703,24.0,0.661593213609833,0.999101709607428,0.033785844860775,9.989642034657011,M1,middle
2 % H2O,"TMSPA drift, spectrum 1",drift,24.077222222222222,24.0,-0.000305456514041,2.402e-11,0.016447157398396,0.018571995796159,M1,middle
2 % H2O,"BMSPA drift, spectrum 1",drift,24.077222222222222,24.0,0.010338222996301,0.000251132905276,0.014063516710961,-0.717252327304686,M1,middle
2 % H2O,"MMSPA drift, spectrum 1",drift,24.077222222222222,24.0,-0.004912709469829,0.009977801403286,0.012683427177254,1.174013195725129,M1,middle
2 % H2O,"H3PO4 drift, spectrum 1",drift,24.077222222222222,24.0,0.003069523607814,-0.010231325234774,0.01806042743821,-0.736463679394867,M1,middle
2 % H2O,"TMSPA drift, spectrum 2",drift,57.08638888888889,24.0,-0.009093641193599,-4.43e-13,0.004971153901284,1.829281767117851,M1,middle
2 % H2O,"BMSPA drift, spectrum 2",drift,57.08638888888889,24.0,-0.003661605318228,-4.7867158e-06,0.004266281385167,0.857144260372099,M1,middle
2 % H2O,"MMSPA drift, spectrum 2",drift,57.08638888888889,24.0,0.003448676878488,-0.000209295541474,0.003819464322561,-0.957718703734102,M1,middle
2 % H2O,"H3PO4 drift, spectrum 2",drift,57.08638888888889,24.0,0.004917027614622,0.000211691355525,0.005421931041222,-0.867834028747978,M1,middle
2 % H2O,"TMSPA drift, spectrum 3",drift,96.07861111111112,24.0,0.001056379449513,-4.42e-13,0.005172384135828,-0.204234531352427,M1,middle
2 % H2O,"BMSPA drift, spectrum 3",drift,96.07861111111112,24.0,-0.003682609438276,-4.724714822e-06,0.004484647883529,0.820105573273956,M1,middle
2 % H2O,"MMSPA drift, spectrum 3",drift,96.07861111111112,24.0,-0.00118672061225,-0.000188570215329,0.004003225761984,0.249336524159967,M1,middle
2 % H2O,"H3PO4 drift, spectrum 3",drift,96.07861111111112,24.0,0.004992993648261,0.000190904028401,0.005699827509141,-0.842497358412659,M1,middle
2 % H2O,"TMSPA drift, spectrum 4",drift,120.08305555555556,24.0,0.009425300236394,-4.42e-13,0.004873014369394,-1.934182730105122,M1,middle
2 % H2O,"BMSPA drift, spectrum 4",drift,120.08305555555556,24.0,-0.001223312036984,-4.679296834e-06,0.004250826216246,0.286681383372501,M1,middle
2 % H2O,"MMSPA drift, spectrum 4",drift,120.08305555555556,24.0,0.000498098700015,-0.000173767025407,0.003806990686435,-0.176482103782256,M1,middle
2 % H2O,"H3PO4 drift, spectrum 4",drift,120.08305555555556,24.0,-0.004810503672134,0.00017605542049,0.005355295693576,0.93114542649925,M1,middle
2 % H2O,"TMSPA drift, spectrum 5",drift,144.08472222222224,24.0,-0.001265398001475,-4.42e-13,0.004899665236702,0.258262134228024,M1,middle
2 % H2O,"BMSPA drift, spectrum 5",drift,144.08472222222224,24.0,0.00266915857246,-4.65442999e-06,0.004214024797198,-0.634503385985664,M1,middle
2 % H2O,"MMSPA drift, spectrum 5",drift,144.08472222222224,24.0,-0.000873972223684,-0.000165791476077,0.003784076640901,0.187147569886149,M1,middle
2 % H2O,"H3PO4 drift, spectrum 5",drift,144.08472222222224,24.0,-0.00347436836134,0.000168055004316,0.005335614685411,0.682662369832622,M1,middle
2 % H2O,"TMSPA drift, spectrum 6",drift,169.09472222222223,24.0,-0.000371994698065,-4.42e-13,0.005050447769394,0.073655785508213,M1,middle
2 % H2O,"BMSPA drift, spectrum 6",drift,169.09472222222223,24.0,0.004697041286556,-4.722818918e-06,0.004339733150695,-1.083422399997263,M1,middle
2 % H2O,"MMSPA drift, spectrum 6",drift,169.09472222222223,24.0,-0.001601105714734,-0.00018795611093,0.003902274585765,0.362134845394598,M1,middle
2 % H2O,"H3PO4 drift, spectrum 6",drift,169.09472222222223,24.0,-0.001235947479813,0.000190288028098,0.005518629094116,0.258440182079198,M1,middle
TMSPa + TMSOH (A),TMSPA,share,24.06138888888889,24.0,0.105394727871932,2.3901902562e-05,0.044518461652812,-2.366901776416474,M1,middle
TMSPa + TMSOH (A),BMSPA,share,24.06138888888889,24.0,0.68730822668682,0.847994273026251,0.066059782134018,2.43243379176517,M1,middle
TMSPa + TMSOH (A),MMSPA,share,24.06138888888889,24.0,0.194086384440475,0.11716257645367,0.043088354664185,-1.785257492107127,M1,middle
TMSPa + TMSOH (A),H3PO4,share,24.06138888888889,24.0,0.009922308243863,0.034819248617517,0.046829903699947,0.53164620053837,M1,middle
"TMSOH, probe",TMSOH,share,24.220277777777778,24.0,0.963943245248599,0.869023527182756,0.145962663489997,-0.650301356499624,M1,middle
"TMSOH, probe",HMDSO,share,24.220277777777778,24.0,0.017002434066569,0.130458994664914,0.038986013077977,2.910186285820439,M1,middle
"TMSOH, probe",TMSOEG,share,24.220277777777778,24.0,0.016361410760644,0.00051747815233,0.034275666130286,-0.462250173288811,M1,middle
"TMSOH, probe",TMSOH,share,162.71138888888888,24.0,0.901392807248745,0.727760991358001,0.137481864823087,-1.262943415221893,M1,middle
"TMSOH, probe",HMDSO,share,162.71138888888888,24.0,0.056034110436671,0.265470269798791,0.038576083055218,5.429171205960214,M1,middle
"TMSOH, probe",TMSOEG,share,162.71138888888888,24.0,0.030938178019806,0.006768738843208,0.035422157315575,-0.682325442837172,M1,middle
"TMSOH, probe",TMSOH,share,168.04666666666665,24.0,0.931438713948405,0.731114204961218,0.141263592976031,-1.418090144579421,M1,middle
"TMSOH, probe",HMDSO,share,168.04666666666665,24.0,0.063622719132554,0.255512492263859,0.041878295502661,4.582081740148904,M1,middle
"TMSOH, probe",TMSOEG,share,168.04666666666665,24.0,0.004938566919041,0.013373302774923,0.03465714188641,0.243376556656864,M1,middle
"TMSOH, glovebox",TMSOH,share,8.085555555555555,,0.417673645346297,0.413780439509345,0.06726322570991,-0.057880153618289,M1,middle
"TMSOH, glovebox",HMDSO,share,8.085555555555555,,0.160556834914945,0.156319245645224,0.063070233236669,-0.06718841919959,M1,middle
"TMSOH, glovebox",TMSOEG,share,8.085555555555555,,0.427057426127992,0.429900314845431,0.076614771598312,0.037106274131373,M1,middle
E1,ring_opened_fraction ≤ 0.02,limit,168.0,,0.02,0.004659662542716,0.01,0.0,M1,middle
0.5 % H2O,TMSPA,share,186.8636111111111,168.0,0.929993239108732,0.931081677172691,0.050382623962269,0.021603441392285,M1,long
0.5 % H2O,BMSPA,share,186.8636111111111,168.0,0.060206745977826,0.068918297895492,0.013578352713469,0.641576493223992,M1,long
0.5 % H2O,MMSPA,share,186.8636111111111,168.0,-0.012788836128245,2.4931797e-08,0.016523762306206,0.773967866581978,M1,long
0.5 % H2O,H3PO4,share,186.8636111111111,168.0,0.02252833341213,1.9e-14,0.0295204054619,-0.763144443974077,M1,long
2 % H2O,TMSPA (mean of 6 spectra),mean,245.750787037037,168.0,-0.000765662665101,2.965e-12,0.016618543172541,0.046072791105441,M1,long
2 % H2O,BMSPA (mean of 6 spectra),mean,245.750787037037,168.0,0.037118874863205,2.9905879724e-05,0.01210576350869,-3.063744716048508,M1,long
2 % H2O,MMSPA (mean of 6 spectra),mean,245.750787037037,168.0,0.315994642634203,0.002429307213238,0.019615050041581,-15.985956434281244,M1,long
2 % H2O,H3PO4 (mean of 6 spectra),mean,245.750787037037,168.0,0.661593213609833,0.997552962083574,0.033785844860775,9.943801904560049,M1,long
2 % H2O,"TMSPA drift, spectrum 1",drift,168.07722222222222,168.0,-0.000305456514041,1.26233e-10,0.016447157398396,0.018572002010783,M1,long
2 % H2O,"BMSPA drift, spectrum 1",drift,168.07722222222222,168.0,0.010338222996301,0.000746148122915,0.014063516710961,-0.682053789996217,M1,long
2 % H2O,"MMSPA drift, spectrum 1",drift,168.07722222222222,168.0,-0.004912709469829,0.016399212317654,0.012683427177254,1.680296775441163,M1,long
2 % H2O,"H3PO4 drift, spectrum 1",drift,168.07722222222222,168.0,0.003069523607814,-0.017157535746302,0.01806042743821,-1.119965705314499,M1,long
2 % H2O,"TMSPA drift, spectrum 2",drift,201.08638888888888,168.0,-0.009093641193599,2.5e-14,0.004971153901284,1.829281767211906,M1,long
2 % H2O,"BMSPA drift, spectrum 2",drift,201.08638888888888,168.0,-0.003661605318228,3.340904166e-05,0.004266281385167,0.866097199480362,M1,long
2 % H2O,"MMSPA drift, spectrum 2",drift,201.08638888888888,168.0,0.003448676878488,0.002987329973267,0.003819464322561,-0.120788379275032,M1,long
2 % H2O,"H3PO4 drift, spectrum 2",drift,201.08638888888888,168.0,0.004917027614622,-0.003032914194452,0.005421931041222,-1.466256532706284,M1,long
2 % H2O,"TMSPA drift, spectrum 3",drift,240.07861111111112,168.0,0.001056379449513,-2.839e-12,0.005172384135828,-0.204234531815706,M1,long
2 % H2O,"BMSPA drift, spectrum 3",drift,240.07861111111112,168.0,-0.003682609438276,-2.2226235638e-05,0.004484647883529,0.816203032590734,M1,long
2 % H2O,"MMSPA drift, spectrum 3",drift,240.07861111111112,168.0,-0.00118672061225,-0.000539453564416,0.004003225761984,0.161686371520776,M1,long
2 % H2O,"H3PO4 drift, spectrum 3",drift,240.07861111111112,168.0,0.004992993648261,0.000549504623392,0.005699827509141,-0.779583069442505,M1,long
2 % H2O,"TMSPA drift, spectrum 4",drift,264.0830555555556,168.0,0.009425300236394,-2.938e-12,0.004873014369394,-1.934182730617435,M1,long
2 % H2O,"BMSPA drift, spectrum 4",drift,264.0830555555556,168.0,-0.001223312036984,-2.7208719804e-05,0.004250826216246,0.281381373015957,M1,long
2 % H2O,"MMSPA drift, spectrum 4",drift,264.0830555555556,168.0,0.000498098700015,-0.001308890812281,0.003806990686435,-0.474650363273563,M1,long
2 % H2O,"H3PO4 drift, spectrum 4",drift,264.0830555555556,168.0,-0.004810503672134,0.001323924355523,0.005355295693576,1.145488200589022,M1,long
2 % H2O,"TMSPA drift, spectrum 5",drift,288.08472222222224,168.0,-0.001265398001475,-2.943e-12,0.004899665236702,0.258262133717503,M1,long
2 % H2O,"BMSPA drift, spectrum 5",drift,288.08472222222224,168.0,0.00266915857246,-2.7537097966e-05,0.004214024797198,-0.639933507799518,M1,long
2 % H2O,"MMSPA drift, spectrum 5",drift,288.08472222222224,168.0,-0.000873972223684,-0.001379271639106,0.003784076640901,-0.133533081745793,M1,long
2 % H2O,"H3PO4 drift, spectrum 5",drift,288.08472222222224,168.0,-0.00347436836134,0.001394633560514,0.005335614685411,0.912547514940904,M1,long
2 % H2O,"TMSPA drift, spectrum 6",drift,313.09472222222223,168.0,-0.000371994698065,-2.939e-12,0.005050447769394,0.073655785013881,M1,long
2 % H2O,"BMSPA drift, spectrum 6",drift,313.09472222222223,168.0,0.004697041286556,-2.7242879833e-05,0.004339733150695,-1.088611673192989,M1,long
2 % H2O,"MMSPA drift, spectrum 6",drift,313.09472222222223,168.0,-0.001601105714734,-0.001316004596088,0.003902274585765,0.073060240221216,M1,long
2 % H2O,"H3PO4 drift, spectrum 6",drift,313.09472222222223,168.0,-0.001235947479813,0.00133107229936,0.005518629094116,0.465155337565505,M1,long
TMSPa + TMSOH (A),TMSPA,share,168.0613888888889,168.0,0.105394727871932,2.3907489894e-05,0.044518461652812,-2.366901650910534,M1,long
TMSPa + TMSOH (A),BMSPA,share,168.0613888888889,168.0,0.68730822668682,0.848025486277595,0.066059782134018,2.43290629183005,M1,long
TMSPa + TMSOH (A),MMSPA,share,168.0613888888889,168.0,0.194086384440475,0.117143801869619,0.043088354664185,-1.785693215034986,M1,long
TMSPa + TMSOH (A),H3PO4,share,168.0613888888889,168.0,0.009922308243863,0.034806804362892,0.046829903699947,0.53138046745669,M1,long
"TMSOH, probe",TMSOH,share,168.22027777777777,168.0,0.963943245248599,0.899373776419695,0.145962663489997,-0.442369762821768,M1,long
"TMSOH, probe",HMDSO,share,168.22027777777777,168.0,0.017002434066569,0.097009318773932,0.038986013077977,2.052194579305626,M1,long
"TMSOH, probe",TMSOEG,share,168.22027777777777,168.0,0.016361410760644,0.003616904806373,0.034275666130286,-0.371823727825672,M1,long
"TMSOH, probe",TMSOH,share,306.7113888888889,168.0,0.901392807248745,0.811448114494258,0.137481864823087,-0.654229507798927,M1,long
"TMSOH, probe",HMDSO,share,306.7113888888889,168.0,0.056034110436671,0.178134229172534,0.038576083055218,3.165176686318504,M1,long
"TMSOH, probe",TMSOEG,share,306.7113888888889,168.0,0.030938178019806,0.010417656333208,0.035422157315575,-0.579313154300026,M1,long
"TMSOH, probe",TMSOH,share,312.0466666666667,168.0,0.931438713948405,0.76687553184828,0.141263592976031,-1.164936970901256,M1,long
"TMSOH, probe",HMDSO,share,312.0466666666667,168.0,0.063622719132554,0.215572835555995,0.041878295502661,3.628373948834282,M1,long
"TMSOH, probe",TMSOEG,share,312.0466666666667,168.0,0.004938566919041,0.017551632595725,0.03465714188641,0.363938426256393,M1,long
"TMSOH, glovebox",TMSOH,share,8.085555555555555,,0.417673645346297,0.413075537256667,0.06726322570991,-0.068359910502359,M1,long
"TMSOH, glovebox",HMDSO,share,8.085555555555555,,0.160556834914945,0.159699996115212,0.063070233236669,-0.013585470605718,M1,long
"TMSOH, glovebox",TMSOEG,share,8.085555555555555,,0.427057426127992,0.427224466628121,0.076614771598312,0.002180264936439,M1,long
E1,ring_opened_fraction ≤ 0.02,limit,168.0,,0.02,0.005300921296388,0.01,0.0,M1,long
0.5 % H2O,TMSPA,share,19.863611111111112,1.0,0.929993239108732,0.93619493894098,0.050382623962269,0.123092037383604,M1,free
0.5 % H2O,BMSPA,share,19.863611111111112,1.0,0.060206745977826,0.063799272209451,0.013578352713469,0.264577471762211,M1,free
0.5 % H2O,MMSPA,share,19.863611111111112,1.0,-0.012788836128245,5.788316875e-06,0.016523762306206,0.774316660335512,M1,free
0.5 % H2O,H3PO4,share,19.863611111111112,1.0,0.02252833341213,5.32694e-10,0.0295204054619,-0.763144425929799,M1,free
2 % H2O,TMSPA (mean of 6 spectra),mean,245.75078510258763,167.99999806555059,-0.000765662665101,1.862e-12,0.016618543172541,0.046072791039102,M1,free
2 % H2O,BMSPA (mean of 6 spectra),mean,245.75078510258763,167.99999806555059,0.037118874863205,3.0045263375e-05,0.01210576350869,-3.063733202222839,M1,free
2 % H2O,MMSPA (mean of 6 spectra),mean,245.75078510258763,167.99999806555059,0.315994642634203,0.002836013320961,0.019615050041581,-15.96522204375658,M1,free
2 % H2O,H3PO4 (mean of 6 spectra),mean,245.75078510258763,167.99999806555059,0.661593213609833,0.997146919052115,0.033785844860775,9.93178376403013,M1,free
2 % H2O,"TMSPA drift, spectrum 1",drift,168.0772202877728,167.99999806555059,-0.000305456514041,4.3014e-11,0.016447157398396,0.01857199695098,M1,free
2 % H2O,"BMSPA drift, spectrum 1",drift,168.0772202877728,167.99999806555059,0.010338222996301,0.000355318481176,0.014063516710961,-0.709844110850613,M1,free
2 % H2O,"MMSPA drift, spectrum 1",drift,168.0772202877728,167.99999806555059,-0.004912709469829,0.010444590024128,0.012683427177254,1.21081623123903,M1,free
2 % H2O,"H3PO4 drift, spectrum 1",drift,168.0772202877728,167.99999806555059,0.003069523607814,-0.010812886186631,0.01806042743821,-0.768664520368693,M1,free
2 % H2O,"TMSPA drift, spectrum 2",drift,201.0863869544395,167.99999806555059,-0.009093641193599,2.858e-12,0.004971153901284,1.82928176778182,M1,free
2 % H2O,"BMSPA drift, spectrum 2",drift,201.0863869544395,167.99999806555059,-0.003661605318228,5.5931948416e-05,0.004266281385167,0.871376482472409,M1,free
2 % H2O,"MMSPA drift, spectrum 2",drift,201.0863869544395,167.99999806555059,0.003448676878488,0.003465098724955,0.003819464322561,0.004299515607507,M1,free
2 % H2O,"H3PO4 drift, spectrum 2",drift,201.0863869544395,167.99999806555059,0.004917027614622,-0.003534008314542,0.005421931041222,-1.558676394980422,M1,free
2 % H2O,"TMSPA drift, spectrum 3",drift,240.0786091766617,167.99999806555059,0.001056379449513,-1.379e-12,0.005172384135828,-0.204234531533518,M1,free
2 % H2O,"BMSPA drift, spectrum 3",drift,240.0786091766617,167.99999806555059,-0.003682609438276,-1.1219909721e-05,0.004484647883529,0.818657255575993,M1,free
2 % H2O,"MMSPA drift, spectrum 3",drift,240.0786091766617,167.99999806555059,-0.00118672061225,0.000118732978379,0.004003225761984,0.326100417075005,M1,free
2 % H2O,"H3PO4 drift, spectrum 3",drift,240.0786091766617,167.99999806555059,0.004992993648261,-0.000120490705592,0.005699827509141,-0.897129666757688,M1,free
2 % H2O,"TMSPA drift, spectrum 4",drift,264.08305362110616,167.99999806555059,0.009425300236394,-1.777e-12,0.004873014369394,-1.934182730379053,M1,free
2 % H2O,"BMSPA drift, spectrum 4",drift,264.08305362110616,167.99999806555059,-0.001223312036984,-2.4115412905e-05,0.004250826216246,0.282109068466521,M1,free
2 % H2O,"MMSPA drift, spectrum 4",drift,264.08305362110616,167.99999806555059,0.000498098700015,-0.001176161507871,0.003806990686435,-0.439785737814343,M1,free
2 % H2O,"H3PO4 drift, spectrum 4",drift,264.08305362110616,167.99999806555059,-0.004810503672134,0.001187299284241,0.005355295693576,1.119976057264074,M1,free
2 % H2O,"TMSPA drift, spectrum 5",drift,288.0847202877728,167.99999806555059,-0.001265398001475,-1.835e-12,0.004899665236702,0.258262133943722,M1,free
2 % H2O,"BMSPA drift, spectrum 5",drift,288.0847202877728,167.99999806555059,0.00266915857246,-2.7258142687e-05,0.004214024797198,-0.639867310923103,M1,free
2 % H2O,"MMSPA drift, spectrum 5",drift,288.0847202877728,167.99999806555059,-0.000873972223684,-0.001697532947839,0.003784076640901,-0.217638489467523,M1,free
2 % H2O,"H3PO4 drift, spectrum 5",drift,288.0847202877728,167.99999806555059,-0.00347436836134,0.001711813454048,0.005335614685411,0.971993316827836,M1,free
2 % H2O,"TMSPA drift, spectrum 6",drift,313.0947202877728,167.99999806555059,-0.000371994698065,-1.833e-12,0.005050447769394,0.073655785232819,M1,free
2 % H2O,"BMSPA drift, spectrum 6",drift,313.0947202877728,167.99999806555059,0.004697041286556,-2.7158765206e-05,0.004339733150695,-1.088592290750661,M1,free
2 % H2O,"MMSPA drift, spectrum 6",drift,313.0947202877728,167.99999806555059,-0.001601105714734,-0.001677467858618,0.003902274585765,-0.019568623941181,M1,free
2 % H2O,"H3PO4 drift, spectrum 6",drift,313.0947202877728,167.99999806555059,-0.001235947479813,0.001691648987343,0.005518629094116,0.5304934282098,M1,free
TMSPa + TMSOH (A),TMSPA,share,1.061388888888889,1.0,0.105394727871932,1.8826437266e-05,0.044518461652812,-2.367015784518002,M1,free
TMSPa + TMSOH (A),BMSPA,share,1.061388888888889,1.0,0.68730822668682,0.841629850001125,0.066059782134018,2.336090406735321,M1,free
TMSPa + TMSOH (A),MMSPA,share,1.061388888888889,1.0,0.194086384440475,0.133966310549908,0.043088354664185,-1.395274299961568,M1,free
TMSPa + TMSOH (A),H3PO4,share,1.061388888888889,1.0,0.009922308243863,0.0243850130117,0.046829903699947,0.308834817609362,M1,free
"TMSOH, probe",TMSOH,share,1.220277777777778,1.0,0.963943245248599,0.999460309789163,0.145962663489997,0.243329791957369,M1,free
"TMSOH, probe",HMDSO,share,1.220277777777778,1.0,0.017002434066569,0.0005123446704,0.038986013077977,-0.422974500192831,M1,free
"TMSOH, probe",TMSOEG,share,1.220277777777778,1.0,0.016361410760644,2.7345540437e-05,0.034275666130286,-0.476549898640024,M1,free
"TMSOH, probe",TMSOH,share,139.71138888888888,1.0,0.901392807248745,0.905020944959128,0.137481864823087,0.026389936702207,M1,free
"TMSOH, probe",HMDSO,share,139.71138888888888,1.0,0.056034110436671,0.087457624152973,0.038576083055218,0.814585391454139,M1,free
"TMSOH, probe",TMSOEG,share,139.71138888888888,1.0,0.030938178019806,0.0075214308879,0.035422157315575,-0.661076255838596,M1,free
"TMSOH, probe",TMSOH,share,145.04666666666665,1.0,0.931438713948405,0.846520653776295,0.141263592976031,-0.601131957520854,M1,free
"TMSOH, probe",HMDSO,share,145.04666666666665,1.0,0.063622719132554,0.138117973587904,0.041878295502661,1.778851158128325,M1,free
"TMSOH, probe",TMSOEG,share,145.04666666666665,1.0,0.004938566919041,0.015361372635802,0.03465714188641,0.300740486648388,M1,free
"TMSOH, glovebox",TMSOH,share,8.085555555555555,,0.417673645346297,0.41372330991047,0.06726322570991,-0.058729497346199,M1,free
"TMSOH, glovebox",HMDSO,share,8.085555555555555,,0.160556834914945,0.161885708634881,0.063070233236669,0.021069744818448,M1,free
"TMSOH, glovebox",TMSOEG,share,8.085555555555555,,0.427057426127992,0.424390981454649,0.076614771598312,-0.034803271193222,M1,free
E1,ring_opened_fraction ≤ 0.02,limit,168.0,,0.02,0.005364805084586,0.01,0.0,M1,free
0.5 % H2O,TMSPA,share,19.863611111111112,1.0,0.929993239108732,0.341183484740231,0.050382623962269,-11.686762380805138,M1-split,short
0.5 % H2O,BMSPA,share,19.863611111111112,1.0,0.060206745977826,0.059188228605358,0.013578352713469,-0.075010378207188,M1-split,short
0.5 % H2O,MMSPA,share,19.863611111111112,1.0,-0.012788836128245,0.103936483908177,0.016523762306206,7.064088545535487,M1-split,short
0.5 % H2O,H3PO4,share,19.863611111111112,1.0,0.02252833341213,0.495691802746234,0.0295204054619,16.02835265744527,M1-split,short
2 % H2O,TMSPA (mean of 6 spectra),mean,78.75078703703704,1.0,-0.000765662665101,0.000249920128057,0.016618543172541,0.061111421296883,M1-split,short
2 % H2O,BMSPA (mean of 6 spectra),mean,78.75078703703704,1.0,0.037118874863205,2.3846214503e-05,0.01210576350869,-3.06424527639872,M1-split,short
2 % H2O,MMSPA (mean of 6 spectra),mean,78.75078703703704,1.0,0.315994642634203,0.000689285429757,0.019615050041581,-16.074664940239295,M1-split,short
2 % H2O,H3PO4 (mean of 6 spectra),mean,78.75078703703704,1.0,0.661593213609833,0.999039391786744,0.033785844860775,9.987797539693513,M1-split,short
2 % H2O,"TMSPA drift, spectrum 1",drift,1.077222222222222,1.0,-0.000305456514041,0.013576263292372,0.016447157398396,0.844019393148548,M1-split,short
2 % H2O,"BMSPA drift, spectrum 1",drift,1.077222222222222,1.0,0.010338222996301,0.001218834217214,0.014063516710961,-0.648442986666277,M1-split,short
2 % H2O,"MMSPA drift, spectrum 1",drift,1.077222222222222,1.0,-0.004912709469829,0.000895255443371,0.012683427177254,0.457917629993255,M1-split,short
2 % H2O,"H3PO4 drift, spectrum 1",drift,1.077222222222222,1.0,0.003069523607814,-0.015692796512018,0.01806042743821,-1.038863569758991,M1-split,short
2 % H2O,"TMSPA drift, spectrum 2",drift,34.08638888888889,1.0,-0.009093641193599,-0.000249920128051,0.004971153901284,1.77900769945254,M1-split,short
2 % H2O,"BMSPA drift, spectrum 2",drift,34.08638888888889,1.0,-0.003661605318228,-2.2805911395e-05,0.004266281385167,0.852920630009218,M1-split,short
2 % H2O,"MMSPA drift, spectrum 2",drift,34.08638888888889,1.0,0.003448676878488,6.695677942e-06,0.003819464322561,-0.901168569690394,M1-split,short
2 % H2O,"H3PO4 drift, spectrum 2",drift,34.08638888888889,1.0,0.004917027614622,0.000263586802443,0.005421931041222,-0.858262633146756,M1-split,short
2 % H2O,"TMSPA drift, spectrum 3",drift,73.07861111111112,1.0,0.001056379449513,-0.000249920128051,0.005172384135828,-0.252552699733891,M1-split,short
2 % H2O,"BMSPA drift, spectrum 3",drift,73.07861111111112,1.0,-0.003682609438276,-2.2826007496e-05,0.004484647883529,0.816069293694431,M1-split,short
2 % H2O,"MMSPA drift, spectrum 3",drift,73.07861111111112,1.0,-0.00118672061225,-5.6541824e-08,0.004003225761984,0.296426966896315,M1-split,short
2 % H2O,"H3PO4 drift, spectrum 3",drift,73.07861111111112,1.0,0.004992993648261,0.00027035911831,0.005699827509141,-0.82855744711169,M1-split,short
2 % H2O,"TMSPA drift, spectrum 4",drift,97.08305555555556,1.0,0.009425300236394,-0.000249920128051,0.004873014369394,-1.985469286775023,M1-split,short
2 % H2O,"BMSPA drift, spectrum 4",drift,97.08305555555556,1.0,-0.001223312036984,-2.2851861966e-05,0.004250826216246,0.282406316783608,M1-split,short
2 % H2O,"MMSPA drift, spectrum 4",drift,97.08305555555556,1.0,0.000498098700015,-8.842268542e-06,0.003806990686435,-0.133160548662129,M1-split,short
2 % H2O,"H3PO4 drift, spectrum 4",drift,97.08305555555556,1.0,-0.004810503672134,0.000279170699499,0.005355295693576,0.950400251052117,M1-split,short
2 % H2O,"TMSPA drift, spectrum 5",drift,121.08472222222224,1.0,-0.001265398001475,-0.000249920128052,0.004899665236702,0.207254541762745,M1-split,short
2 % H2O,"BMSPA drift, spectrum 5",drift,121.08472222222224,1.0,0.00266915857246,-2.2902316337e-05,0.004214024797198,-0.638833661013796,M1-split,short
2 % H2O,"MMSPA drift, spectrum 5",drift,121.08472222222224,1.0,-0.000873972223684,-2.6323196114e-05,0.003784076640901,0.224004191249227,M1-split,short
2 % H2O,"H3PO4 drift, spectrum 5",drift,121.08472222222224,1.0,-0.00347436836134,0.000296702081442,0.005335614685411,0.706773383223008,M1-split,short
2 % H2O,"TMSPA drift, spectrum 6",drift,146.09472222222223,1.0,-0.000371994698065,-0.000249920128052,0.005050447769394,0.024171039002297,M1-split,short
2 % H2O,"BMSPA drift, spectrum 6",drift,146.09472222222223,1.0,0.004697041286556,-2.298058826e-05,0.004339733150695,-1.08762951797174,M1-split,short
2 % H2O,"MMSPA drift, spectrum 6",drift,146.09472222222223,1.0,-0.001601105714734,-5.4395772421e-05,0.003902274585765,0.396361124344045,M1-split,short
2 % H2O,"H3PO4 drift, spectrum 6",drift,146.09472222222223,1.0,-0.001235947479813,0.000324852929672,0.005518629094116,0.282823937406697,M1-split,short
TMSPa + TMSOH (A),TMSPA,share,1.061388888888889,1.0,0.105394727871932,0.999988806989473,0.044518461652812,20.094900989487087,M1-split,short
TMSPa + TMSOH (A),BMSPA,share,1.061388888888889,1.0,0.68730822668682,1.1192253802e-05,0.066059782134018,-10.404167440920002,M1-split,short
TMSPa + TMSOH (A),MMSPA,share,1.061388888888889,1.0,0.194086384440475,7.56676e-10,0.043088354664185,-4.50438140876899,M1-split,short
TMSPa + TMSOH (A),H3PO4,share,1.061388888888889,1.0,0.009922308243863,4.9e-14,0.046829903699947,-0.211879749046434,M1-split,short
"TMSOH, probe",TMSOH,share,1.220277777777778,1.0,0.963943245248599,0.999777814145995,0.145962663489997,0.245505035606949,M1-split,short
"TMSOH, probe",HMDSO,share,1.220277777777778,1.0,0.017002434066569,0.000195366350242,0.038986013077977,-0.431105065365622,M1-split,short
"TMSOH, probe",TMSOEG,share,1.220277777777778,1.0,0.016361410760644,2.6819503762e-05,0.034275666130286,-0.476565245874194,M1-split,short
"TMSOH, probe",TMSOH,share,139.71138888888888,1.0,0.901392807248745,0.953953154246588,0.137481864823087,0.382307492449843,M1-split,short
"TMSOH, probe",HMDSO,share,139.71138888888888,1.0,0.056034110436671,0.038408782943402,0.038576083055218,-0.456897800329793,M1-split,short
"TMSOH, probe",TMSOEG,share,139.71138888888888,1.0,0.030938178019806,0.00763806281001,0.035422157315575,-0.657783629670411,M1-split,short
"TMSOH, probe",TMSOH,share,145.04666666666665,1.0,0.931438713948405,0.916970614411911,0.141263592976031,-0.102419167116534,M1-split,short
"TMSOH, probe",HMDSO,share,145.04666666666665,1.0,0.063622719132554,0.067145743722884,0.041878295502661,0.084125309973652,M1-split,short
"TMSOH, probe",TMSOEG,share,145.04666666666665,1.0,0.004938566919041,0.015883641865205,0.03465714188641,0.315810085610565,M1-split,short
"TMSOH, glovebox",TMSOH,share,8.085555555555555,,0.417673645346297,0.410127636441005,0.06726322570991,-0.112186247769854,M1-split,short
"TMSOH, glovebox",HMDSO,share,8.085555555555555,,0.160556834914945,0.167585690045496,0.063070233236669,0.111444888814278,M1-split,short
"TMSOH, glovebox",TMSOEG,share,8.085555555555555,,0.427057426127992,0.422286673513499,0.076614771598312,-0.062269357657366,M1-split,short
E1,ring_opened_fraction ≤ 0.02,limit,168.0,,0.02,0.005414420875491,0.01,0.0,M1-split,short
0.5 % H2O,TMSPA,share,42.86361111111111,24.0,0.929993239108732,0.899368787662123,0.050382623962269,-0.607837564584646,M1-split,middle
0.5 % H2O,BMSPA,share,42.86361111111111,24.0,0.060206745977826,0.042234649725945,0.013578352713469,-1.323584431125654,M1-split,middle
0.5 % H2O,MMSPA,share,42.86361111111111,24.0,-0.012788836128245,0.019542949798563,0.016523762306206,1.956684278535321,M1-split,middle
0.5 % H2O,H3PO4,share,42.86361111111111,24.0,0.02252833341213,0.038853612813369,0.0295204054619,0.553016774187212,M1-split,middle
2 % H2O,TMSPA (mean of 6 spectra),mean,101.75078703703703,24.0,-0.000765662665101,4.353e-12,0.016618543172541,0.046072791188963,M1-split,middle
2 % H2O,BMSPA (mean of 6 spectra),mean,101.75078703703703,24.0,0.037118874863205,2.4034593888e-05,0.01210576350869,-3.064229715266574,M1-split,middle
2 % H2O,MMSPA (mean of 6 spectra),mean,101.75078703703703,24.0,0.315994642634203,0.002429314758918,0.019615050041581,-15.985956049592987,M1-split,middle
2 % H2O,H3PO4 (mean of 6 spectra),mean,101.75078703703703,24.0,0.661593213609833,0.997556901310262,0.033785844860775,9.943918498556876,M1-split,middle
2 % H2O,"TMSPA drift, spectrum 1",drift,24.077222222222222,24.0,-0.000305456514041,1.42315e-10,0.016447157398396,0.018572002988598,M1-split,middle
2 % H2O,"BMSPA drift, spectrum 1",drift,24.077222222222222,24.0,0.010338222996301,0.00037803425245,0.014063516710961,-0.708228883895582,M1-split,middle
2 % H2O,"MMSPA drift, spectrum 1",drift,24.077222222222222,24.0,-0.004912709469829,0.006844180578329,0.012683427177254,0.926948992874921,M1-split,middle
2 % H2O,"H3PO4 drift, spectrum 1",drift,24.077222222222222,24.0,0.003069523607814,-0.007232465640516,0.01806042743821,-0.570417797894073,M1-split,middle
2 % H2O,"TMSPA drift, spectrum 2",drift,57.08638888888889,24.0,-0.009093641193599,3.098e-12,0.004971153901284,1.829281767830105,M1-split,middle
2 % H2O,"BMSPA drift, spectrum 2",drift,57.08638888888889,24.0,-0.003661605318228,3.287265946e-05,0.004266281385167,0.865971473549286,M1-split,middle
2 % H2O,"MMSPA drift, spectrum 2",drift,57.08638888888889,24.0,0.003448676878488,0.002667161701344,0.003819464322561,-0.204613817840383,M1-split,middle
2 % H2O,"H3PO4 drift, spectrum 2",drift,57.08638888888889,24.0,0.004917027614622,-0.002710285031323,0.005421931041222,-1.406752057146442,M1-split,middle
2 % H2O,"TMSPA drift, spectrum 3",drift,96.07861111111112,24.0,0.001056379449513,-3.36e-12,0.005172384135828,-0.204234531916526,M1-split,middle
2 % H2O,"BMSPA drift, spectrum 3",drift,96.07861111111112,24.0,-0.003682609438276,-6.449837978e-06,0.004484647883529,0.819720900229374,M1-split,middle
2 % H2O,"MMSPA drift, spectrum 3",drift,96.07861111111112,24.0,-0.00118672061225,0.000411684417891,0.004003225761984,0.399279262568793,M1-split,middle
2 % H2O,"H3PO4 drift, spectrum 3",drift,96.07861111111112,24.0,0.004992993648261,-0.000415485243975,0.005699827509141,-0.94888466073079,M1-split,middle
2 % H2O,"TMSPA drift, spectrum 4",drift,120.08305555555556,24.0,0.009425300236394,-4.173e-12,0.004873014369394,-1.934182730870793,M1-split,middle
2 % H2O,"BMSPA drift, spectrum 4",drift,120.08305555555556,24.0,-0.001223312036984,-1.7663873022e-05,0.004250826216246,0.283626782801462,M1-split,middle
2 % H2O,"MMSPA drift, spectrum 4",drift,120.08305555555556,24.0,0.000498098700015,-0.00071611895808,0.003806990686435,-0.318944215550849,M1-split,middle
2 % H2O,"H3PO4 drift, spectrum 4",drift,120.08305555555556,24.0,-0.004810503672134,0.000723532167853,0.005355295693576,1.033376335619683,M1-split,middle
2 % H2O,"TMSPA drift, spectrum 5",drift,144.08472222222224,24.0,-0.001265398001475,-4.325e-12,0.004899665236702,0.258262133435484,M1-split,middle
2 % H2O,"BMSPA drift, spectrum 5",drift,144.08472222222224,24.0,0.00266915857246,-2.1848539482e-05,0.004214024797198,-0.638583596786415,M1-split,middle
2 % H2O,"MMSPA drift, spectrum 5",drift,144.08472222222224,24.0,-0.000873972223684,-0.001424008264912,0.003784076640901,-0.14535541782698,M1-split,middle
2 % H2O,"H3PO4 drift, spectrum 5",drift,144.08472222222224,24.0,-0.00347436836134,0.001435606141298,0.005335614685411,0.920226589087001,M1-split,middle
2 % H2O,"TMSPA drift, spectrum 6",drift,169.09472222222223,24.0,-0.000371994698065,-4.336e-12,0.005050447769394,0.073655784737288,M1-split,middle
2 % H2O,"BMSPA drift, spectrum 6",drift,169.09472222222223,24.0,0.004697041286556,-2.2389845703e-05,0.004339733150695,-1.087493393805414,M1-split,middle
2 % H2O,"MMSPA drift, spectrum 6",drift,169.09472222222223,24.0,-0.001601105714734,-0.00155634482528,0.003902274585765,0.011470461257943,M1-split,middle
2 % H2O,"H3PO4 drift, spectrum 6",drift,169.09472222222223,24.0,-0.001235947479813,0.001568484007898,0.005518629094116,0.508175389192312,M1-split,middle
TMSPa + TMSOH (A),TMSPA,share,24.06138888888889,24.0,0.105394727871932,1.6830865447e-05,0.044518461652812,-2.367060610231774,M1-split,middle
TMSPa + TMSOH (A),BMSPA,share,24.06138888888889,24.0,0.68730822668682,0.842795371089918,0.066059782134018,2.353733835931449,M1-split,middle
TMSPa + TMSOH (A),MMSPA,share,24.06138888888889,24.0,0.194086384440475,0.134081710714349,0.043088354664185,-1.39259607830888,M1-split,middle
TMSPa + TMSOH (A),H3PO4,share,24.06138888888889,24.0,0.009922308243863,0.023106087330286,0.046829903699947,0.281524796012731,M1-split,middle
"TMSOH, probe",TMSOH,share,24.220277777777778,24.0,0.963943245248599,0.995829464640247,0.145962663489997,0.218454628253846,M1-split,middle
"TMSOH, probe",HMDSO,share,24.220277777777778,24.0,0.017002434066569,0.003640304939958,0.038986013077977,-0.342741616073549,M1-split,middle
"TMSOH, probe",TMSOEG,share,24.220277777777778,24.0,0.016361410760644,0.000530230419794,0.034275666130286,-0.461878123117232,M1-split,middle
"TMSOH, probe",TMSOH,share,162.71138888888888,24.0,0.901392807248745,0.95231321011531,0.137481864823087,0.37037905277245,M1-split,middle
"TMSOH, probe",HMDSO,share,162.71138888888888,24.0,0.056034110436671,0.039578459181022,0.038576083055218,-0.426576519759504,M1-split,middle
"TMSOH, probe",TMSOEG,share,162.71138888888888,24.0,0.030938178019806,0.008108330703668,0.035422157315575,-0.644507535572922,M1-split,middle
"TMSOH, probe",TMSOH,share,168.04666666666665,24.0,0.931438713948405,0.916808390696046,0.141263592976031,-0.103567543088339,M1-split,middle
"TMSOH, probe",HMDSO,share,168.04666666666665,24.0,0.063622719132554,0.066859010110041,0.041878295502661,0.077278478950549,M1-split,middle
"TMSOH, probe",TMSOEG,share,168.04666666666665,24.0,0.004938566919041,0.016332599193912,0.03465714188641,0.328764337007819,M1-split,middle
"TMSOH, glovebox",TMSOH,share,8.085555555555555,,0.417673645346297,0.409818258473915,0.06726322570991,-0.11678575907525,M1-split,middle
"TMSOH, glovebox",HMDSO,share,8.085555555555555,,0.160556834914945,0.168086395846436,0.063070233236669,0.119383749592884,M1-split,middle
"TMSOH, glovebox",TMSOEG,share,8.085555555555555,,0.427057426127992,0.422095345679649,0.076614771598312,-0.06476662848202,M1-split,middle
E1,ring_opened_fraction ≤ 0.02,limit,168.0,,0.02,0.005409747481642,0.01,0.0,M1-split,middle
0.5 % H2O,TMSPA,share,186.8636111111111,168.0,0.929993239108732,0.90085444230784,0.050382623962269,-0.578350123699668,M1-split,long
0.5 % H2O,BMSPA,share,186.8636111111111,168.0,0.060206745977826,0.048796926295481,0.013578352713469,-0.840294837165881,M1-split,long
0.5 % H2O,MMSPA,share,186.8636111111111,168.0,-0.012788836128245,0.021419274407618,0.016523762306206,2.070237389157713,M1-split,long
0.5 % H2O,H3PO4,share,186.8636111111111,168.0,0.02252833341213,0.028929356989061,0.0295204054619,0.216833863789314,M1-split,long
2 % H2O,TMSPA (mean of 6 spectra),mean,245.750787037037,168.0,-0.000765662665101,1.94679e-10,0.016618543172541,0.046072802641644,M1-split,long
2 % H2O,BMSPA (mean of 6 spectra),mean,245.750787037037,168.0,0.037118874863205,0.000565296110599,0.01210576350869,-3.019518655421254,M1-split,long
2 % H2O,MMSPA (mean of 6 spectra),mean,245.750787037037,168.0,0.315994642634203,0.013381156441589,0.019615050041581,-15.427617342352649,M1-split,long
2 % H2O,H3PO4 (mean of 6 spectra),mean,245.750787037037,168.0,0.661593213609833,0.986067354264348,0.033785844860775,9.603848652937774,M1-split,long
2 % H2O,"TMSPA drift, spectrum 1",drift,168.07722222222222,168.0,-0.000305456514041,1.909951e-09,0.016447157398396,0.018572110462239,M1-split,long
2 % H2O,"BMSPA drift, spectrum 1",drift,168.07722222222222,168.0,0.010338222996301,0.003731698710142,0.014063516710961,-0.469763318943501,M1-split,long
2 % H2O,"MMSPA drift, spectrum 1",drift,168.07722222222222,168.0,-0.004912709469829,0.009777764164883,0.012683427177254,1.158241651046638,M1-split,long
2 % H2O,"H3PO4 drift, spectrum 1",drift,168.07722222222222,168.0,0.003069523607814,-0.013523271796192,0.01806042743821,-0.91873769105268,M1-split,long
2 % H2O,"TMSPA drift, spectrum 2",drift,201.08638888888888,168.0,-0.009093641193599,1.89493e-10,0.004971153901284,1.829281805325383,M1-split,long
2 % H2O,"BMSPA drift, spectrum 2",drift,201.08638888888888,168.0,-0.003661605318228,0.000355741894496,0.004266281385167,0.941650784379103,M1-split,long
2 % H2O,"MMSPA drift, spectrum 2",drift,201.08638888888888,168.0,0.003448676878488,0.003478408355559,0.003819464322561,0.007784200756885,M1-split,long
2 % H2O,"H3PO4 drift, spectrum 2",drift,201.08638888888888,168.0,0.004917027614622,-0.003847957450762,0.005421931041222,-1.616579959934119,M1-split,long
2 % H2O,"TMSPA drift, spectrum 3",drift,240.07861111111112,168.0,0.001056379449513,-6.779e-12,0.005172384135828,-0.204234532577482,M1-split,long
2 % H2O,"BMSPA drift, spectrum 3",drift,240.07861111111112,168.0,-0.003682609438276,-2.1224932672e-05,0.004484647883529,0.816426306076466,M1-split,long
2 % H2O,"MMSPA drift, spectrum 3",drift,240.07861111111112,168.0,-0.00118672061225,0.002116862370031,0.004003225761984,0.82523024648088,M1-split,long
2 % H2O,"H3PO4 drift, spectrum 3",drift,240.07861111111112,168.0,0.004992993648261,-0.002109444441794,0.005699827509141,-1.246079478486652,M1-split,long
2 % H2O,"TMSPA drift, spectrum 4",drift,264.0830555555556,168.0,0.009425300236394,-5.0278e-11,0.004873014369394,-1.934182740332147,M1-split,long
2 % H2O,"BMSPA drift, spectrum 4",drift,264.0830555555556,168.0,-0.001223312036984,-5.2951009127e-05,0.004250826216246,0.27532554104035,M1-split,long
2 % H2O,"MMSPA drift, spectrum 4",drift,264.0830555555556,168.0,0.000498098700015,0.001264467600609,0.003806990686435,0.201305693582387,M1-split,long
2 % H2O,"H3PO4 drift, spectrum 4",drift,264.0830555555556,168.0,-0.004810503672134,-0.001225323552418,0.005355295693576,0.669464456279432,M1-split,long
2 % H2O,"TMSPA drift, spectrum 5",drift,288.08472222222224,168.0,-0.001265398001475,-1.25686e-10,0.004899665236702,0.258262108666229,M1-split,long
2 % H2O,"BMSPA drift, spectrum 5",drift,288.08472222222224,168.0,0.00266915857246,-0.000206381089127,0.004214024797198,-0.682373692603499,M1-split,long
2 % H2O,"MMSPA drift, spectrum 5",drift,288.08472222222224,168.0,-0.000873972223684,-0.001521840645888,0.003784076640901,-0.171209117490113,M1-split,long
2 % H2O,"H3PO4 drift, spectrum 5",drift,288.08472222222224,168.0,-0.00347436836134,0.001714414849487,0.005335614685411,0.972480869920048,M1-split,long
2 % H2O,"TMSPA drift, spectrum 6",drift,313.09472222222223,168.0,-0.000371994698065,-1.81671e-10,0.005050447769394,0.07365574962461,M1-split,long
2 % H2O,"BMSPA drift, spectrum 6",drift,313.09472222222223,168.0,0.004697041286556,-0.000429495006831,0.004339733150695,-1.18130219425269,M1-split,long
2 % H2O,"MMSPA drift, spectrum 6",drift,313.09472222222223,168.0,-0.001601105714734,-0.006278033111071,0.003902274585765,-1.198513147536681,M1-split,long
2 % H2O,"H3PO4 drift, spectrum 6",drift,313.09472222222223,168.0,-0.001235947479813,0.006693721288358,0.005518629094116,1.436891052639277,M1-split,long
TMSPa + TMSOH (A),TMSPA,share,168.0613888888889,168.0,0.105394727871932,1.7974373917e-05,0.044518461652812,-2.367034924068598,M1-split,long
TMSPa + TMSOH (A),BMSPA,share,168.0613888888889,168.0,0.68730822668682,0.842182247009266,0.066059782134018,2.34445248408853,M1-split,long
TMSPa + TMSOH (A),MMSPA,share,168.0613888888889,168.0,0.194086384440475,0.134027492689413,0.043088354664185,-1.393854377108129,M1-split,long
TMSPa + TMSOH (A),H3PO4,share,168.0613888888889,168.0,0.009922308243863,0.023772285927404,0.046829903699947,0.295750718862928,M1-split,long
"TMSOH, probe",TMSOH,share,168.22027777777777,168.0,0.963943245248599,0.995807225261748,0.145962663489997,0.218302264779737,M1-split,long
"TMSOH, probe",HMDSO,share,168.22027777777777,168.0,0.017002434066569,0.000911367698419,0.038986013077977,-0.4127394698187,M1-split,long
"TMSOH, probe",TMSOEG,share,168.22027777777777,168.0,0.016361410760644,0.003281407039833,0.034275666130286,-0.381611947995183,M1-split,long
"TMSOH, probe",TMSOH,share,306.7113888888889,168.0,0.901392807248745,0.987049409207142,0.137481864823087,0.62303927917054,M1-split,long
"TMSOH, probe",HMDSO,share,306.7113888888889,168.0,0.056034110436671,0.002694352729931,0.038576083055218,-1.382715752410342,M1-split,long
"TMSOH, probe",TMSOEG,share,306.7113888888889,168.0,0.030938178019806,0.010256238062927,0.035422157315575,-0.583870140167468,M1-split,long
"TMSOH, probe",TMSOH,share,312.0466666666667,168.0,0.931438713948405,0.97731240171373,0.141263592976031,0.324738220222877,M1-split,long
"TMSOH, probe",HMDSO,share,312.0466666666667,168.0,0.063622719132554,0.004585121981973,0.041878295502661,-1.40974212159205,M1-split,long
"TMSOH, probe",TMSOEG,share,312.0466666666667,168.0,0.004938566919041,0.018102476304296,0.03465714188641,0.379832515572142,M1-split,long
"TMSOH, glovebox",TMSOH,share,8.085555555555555,,0.417673645346297,0.457786023385665,0.06726322570991,0.596349307010093,M1-split,long
"TMSOH, glovebox",HMDSO,share,8.085555555555555,,0.160556834914945,0.078577485414887,0.063070233236669,-1.299810469900001,M1-split,long
"TMSOH, glovebox",TMSOEG,share,8.085555555555555,,0.427057426127992,0.463636491199448,0.076614771598312,0.477441416431271,M1-split,long
E1,ring_opened_fraction ≤ 0.02,limit,168.0,,0.02,0.004910657933149,0.01,0.0,M1-split,long
0.5 % H2O,TMSPA,share,19.863611111111112,1.0,0.929993239108732,0.930892663744528,0.050382623962269,0.017851881562758,M1-split,free
0.5 % H2O,BMSPA,share,19.863611111111112,1.0,0.060206745977826,0.063577526113702,0.013578352713469,0.248246617760371,M1-split,free
0.5 % H2O,MMSPA,share,19.863611111111112,1.0,-0.012788836128245,0.005095729062178,0.016523762306206,1.082354300370546,M1-split,free
0.5 % H2O,H3PO4,share,19.863611111111112,1.0,0.02252833341213,0.000434081079592,0.0295204054619,-0.748440002324978,M1-split,free
2 % H2O,TMSPA (mean of 6 spectra),mean,245.75078686489505,167.99999982785803,-0.000765662665101,4.82276e-10,0.016618543172541,0.046072819947414,M1-split,free
2 % H2O,BMSPA (mean of 6 spectra),mean,245.75078686489505,167.99999982785803,0.037118874863205,0.001279803126628,0.01210576350869,-2.960496602370553,M1-split,free
2 % H2O,MMSPA (mean of 6 spectra),mean,245.75078686489505,167.99999982785803,0.315994642634203,0.020869186841721,0.019615050041581,-15.045868104687772,M1-split,free
2 % H2O,H3PO4 (mean of 6 spectra),mean,245.75078686489505,167.99999982785803,0.661593213609833,0.977866210784237,0.033785844860775,9.361109614920352,M1-split,free
2 % H2O,"TMSPA drift, spectrum 1",drift,168.07722205008025,167.99999982785803,-0.000305456514041,2.456825e-09,0.016447157398396,0.018572143712591,M1-split,free
2 % H2O,"BMSPA drift, spectrum 1",drift,168.07722205008025,167.99999982785803,0.010338222996301,0.004548522879616,0.014063516710961,-0.411682243899407,M1-split,free
2 % H2O,"MMSPA drift, spectrum 1",drift,168.07722205008025,167.99999982785803,-0.004912709469829,0.010479717916374,0.012683427177254,1.213585821173554,M1-split,free
2 % H2O,"H3PO4 drift, spectrum 1",drift,168.07722205008025,167.99999982785803,0.003069523607814,-0.015043444487677,0.01806042743821,-1.00290915912484,M1-split,free
2 % H2O,"TMSPA drift, spectrum 2",drift,201.0863887167469,167.99999982785803,-0.009093641193599,5.14952e-10,0.004971153901284,1.829281870794978,M1-split,free
2 % H2O,"BMSPA drift, spectrum 2",drift,201.0863887167469,167.99999982785803,-0.003661605318228,0.000921822795828,0.004266281385167,1.074337977329066,M1-split,free
2 % H2O,"MMSPA drift, spectrum 2",drift,201.0863887167469,167.99999982785803,0.003448676878488,0.004271175893057,0.003819464322561,0.215344075793594,M1-split,free
2 % H2O,"H3PO4 drift, spectrum 2",drift,201.0863887167469,167.99999982785803,0.004917027614622,-0.005208200438699,0.005421931041222,-1.867457917915479,M1-split,free
2 % H2O,"TMSPA drift, spectrum 3",drift,240.07861093896912,167.99999982785803,0.001056379449513,1.6107e-11,0.005172384135828,-0.204234528152838,M1-split,free
2 % H2O,"BMSPA drift, spectrum 3",drift,240.07861093896912,167.99999982785803,-0.003682609438276,-2.0533037603e-05,0.004484647883529,0.81658058687797,M1-split,free
2 % H2O,"MMSPA drift, spectrum 3",drift,240.07861093896912,167.99999982785803,-0.00118672061225,0.002182215376316,0.004003225761984,0.841555332841538,M1-split,free
2 % H2O,"H3PO4 drift, spectrum 3",drift,240.07861093896912,167.99999982785803,0.004992993648261,-0.002176883589683,0.005699827509141,-1.257911265989138,M1-split,free
2 % H2O,"TMSPA drift, spectrum 4",drift,264.0830553834136,167.99999982785803,0.009425300236394,-9.1333e-11,0.004873014369394,-1.934182748756975,M1-split,free
2 % H2O,"BMSPA drift, spectrum 4",drift,264.0830553834136,167.99999982785803,-0.001223312036984,-0.000132294705274,0.004250826216246,0.256660064704543,M1-split,free
2 % H2O,"MMSPA drift, spectrum 4",drift,264.0830553834136,167.99999982785803,0.000498098700015,0.001613186018252,0.003806990686435,0.292905186821244,M1-split,free
2 % H2O,"H3PO4 drift, spectrum 4",drift,264.0830553834136,167.99999982785803,-0.004810503672134,-0.001496092456507,0.005355295693576,0.618903493900915,M1-split,free
2 % H2O,"TMSPA drift, spectrum 5",drift,288.08472205008025,167.99999982785803,-0.001265398001475,-2.48311e-10,0.004899665236702,0.258262083638955,M1-split,free
2 % H2O,"BMSPA drift, spectrum 5",drift,288.08472205008025,167.99999982785803,0.00266915857246,-0.000364735452386,0.004214024797198,-0.719951630769472,M1-split,free
2 % H2O,"MMSPA drift, spectrum 5",drift,288.08472205008025,167.99999982785803,-0.000873972223684,-0.001425290253298,0.003784076640901,-0.145694202821935,M1-split,free
2 % H2O,"H3PO4 drift, spectrum 5",drift,288.08472205008025,167.99999982785803,-0.00347436836134,0.001774824719133,0.005335614685411,0.983802877450213,M1-split,free
2 % H2O,"TMSPA drift, spectrum 6",drift,313.09472205008024,167.99999982785803,-0.000371994698065,-4.16594e-10,0.005050447769394,0.073655703109214,M1-split,free
2 % H2O,"BMSPA drift, spectrum 6",drift,313.09472205008024,167.99999982785803,0.004697041286556,-0.000843023226983,0.004339733150695,-1.276591053219998,M1-split,free
2 % H2O,"MMSPA drift, spectrum 6",drift,313.09472205008024,167.99999982785803,-0.001601105714734,-0.007703163284912,0.003902274585765,-1.563718143371612,M1-split,free
2 % H2O,"H3PO4 drift, spectrum 6",drift,313.09472205008024,167.99999982785803,-0.001235947479813,0.008530985693627,0.005518629094116,1.769811488844711,M1-split,free
TMSPa + TMSOH (A),TMSPA,share,168.0613888888889,168.0,0.105394727871932,1.7254905834e-05,0.044518461652812,-2.367051085185953,M1-split,free
TMSPa + TMSOH (A),BMSPA,share,168.0613888888889,168.0,0.68730822668682,0.842626092018788,0.066059782134018,2.351171322619086,M1-split,free
TMSPa + TMSOH (A),MMSPA,share,168.0613888888889,168.0,0.194086384440475,0.134037131666913,0.043088354664185,-1.393630674495791,M1-split,free
TMSPa + TMSOH (A),H3PO4,share,168.0613888888889,168.0,0.009922308243863,0.023319521408465,0.046829903699947,0.286082441049681,M1-split,free
"TMSOH, probe",TMSOH,share,1.220277777777778,1.0,0.963943245248599,0.999973488577965,0.145962663489997,0.246845614267894,M1-split,free
"TMSOH, probe",HMDSO,share,1.220277777777778,1.0,0.017002434066569,1.037845817e-06,0.038986013077977,-0.436089635191647,M1-split,free
"TMSOH, probe",TMSOEG,share,1.220277777777778,1.0,0.016361410760644,2.5473576218e-05,0.034275666130286,-0.476604513602467,M1-split,free
"TMSOH, probe",TMSOH,share,139.71138888888888,1.0,0.901392807248745,0.992199414358242,0.137481864823087,0.660498802706442,M1-split,free
"TMSOH, probe",HMDSO,share,139.71138888888888,1.0,0.056034110436671,0.00034009020223,0.038576083055218,-1.443744823825687,M1-split,free
"TMSOH, probe",TMSOEG,share,139.71138888888888,1.0,0.030938178019806,0.007460495439528,0.035422157315575,-0.662796519452949,M1-split,free
"TMSOH, probe",TMSOH,share,145.04666666666665,1.0,0.931438713948405,0.983457628971526,0.141263592976031,0.368240067573164,M1-split,free
"TMSOH, probe",HMDSO,share,145.04666666666665,1.0,0.063622719132554,0.000742769063372,0.041878295502661,-1.501492582600121,M1-split,free
"TMSOH, probe",TMSOEG,share,145.04666666666665,1.0,0.004938566919041,0.015799601965102,0.03465714188641,0.31338519147535,M1-split,free
"TMSOH, glovebox",TMSOH,share,8.085555555555555,,0.417673645346297,0.478703652344222,0.06726322570991,0.907330957648883,M1-split,free
"TMSOH, glovebox",HMDSO,share,8.085555555555555,,0.160556834914945,0.018159588772894,0.063070233236669,-2.257756771054093,M1-split,free
"TMSOH, glovebox",TMSOEG,share,8.085555555555555,,0.427057426127992,0.503136758882884,0.076614771598312,0.993011284478831,M1-split,free
E1,ring_opened_fraction ≤ 0.02,limit,168.0,,0.02,0.00524365240803,0.01,0.0,M1-split,free
0.5 % H2O,TMSPA,share,19.863611111111112,1.0,0.929993239108732,0.402592049264226,0.050382623962269,-10.467918269589667,M3,short
0.5 % H2O,BMSPA,share,19.863611111111112,1.0,0.060206745977826,0.114599019140496,0.013578352713469,4.005807943751075,M3,short
0.5 % H2O,MMSPA,share,19.863611111111112,1.0,-0.012788836128245,0.174774240527073,0.016523762306206,11.35111200340077,M3,short
0.5 % H2O,H3PO4,share,19.863611111111112,1.0,0.02252833341213,0.308034691068205,0.0295204054619,9.671491742366495,M3,short
2 % H2O,TMSPA (mean of 6 spectra),mean,78.75078703703704,1.0,-0.000765662665101,0.129151222873601,0.016618543172541,7.817585704706433,M3,short
2 % H2O,BMSPA (mean of 6 spectra),mean,78.75078703703704,1.0,0.037118874863205,0.067642367380306,0.01210576350869,2.521401685667403,M3,short
2 % H2O,MMSPA (mean of 6 spectra),mean,78.75078703703704,1.0,0.315994642634203,0.189528137830688,0.019615050041581,-6.447421981357336,M3,short
2 % H2O,H3PO4 (mean of 6 spectra),mean,78.75078703703704,1.0,0.661593213609833,0.61368404203514,0.033785844860775,-1.418024967915341,M3,short
2 % H2O,"TMSPA drift, spectrum 1",drift,1.077222222222222,1.0,-0.000305456514041,0.019935315779213,0.016447157398396,1.230654744948717,M3,short
2 % H2O,"BMSPA drift, spectrum 1",drift,1.077222222222222,1.0,0.010338222996301,0.005619373435244,0.014063516710961,-0.335538376214172,M3,short
2 % H2O,"MMSPA drift, spectrum 1",drift,1.077222222222222,1.0,-0.004912709469829,0.003060255559045,0.012683427177254,0.628612828177268,M3,short
2 % H2O,"H3PO4 drift, spectrum 1",drift,1.077222222222222,1.0,0.003069523607814,-0.028620714893238,0.01806042743821,-1.754678210661028,M3,short
2 % H2O,"TMSPA drift, spectrum 2",drift,34.08638888888889,1.0,-0.009093641193599,-0.000343393961793,0.004971153901284,1.760204452641263,M3,short
2 % H2O,"BMSPA drift, spectrum 2",drift,34.08638888888889,1.0,-0.003661605318228,-9.8440955773e-05,0.004266281385167,0.835192065587535,M3,short
2 % H2O,"MMSPA drift, spectrum 2",drift,34.08638888888889,1.0,0.003448676878488,-5.2318402181e-05,0.003819464322561,-0.916619448436566,M3,short
2 % H2O,"H3PO4 drift, spectrum 2",drift,34.08638888888889,1.0,0.004917027614622,0.000488383200013,0.005421931041222,-0.816802054644305,M3,short
2 % H2O,"TMSPA drift, spectrum 3",drift,73.07861111111112,1.0,0.001056379449513,-0.000345146485403,0.005172384135828,-0.270963234383265,M3,short
2 % H2O,"BMSPA drift, spectrum 3",drift,73.07861111111112,1.0,-0.003682609438276,-9.8958465677e-05,0.004484647883529,0.799093053829335,M3,short
2 % H2O,"MMSPA drift, spectrum 3",drift,73.07861111111112,1.0,-0.00118672061225,-5.2643902326e-05,0.004003225761984,0.283290720371968,M3,short
2 % H2O,"H3PO4 drift, spectrum 3",drift,73.07861111111112,1.0,0.004992993648261,0.000490978733671,0.005699827509141,-0.78985108011944,M3,short
2 % H2O,"TMSPA drift, spectrum 4",drift,97.08305555555556,1.0,0.009425300236394,-0.000349560820263,0.004873014369394,-2.005916731551197,M3,short
2 % H2O,"BMSPA drift, spectrum 4",drift,97.08305555555556,1.0,-0.001223312036984,-0.000100262012056,0.004250826216246,0.26419570403405,M3,short
2 % H2O,"MMSPA drift, spectrum 4",drift,97.08305555555556,1.0,0.000498098700015,-5.3463833231e-05,0.003806990686435,-0.144881503180876,M3,short
2 % H2O,"H3PO4 drift, spectrum 4",drift,97.08305555555556,1.0,-0.004810503672134,0.000497516545815,0.005355295693576,0.991172200690285,M3,short
2 % H2O,"TMSPA drift, spectrum 5",drift,121.08472222222224,1.0,-0.001265398001475,-0.000366506052104,0.004899665236702,0.183459870408732,M3,short
2 % H2O,"BMSPA drift, spectrum 5",drift,121.08472222222224,1.0,0.00266915857246,-0.000105266161247,0.004214024797198,-0.658378834303737,M3,short
2 % H2O,"MMSPA drift, spectrum 5",drift,121.08472222222224,1.0,-0.000873972223684,-5.6611897651e-05,0.003784076640901,0.215999939641535,M3,short
2 % H2O,"H3PO4 drift, spectrum 5",drift,121.08472222222224,1.0,-0.00347436836134,0.000522613991266,0.005335614685411,0.74911375507208,M3,short
2 % H2O,"TMSPA drift, spectrum 6",drift,146.09472222222223,1.0,-0.000371994698065,-0.000431362430677,0.005050447769394,-0.011754944377804,M3,short
2 % H2O,"BMSPA drift, spectrum 6",drift,146.09472222222223,1.0,0.004697041286556,-0.00012442276191,0.004339733150695,-1.111004727950656,M3,short
2 % H2O,"MMSPA drift, spectrum 6",drift,146.09472222222223,1.0,-0.001601105714734,-6.8669808695e-05,0.003902274585765,0.392703248415472,M3,short
2 % H2O,"H3PO4 drift, spectrum 6",drift,146.09472222222223,1.0,-0.001235947479813,0.000618684881547,0.005518629094116,0.336067586665166,M3,short
TMSPa + TMSOH (A),TMSPA,share,1.061388888888889,1.0,0.105394727871932,0.623950510804511,0.044518461652812,11.648106508635864,M3,short
TMSPa + TMSOH (A),BMSPA,share,1.061388888888889,1.0,0.68730822668682,0.117550481944227,0.066059782134018,-8.624880772187604,M3,short
TMSPa + TMSOH (A),MMSPA,share,1.061388888888889,1.0,0.194086384440475,0.119076007199999,0.043088354664185,-1.740850348663347,M3,short
TMSPa + TMSOH (A),H3PO4,share,1.061388888888889,1.0,0.009922308243863,0.139423000051263,0.046829903699947,2.765341834507053,M3,short
"TMSOH, probe",TMSOH,share,1.220277777777778,1.0,0.963943245248599,0.999958333578814,0.145962663489997,0.246741786351986,M3,short
"TMSOH, probe",HMDSO,share,1.220277777777778,1.0,0.017002434066569,1.8852139769e-05,0.038986013077977,-0.435632694546901,M3,short
"TMSOH, probe",TMSOEG,share,1.220277777777778,1.0,0.016361410760644,2.2814281417e-05,0.034275666130286,-0.476682099105584,M3,short
"TMSOH, probe",TMSOH,share,139.71138888888888,1.0,0.901392807248745,0.988609553071528,0.137481864823087,0.634387276714748,M3,short
"TMSOH, probe",HMDSO,share,139.71138888888888,1.0,0.056034110436671,0.004648473850703,0.038576083055218,-1.332059465768303,M3,short
"TMSOH, probe",TMSOEG,share,139.71138888888888,1.0,0.030938178019806,0.006741973077769,0.035422157315575,-0.683081064952464,M3,short
"TMSOH, probe",TMSOH,share,145.04666666666665,1.0,0.931438713948405,0.976500200357152,0.141263592976031,0.318988675421793,M3,short
"TMSOH, probe",HMDSO,share,145.04666666666665,1.0,0.063622719132554,0.009196629032222,0.041878295502661,-1.299625246134322,M3,short
"TMSOH, probe",TMSOEG,share,145.04666666666665,1.0,0.004938566919041,0.014303170610626,0.03465714188641,0.270207039065078,M3,short
"TMSOH, glovebox",TMSOH,share,8.085555555555555,,0.417673645346297,0.404645449316426,0.06726322570991,-0.193689730047417,M3,short
"TMSOH, glovebox",HMDSO,share,8.085555555555555,,0.160556834914945,0.176185474873657,0.063070233236669,0.247797402303342,M3,short
"TMSOH, glovebox",TMSOEG,share,8.085555555555555,,0.427057426127992,0.419169075809917,0.076614771598312,-0.102961219533917,M3,short
E1,ring_opened_fraction ≤ 0.02,limit,168.0,,0.02,0.00469317128768,0.01,0.0,M3,short
computed energies,ΔG_rxn(R1) − computed,prior,,,0.0,0.623708403453538,0.261581533129556,2.384374753032076,M3,short
computed energies,ΔG_rxn(R2) − computed,prior,,,0.0,0.26448872898531,0.245666381818747,1.076617512853062,M3,short
computed energies,ΔG_rxn(R3) − computed,prior,,,0.0,0.280266290936018,0.241338240264351,1.16130079770627,M3,short
computed energies,ΔG_rxn(R4) − computed,prior,,,0.0,-0.325119112221521,0.336332637025305,-0.96665942115234,M3,short
0.5 % H2O,TMSPA,share,42.86361111111111,24.0,0.929993239108732,0.938503169443928,0.050382623962269,0.168906056611284,M3,middle
0.5 % H2O,BMSPA,share,42.86361111111111,24.0,0.060206745977826,0.061341123874257,0.013578352713469,0.083543116044254,M3,middle
0.5 % H2O,MMSPA,share,42.86361111111111,24.0,-0.012788836128245,0.000155530487514,0.016523762306206,0.783378892523607,M3,middle
0.5 % H2O,H3PO4,share,42.86361111111111,24.0,0.02252833341213,1.761943e-07,0.0295204054619,-0.763138475415126,M3,middle
2 % H2O,TMSPA (mean of 6 spectra),mean,101.75078703703703,24.0,-0.000765662665101,3.813e-12,0.016618543172541,0.04607279115649,M3,middle
2 % H2O,BMSPA (mean of 6 spectra),mean,101.75078703703703,24.0,0.037118874863205,8.7965435e-08,0.01210576350869,-3.066207833246143,M3,middle
2 % H2O,MMSPA (mean of 6 spectra),mean,101.75078703703703,24.0,0.315994642634203,0.000230287638522,0.019615050041581,-16.098065226767368,M3,middle
2 % H2O,H3PO4 (mean of 6 spectra),mean,101.75078703703703,24.0,0.661593213609833,0.99977026682612,0.033785844860775,10.009430121101131,M3,middle
2 % H2O,"TMSPA drift, spectrum 1",drift,24.077222222222222,24.0,-0.000305456514041,2.04706e-10,0.016447157398396,0.018572006781966,M3,middle
2 % H2O,"BMSPA drift, spectrum 1",drift,24.077222222222222,24.0,0.010338222996301,3.922375766e-06,0.014063516710961,-0.73483047184639,M3,middle
2 % H2O,"MMSPA drift, spectrum 1",drift,24.077222222222222,24.0,-0.004912709469829,0.002760070373103,0.012683427177254,0.604945314519748,M3,middle
2 % H2O,"H3PO4 drift, spectrum 1",drift,24.077222222222222,24.0,0.003069523607814,-0.002764635387465,0.01806042743821,-0.323035488237434,M3,middle
2 % H2O,"TMSPA drift, spectrum 2",drift,57.08638888888889,24.0,-0.009093641193599,-3.771e-12,0.004971153901284,1.829281766448391,M3,middle
2 % H2O,"BMSPA drift, spectrum 2",drift,57.08638888888889,24.0,-0.003661605318228,-7.4145527e-08,0.004266281385167,0.858248868776445,M3,middle
2 % H2O,"MMSPA drift, spectrum 2",drift,57.08638888888889,24.0,0.003448676878488,-5.4495915262e-05,0.003819464322561,-0.917189557985186,M3,middle
2 % H2O,"H3PO4 drift, spectrum 2",drift,57.08638888888889,24.0,0.004917027614622,5.392763067e-05,0.005421931041222,-0.896931360244018,M3,middle
2 % H2O,"TMSPA drift, spectrum 3",drift,96.07861111111112,24.0,0.001056379449513,-3.768e-12,0.005172384135828,-0.20423453199546,M3,middle
2 % H2O,"BMSPA drift, spectrum 3",drift,96.07861111111112,24.0,-0.003682609438276,-7.3596826e-08,0.004484647883529,0.821142693270316,M3,middle
2 % H2O,"MMSPA drift, spectrum 3",drift,96.07861111111112,24.0,-0.00118672061225,-5.1040405456e-05,0.004003225761984,0.283691271568739,M3,middle
2 % H2O,"H3PO4 drift, spectrum 3",drift,96.07861111111112,24.0,0.004992993648261,5.047157216e-05,0.005699827509141,-0.867135377022259,M3,middle
2 % H2O,"TMSPA drift, spectrum 4",drift,120.08305555555556,24.0,0.009425300236394,-3.767e-12,0.004873014369394,-1.934182730787412,M3,middle
2 % H2O,"BMSPA drift, spectrum 4",drift,120.08305555555556,24.0,-0.001223312036984,-7.3249386e-08,0.004250826216246,0.287764948593505,M3,middle
2 % H2O,"MMSPA drift, spectrum 4",drift,120.08305555555556,24.0,0.000498098700015,-4.8886405202e-05,0.003806990686435,-0.143679128810488,M3,middle
2 % H2O,"H3PO4 drift, spectrum 4",drift,120.08305555555556,24.0,-0.004810503672134,4.8317224464e-05,0.005355295693576,0.907292738742038,M3,middle
2 % H2O,"TMSPA drift, spectrum 5",drift,144.08472222222224,24.0,-0.001265398001475,-3.766e-12,0.004899665236702,0.258262133549605,M3,middle
2 % H2O,"BMSPA drift, spectrum 5",drift,144.08472222222224,24.0,0.00266915857246,-7.3034206e-08,0.004214024797198,-0.633416207811712,M3,middle
2 % H2O,"MMSPA drift, spectrum 5",drift,144.08472222222224,24.0,-0.000873972223684,-4.7565107595e-05,0.003784076640901,0.218390691974045,M3,middle
2 % H2O,"H3PO4 drift, spectrum 5",drift,144.08472222222224,24.0,-0.00347436836134,4.6995711677e-05,0.005335614685411,0.659973457724612,M3,middle
2 % H2O,"TMSPA drift, spectrum 6",drift,169.09472222222223,24.0,-0.000371994698065,-3.77e-12,0.005050447769394,0.07365578484923,M3,middle
2 % H2O,"BMSPA drift, spectrum 6",drift,169.09472222222223,24.0,0.004697041286556,-7.4057255e-08,0.004339733150695,-1.08235119089255,M3,middle
2 % H2O,"MMSPA drift, spectrum 6",drift,169.09472222222223,24.0,-0.001601105714734,-5.3935442355e-05,0.003902274585765,0.396479088894052,M3,middle
2 % H2O,"H3PO4 drift, spectrum 6",drift,169.09472222222223,24.0,-0.001235947479813,5.336706949e-05,0.005518629094116,0.233629498796634,M3,middle
TMSPa + TMSOH (A),TMSPA,share,24.06138888888889,24.0,0.105394727871932,0.08929016381596,0.044518461652812,-0.361750237049235,M3,middle
TMSPa + TMSOH (A),BMSPA,share,24.06138888888889,24.0,0.68730822668682,0.683464273881131,0.066059782134018,-0.058189002166119,M3,middle
TMSPa + TMSOH (A),MMSPA,share,24.06138888888889,24.0,0.194086384440475,0.200902833801893,0.043088354664185,0.158197021319166,M3,middle
TMSPa + TMSOH (A),H3PO4,share,24.06138888888889,24.0,0.009922308243863,0.026342728501016,0.046829903699947,0.350639633221627,M3,middle
"TMSOH, probe",TMSOH,share,24.220277777777778,24.0,0.963943245248599,0.98492352831626,0.145962663489997,0.143737326834261,M3,middle
"TMSOH, probe",HMDSO,share,24.220277777777778,24.0,0.017002434066569,0.01457123188825,0.038986013077977,-0.06236088243893,M3,middle
"TMSOH, probe",TMSOEG,share,24.220277777777778,24.0,0.016361410760644,0.00050523979549,0.034275666130286,-0.46260723000634,M3,middle
"TMSOH, probe",TMSOH,share,162.71138888888888,24.0,0.901392807248745,0.91430645171483,0.137481864823087,0.09392980290675,M3,middle
"TMSOH, probe",HMDSO,share,162.71138888888888,24.0,0.056034110436671,0.078132117559159,0.038576083055218,0.572842169871337,M3,middle
"TMSOH, probe",TMSOEG,share,162.71138888888888,24.0,0.030938178019806,0.007561430726011,0.035422157315575,-0.659947023709808,M3,middle
"TMSOH, probe",TMSOH,share,168.04666666666665,24.0,0.931438713948405,0.897739106767204,0.141263592976031,-0.238558332484997,M3,middle
"TMSOH, probe",HMDSO,share,168.04666666666665,24.0,0.063622719132554,0.087043735106845,0.041878295502661,0.559263830897858,M3,middle
"TMSOH, probe",TMSOEG,share,168.04666666666665,24.0,0.004938566919041,0.015217158125951,0.03465714188641,0.296579309413304,M3,middle
"TMSOH, glovebox",TMSOH,share,8.085555555555555,,0.417673645346297,0.472784017754227,0.06726322570991,0.819323959359429,M3,middle
"TMSOH, glovebox",HMDSO,share,8.085555555555555,,0.160556834914945,0.050285977282629,0.063070233236669,-1.74838195410706,M3,middle
"TMSOH, glovebox",TMSOEG,share,8.085555555555555,,0.427057426127992,0.476930004963144,0.076614771598312,0.650952522532238,M3,middle
E1,ring_opened_fraction ≤ 0.02,limit,168.0,,0.02,0.005058762129284,0.01,0.0,M3,middle
computed energies,ΔG_rxn(R1) − computed,prior,,,0.0,0.158268238086301,0.261581533129556,0.605043621362652,M3,middle
computed energies,ΔG_rxn(R2) − computed,prior,,,0.0,-0.075394439830299,0.245666381818747,-0.306897668586683,M3,middle
computed energies,ΔG_rxn(R3) − computed,prior,,,0.0,-0.0354223713053,0.241338240264351,-0.146774797340445,M3,middle
computed energies,ΔG_rxn(R4) − computed,prior,,,0.0,0.077423148262324,0.336332637025305,0.230198142372068,M3,middle
0.5 % H2O,TMSPA,share,186.8636111111111,168.0,0.929993239108732,0.935553705209043,0.050382623962269,0.110364757986299,M3,long
0.5 % H2O,BMSPA,share,186.8636111111111,168.0,0.060206745977826,0.064213435623209,0.013578352713469,0.295079213946775,M3,long
0.5 % H2O,MMSPA,share,186.8636111111111,168.0,-0.012788836128245,0.000232854968376,0.016523762306206,0.788058485429212,M3,long
0.5 % H2O,H3PO4,share,186.8636111111111,168.0,0.02252833341213,4.199372e-09,0.0295204054619,-0.76314430172155,M3,long
2 % H2O,TMSPA (mean of 6 spectra),mean,245.750787037037,168.0,-0.000765662665101,6.8784261e-08,0.016618543172541,0.04607692993373,M3,long
2 % H2O,BMSPA (mean of 6 spectra),mean,245.750787037037,168.0,0.037118874863205,0.000676971821163,0.01210576350869,-3.010293651935549,M3,long
2 % H2O,MMSPA (mean of 6 spectra),mean,245.750787037037,168.0,0.315994642634203,0.315970409993007,0.019615050041581,-0.001235410623213,M3,long
2 % H2O,H3PO4 (mean of 6 spectra),mean,245.750787037037,168.0,0.661593213609833,0.683350392640675,0.033785844860775,0.643973211873198,M3,long
2 % H2O,"TMSPA drift, spectrum 1",drift,168.07722222222222,168.0,-0.000305456514041,1.7169567e-08,0.016447157398396,0.018573038258779,M3,long
2 % H2O,"BMSPA drift, spectrum 1",drift,168.07722222222222,168.0,0.010338222996301,0.000101337439681,0.014063516710961,-0.727903679215722,M3,long
2 % H2O,"MMSPA drift, spectrum 1",drift,168.07722222222222,168.0,-0.004912709469829,0.018302061961325,0.012683427177254,1.830323232571264,M3,long
2 % H2O,"H3PO4 drift, spectrum 1",drift,168.07722222222222,168.0,0.003069523607814,-0.018401259809679,0.01806042743821,-1.188830302657622,M3,long
2 % H2O,"TMSPA drift, spectrum 2",drift,201.08638888888888,168.0,-0.009093641193599,1.645973e-09,0.004971153901284,1.829282098311671,M3,long
2 % H2O,"BMSPA drift, spectrum 2",drift,201.08638888888888,168.0,-0.003661605318228,1.0115585177e-05,0.004266281385167,0.860637302586683,M3,long
2 % H2O,"MMSPA drift, spectrum 2",drift,201.08638888888888,168.0,0.003448676878488,0.001956732906084,0.003819464322561,-0.390616025286928,M3,long
2 % H2O,"H3PO4 drift, spectrum 2",drift,201.08638888888888,168.0,0.004917027614622,-0.001964693376341,0.005421931041222,-1.269238014766852,M3,long
2 % H2O,"TMSPA drift, spectrum 3",drift,240.07861111111112,168.0,0.001056379449513,-4.011677e-09,0.005172384135828,-0.204235306862327,M3,long
2 % H2O,"BMSPA drift, spectrum 3",drift,240.07861111111112,168.0,-0.003682609438276,-2.5055226548e-05,0.004484647883529,0.815572215861334,M3,long
2 % H2O,"MMSPA drift, spectrum 3",drift,240.07861111111112,168.0,-0.00118672061225,-0.004758543242871,0.004003225761984,-0.892236122314442,M3,long
2 % H2O,"H3PO4 drift, spectrum 3",drift,240.07861111111112,168.0,0.004992993648261,0.00478575924199,0.005699827509141,-0.036358013630859,M3,long
2 % H2O,"TMSPA drift, spectrum 4",drift,264.0830555555556,168.0,0.009425300236394,-2.001944e-09,0.004873014369394,-1.934183140836861,M3,long
2 % H2O,"BMSPA drift, spectrum 4",drift,264.0830555555556,168.0,-0.001223312036984,-1.242911493e-05,0.004250826216246,0.28485825118553,M3,long
2 % H2O,"MMSPA drift, spectrum 4",drift,264.0830555555556,168.0,0.000498098700015,-0.002318918341996,0.003806990686435,-0.739959005428741,M3,long
2 % H2O,"H3PO4 drift, spectrum 4",drift,264.0830555555556,168.0,-0.004810503672134,0.002333506219763,0.005355295693576,1.334008484436597,M3,long
2 % H2O,"TMSPA drift, spectrum 5",drift,288.08472222222224,168.0,-0.001265398001475,2.115723e-09,0.004899665236702,0.258262566127959,M3,long
2 % H2O,"BMSPA drift, spectrum 5",drift,288.08472222222224,168.0,0.00266915857246,1.2986029843e-05,0.004214024797198,-0.630317254986797,M3,long
2 % H2O,"MMSPA drift, spectrum 5",drift,288.08472222222224,168.0,-0.000873972223684,0.002494439899913,0.003784076640901,0.890154307972812,M3,long
2 % H2O,"H3PO4 drift, spectrum 5",drift,288.08472222222224,168.0,-0.00347436836134,-0.002505271284587,0.005335614685411,0.181628009871644,M3,long
2 % H2O,"TMSPA drift, spectrum 6",drift,313.09472222222223,168.0,-0.000371994698065,4.09334e-10,0.005050447769394,0.073655866644843,M3,long
2 % H2O,"BMSPA drift, spectrum 6",drift,313.09472222222223,168.0,0.004697041286556,2.527780308e-06,0.004339733150695,-1.081751652286713,M3,long
2 % H2O,"MMSPA drift, spectrum 6",drift,313.09472222222223,168.0,-0.001601105714734,0.000530360182496,0.003902274585765,0.546211152081806,M3,long
2 % H2O,"H3PO4 drift, spectrum 6",drift,313.09472222222223,168.0,-0.001235947479813,-0.000530731611246,0.005518629094116,0.127788234458255,M3,long
TMSPa + TMSOH (A),TMSPA,share,168.0613888888889,168.0,0.105394727871932,0.108270996897835,0.044518461652812,0.064608454989611,M3,long
TMSPa + TMSOH (A),BMSPA,share,168.0613888888889,168.0,0.68730822668682,0.686709181933265,0.066059782134018,-0.009068221756172,M3,long
TMSPa + TMSOH (A),MMSPA,share,168.0613888888889,168.0,0.194086384440475,0.204741506436786,0.043088354664185,0.247285422693758,M3,long
TMSPa + TMSOH (A),H3PO4,share,168.0613888888889,168.0,0.009922308243863,0.000278314732114,0.046829903699947,-0.205936650511619,M3,long
"TMSOH, probe",TMSOH,share,168.22027777777777,168.0,0.963943245248599,0.829363195658667,0.145962663489997,-0.92201694852708,M3,long
"TMSOH, probe",HMDSO,share,168.22027777777777,168.0,0.017002434066569,0.16728411646838,0.038986013077977,3.854758938833459,M3,long
"TMSOH, probe",TMSOEG,share,168.22027777777777,168.0,0.016361410760644,0.003352687872953,0.034275666130286,-0.379532314215074,M3,long
"TMSOH, probe",TMSOH,share,306.7113888888889,168.0,0.901392807248745,0.775390261143028,0.137481864823087,-0.916503033093552,M3,long
"TMSOH, probe",HMDSO,share,306.7113888888889,168.0,0.056034110436671,0.214649437272118,0.038576083055218,4.111753041603621,M3,long
"TMSOH, probe",TMSOEG,share,306.7113888888889,168.0,0.030938178019806,0.009960301584854,0.035422157315575,-0.592224698458097,M3,long
"TMSOH, probe",TMSOH,share,312.0466666666667,168.0,0.931438713948405,0.77190172792017,0.141263592976031,-1.129356705908682,M3,long
"TMSOH, probe",HMDSO,share,312.0466666666667,168.0,0.063622719132554,0.211099951444137,0.041878295502661,3.521567211402147,M3,long
"TMSOH, probe",TMSOEG,share,312.0466666666667,168.0,0.004938566919041,0.016998320635693,0.03465714188641,0.347973117811581,M3,long
"TMSOH, glovebox",TMSOH,share,8.085555555555555,,0.417673645346297,0.424018888160364,0.06726322570991,0.0943345007186,M3,long
"TMSOH, glovebox",HMDSO,share,8.085555555555555,,0.160556834914945,0.124863166723753,0.063070233236669,-0.565935249632769,M3,long
"TMSOH, glovebox",TMSOEG,share,8.085555555555555,,0.427057426127992,0.451117945115883,0.076614771598312,0.314045431265394,M3,long
E1,ring_opened_fraction ≤ 0.02,limit,168.0,,0.02,0.004947263049211,0.01,0.0,M3,long
computed energies,ΔG_rxn(R1) − computed,prior,,,0.0,0.251558213590368,0.261581533129556,0.961681853381354,M3,long
computed energies,ΔG_rxn(R2) − computed,prior,,,0.0,0.012758000379727,0.245666381818747,0.051932219155407,M3,long
computed energies,ΔG_rxn(R3) − computed,prior,,,0.0,0.169183812771648,0.241338240264351,0.701023644600754,M3,long
computed energies,ΔG_rxn(R4) − computed,prior,,,0.0,0.015235636222392,0.336332637025305,0.045299309508419,M3,long
0.5 % H2O,TMSPA,share,19.863611111111112,1.0,0.929993239108732,0.93889361338647,0.050382623962269,0.176655631997314,M3,free
0.5 % H2O,BMSPA,share,19.863611111111112,1.0,0.060206745977826,0.060941400601115,0.013578352713469,0.054104841639599,M3,free
0.5 % H2O,MMSPA,share,19.863611111111112,1.0,-0.012788836128245,0.00016498583761,0.016523762306206,0.783951119957066,M3,free
0.5 % H2O,H3PO4,share,19.863611111111112,1.0,0.02252833341213,1.74805e-10,0.0295204054619,-0.763144438053242,M3,free
2 % H2O,TMSPA (mean of 6 spectra),mean,245.75078690923178,167.9999998721947,-0.000765662665101,4.66845e-10,0.016618543172541,0.046072819018861,M3,free
2 % H2O,BMSPA (mean of 6 spectra),mean,245.75078690923178,167.9999998721947,0.037118874863205,5.9911684185e-05,0.01210576350869,-3.061266078130329,M3,free
2 % H2O,MMSPA (mean of 6 spectra),mean,245.75078690923178,167.9999998721947,0.315994642634203,0.321282820586398,0.019615050041581,0.269597984251111,M3,free
2 % H2O,H3PO4 (mean of 6 spectra),mean,245.75078690923178,167.9999998721947,0.661593213609833,0.678650404911568,0.033785844860775,0.504862061967813,M3,free
2 % H2O,"TMSPA drift, spectrum 1",drift,168.07722209441692,167.9999998721947,-0.000305456514041,2.0028e-11,0.016447157398396,0.018571995553416,M3,free
2 % H2O,"BMSPA drift, spectrum 1",drift,168.07722209441692,167.9999998721947,0.010338222996301,1.598528133e-06,0.014063516710961,-0.734995711286887,M3,free
2 % H2O,"MMSPA drift, spectrum 1",drift,168.07722209441692,167.9999998721947,-0.004912709469829,0.00344183507853,0.012683427177254,0.658697718810702,M3,free
2 % H2O,"H3PO4 drift, spectrum 1",drift,168.07722209441692,167.9999998721947,0.003069523607814,-0.003436571275688,0.01806042743821,-0.360240360077896,M3,free
2 % H2O,"TMSPA drift, spectrum 2",drift,201.08638876108358,167.9999998721947,-0.009093641193599,-1.985e-12,0.004971153901284,1.829281766807667,M3,free
2 % H2O,"BMSPA drift, spectrum 2",drift,201.08638876108358,167.9999998721947,-0.003661605318228,-1.58681352e-07,0.004266281385167,0.8582290539032,M3,free
2 % H2O,"MMSPA drift, spectrum 2",drift,201.08638876108358,167.9999998721947,0.003448676878488,-0.000335666761877,0.003819464322561,-0.990804814699206,M3,free
2 % H2O,"H3PO4 drift, spectrum 2",drift,201.08638876108358,167.9999998721947,0.004917027614622,0.000342687796218,0.005421931041222,-0.843673551660247,M3,free
2 % H2O,"TMSPA drift, spectrum 3",drift,240.07861098330582,167.9999998721947,0.001056379449513,-8.728e-12,0.005172384135828,-0.204234532954346,M3,free
2 % H2O,"BMSPA drift, spectrum 3",drift,240.07861098330582,167.9999998721947,-0.003682609438276,-7.03453628e-07,0.004484647883529,0.82100224594456,M3,free
2 % H2O,"MMSPA drift, spectrum 3",drift,240.07861098330582,167.9999998721947,-0.00118672061225,-0.001522779143648,0.004003225761984,-0.08394693464208,M3,free
2 % H2O,"H3PO4 drift, spectrum 3",drift,240.07861098330582,167.9999998721947,0.004992993648261,0.001530344957008,0.005699827509141,-0.607500610448235,M3,free
2 % H2O,"TMSPA drift, spectrum 4",drift,264.08305542775025,167.9999998721947,0.009425300236394,1.985e-12,0.004873014369394,-1.934182729606997,M3,free
2 % H2O,"BMSPA drift, spectrum 4",drift,264.08305542775025,167.9999998721947,-0.001223312036984,1.60627898e-07,0.004250826216246,0.287819967846592,M3,free
2 % H2O,"MMSPA drift, spectrum 4",drift,264.08305542775025,167.9999998721947,0.000498098700015,0.000356574615109,0.003806990686435,-0.037174791472425,M3,free
2 % H2O,"H3PO4 drift, spectrum 4",drift,264.08305542775025,167.9999998721947,-0.004810503672134,-0.000349872893989,0.005355295693576,0.832938278925626,M3,free
2 % H2O,"TMSPA drift, spectrum 5",drift,288.084722094417,167.9999998721947,-0.001265398001475,1.2776e-11,0.004899665236702,0.258262136925683,M3,free
2 % H2O,"BMSPA drift, spectrum 5",drift,288.084722094417,167.9999998721947,0.00266915857246,1.023136627e-06,0.004214024797198,-0.633156083373434,M3,free
2 % H2O,"MMSPA drift, spectrum 5",drift,288.084722094417,167.9999998721947,-0.000873972223684,0.002213459323311,0.003784076640901,0.815900902646482,M3,free
2 % H2O,"H3PO4 drift, spectrum 5",drift,288.084722094417,167.9999998721947,-0.00347436836134,-0.00220762012171,0.005335614685411,0.237413740368784,M3,free
2 % H2O,"TMSPA drift, spectrum 6",drift,313.09472209441697,167.9999998721947,-0.000371994698065,-7.226e-12,0.005050447769394,0.0736557841651,M3,free
2 % H2O,"BMSPA drift, spectrum 6",drift,313.09472209441697,167.9999998721947,0.004697041286556,-5.81803632e-07,0.004339733150695,-1.082468190339295,M3,free
2 % H2O,"MMSPA drift, spectrum 6",drift,313.09472209441697,167.9999998721947,-0.001601105714734,-0.001257018539081,0.003902274585765,0.088176054270413,M3,free
2 % H2O,"H3PO4 drift, spectrum 6",drift,313.09472209441697,167.9999998721947,-0.001235947479813,0.001264462700942,0.005518629094116,0.453085383727091,M3,free
TMSPa + TMSOH (A),TMSPA,share,168.0613888888889,168.0,0.105394727871932,0.097400994573837,0.044518461652812,-0.179559962346333,M3,free
TMSPa + TMSOH (A),BMSPA,share,168.0613888888889,168.0,0.68730822668682,0.696429771130106,0.066059782134018,0.138080147233612,M3,free
TMSPa + TMSOH (A),MMSPA,share,168.0613888888889,168.0,0.194086384440475,0.206145747593571,0.043088354664185,0.279875229562198,M3,free
TMSPa + TMSOH (A),H3PO4,share,168.0613888888889,168.0,0.009922308243863,2.3486702486e-05,0.046829903699947,-0.211378216893229,M3,free
"TMSOH, probe",TMSOH,share,1.220277777777778,1.0,0.963943245248599,0.995291633511919,0.145962663489997,0.214769911111336,M3,free
"TMSOH, probe",HMDSO,share,1.220277777777778,1.0,0.017002434066569,0.004682894369054,0.038986013077977,-0.315998962829927,M3,free
"TMSOH, probe",TMSOEG,share,1.220277777777778,1.0,0.016361410760644,2.5472119027e-05,0.034275666130286,-0.476604556116343,M3,free
"TMSOH, probe",TMSOH,share,139.71138888888888,1.0,0.901392807248745,0.893415404823673,0.137481864823087,-0.058025125243518,M3,free
"TMSOH, probe",HMDSO,share,139.71138888888888,1.0,0.056034110436671,0.099683571129238,0.038576083055218,1.131516142530257,M3,free
"TMSOH, probe",TMSOEG,share,139.71138888888888,1.0,0.030938178019806,0.006901024047089,0.035422157315575,-0.678590910163094,M3,free
"TMSOH, probe",TMSOH,share,145.04666666666665,1.0,0.931438713948405,0.907453478771211,0.141263592976031,-0.169790635165736,M3,free
"TMSOH, probe",HMDSO,share,145.04666666666665,1.0,0.063622719132554,0.078119799822011,0.041878295502661,0.346171698619765,M3,free
"TMSOH, probe",TMSOEG,share,145.04666666666665,1.0,0.004938566919041,0.014426721406778,0.03465714188641,0.273771983818958,M3,free
"TMSOH, glovebox",TMSOH,share,8.085555555555555,,0.417673645346297,0.473451337283337,0.06726322570991,0.829244975220134,M3,free
"TMSOH, glovebox",HMDSO,share,8.085555555555555,,0.160556834914945,0.052999112394465,0.063070233236669,-1.705364274092226,M3,free
"TMSOH, glovebox",TMSOEG,share,8.085555555555555,,0.427057426127992,0.473549550322198,0.076614771598312,0.606829769564052,M3,free
E1,ring_opened_fraction ≤ 0.02,limit,168.0,,0.02,0.004947739653163,0.01,0.0,M3,free
computed energies,ΔG_rxn(R1) − computed,prior,,,0.0,0.186817477010972,0.261581533129556,0.71418450215461,M3,free
computed energies,ΔG_rxn(R2) − computed,prior,,,0.0,-0.048753916212575,0.245666381818747,-0.198455791352621,M3,free
computed energies,ΔG_rxn(R3) − computed,prior,,,0.0,0.170479270562673,0.241338240264351,0.706391454482878,M3,free
computed energies,ΔG_rxn(R4) − computed,prior,,,0.0,0.073773314296863,0.336332637025305,0.219346284527579,M3,free
0.5 % H2O,TMSPA,share,19.863611111111112,1.0,0.929993239108732,0.402393200414271,0.050382623962269,-10.471865043979664,M3-split,short
0.5 % H2O,BMSPA,share,19.863611111111112,1.0,0.060206745977826,0.115305418518576,0.013578352713469,4.057831881631206,M3-split,short
0.5 % H2O,MMSPA,share,19.863611111111112,1.0,-0.012788836128245,0.173863778980175,0.016523762306206,11.296011867606849,M3-split,short
0.5 % H2O,H3PO4,share,19.863611111111112,1.0,0.02252833341213,0.308437602086978,0.0295204054619,9.685140302149778,M3-split,short
2 % H2O,TMSPA (mean of 6 spectra),mean,78.75078703703704,1.0,-0.000765662665101,0.129043225454284,0.016618543172541,7.81108709540021,M3-split,short
2 % H2O,BMSPA (mean of 6 spectra),mean,78.75078703703704,1.0,0.037118874863205,0.06804176670575,0.01210576350869,2.554394179297211,M3-split,short
2 % H2O,MMSPA (mean of 6 spectra),mean,78.75078703703704,1.0,0.315994642634203,0.188508744134736,0.019615050041581,-6.499391958175703,M3-split,short
2 % H2O,H3PO4 (mean of 6 spectra),mean,78.75078703703704,1.0,0.661593213609833,0.614411225317145,0.033785844860775,-1.396501655859598,M3-split,short
2 % H2O,"TMSPA drift, spectrum 1",drift,1.077222222222222,1.0,-0.000305456514041,0.016959367138506,0.016447157398396,1.049714746101433,M3-split,short
2 % H2O,"BMSPA drift, spectrum 1",drift,1.077222222222222,1.0,0.010338222996301,0.004841939073457,0.014063516710961,-0.390818600767222,M3-split,short
2 % H2O,"MMSPA drift, spectrum 1",drift,1.077222222222222,1.0,-0.004912709469829,0.002662782075219,0.012683427177254,0.597274809022711,M3-split,short
2 % H2O,"H3PO4 drift, spectrum 1",drift,1.077222222222222,1.0,0.003069523607814,-0.024469049899098,0.01806042743821,-1.524801868678325,M3-split,short
2 % H2O,"TMSPA drift, spectrum 2",drift,34.08638888888889,1.0,-0.009093641193599,-0.000288998034837,0.004971153901284,1.77114676664658,M3-split,short
2 % H2O,"BMSPA drift, spectrum 2",drift,34.08638888888889,1.0,-0.003661605318228,-8.3920162562e-05,0.004266281385167,0.838595683844435,M3-split,short
2 % H2O,"MMSPA drift, spectrum 2",drift,34.08638888888889,1.0,0.003448676878488,-4.5041751769e-05,0.003819464322561,-0.914714298971207,M3-split,short
2 % H2O,"H3PO4 drift, spectrum 2",drift,34.08638888888889,1.0,0.004917027614622,0.000412998337252,0.005421931041222,-0.830705747293272,M3-split,short
2 % H2O,"TMSPA drift, spectrum 3",drift,73.07861111111112,1.0,0.001056379449513,-0.000290718678562,0.005172384135828,-0.260440464725718,M3-split,short
2 % H2O,"BMSPA drift, spectrum 3",drift,73.07861111111112,1.0,-0.003682609438276,-8.4431644754e-05,0.004484647883529,0.802332287165107,M3-split,short
2 % H2O,"MMSPA drift, spectrum 3",drift,73.07861111111112,1.0,-0.00118672061225,-4.5360087501e-05,0.004003225761984,0.285110206770693,M3-split,short
2 % H2O,"H3PO4 drift, spectrum 3",drift,73.07861111111112,1.0,0.004992993648261,0.0004155487989,0.005699827509141,-0.803084802482065,M3-split,short
2 % H2O,"TMSPA drift, spectrum 4",drift,97.08305555555556,1.0,0.009425300236394,-0.000295057297916,0.004873014369394,-1.994731966185203,M3-split,short
2 % H2O,"BMSPA drift, spectrum 4",drift,97.08305555555556,1.0,-0.001223312036984,-8.572137066e-05,0.004250826216246,0.267616366431577,M3-split,short
2 % H2O,"MMSPA drift, spectrum 4",drift,97.08305555555556,1.0,0.000498098700015,-4.6162819144e-05,0.003806990686435,-0.14296371175757,M3-split,short
2 % H2O,"H3PO4 drift, spectrum 4",drift,97.08305555555556,1.0,-0.004810503672134,0.000421979875804,0.005355295693576,0.9770671588153,M3-split,short
2 % H2O,"TMSPA drift, spectrum 5",drift,121.08472222222224,1.0,-0.001265398001475,-0.000311722683716,0.004899665236702,0.194640913549628,M3-split,short
2 % H2O,"BMSPA drift, spectrum 5",drift,121.08472222222224,1.0,0.00266915857246,-9.067567305e-05,0.004214024797198,-0.654916470198468,M3-split,short
2 % H2O,"MMSPA drift, spectrum 5",drift,121.08472222222224,1.0,-0.000873972223684,-4.9246838281e-05,0.003784076640901,0.217946268975911,M3-split,short
2 % H2O,"H3PO4 drift, spectrum 5",drift,121.08472222222224,1.0,-0.00347436836134,0.000446683583131,0.005335614685411,0.734882890849012,M3-split,short
2 % H2O,"TMSPA drift, spectrum 6",drift,146.09472222222223,1.0,-0.000371994698065,-0.000375541068317,0.005050447769394,-0.000702189273831,M3-split,short
2 % H2O,"BMSPA drift, spectrum 6",drift,146.09472222222223,1.0,0.004697041286556,-0.000109651232835,0.004339733150695,-1.107600940537474,M3-split,short
2 % H2O,"MMSPA drift, spectrum 6",drift,146.09472222222223,1.0,-0.001601105714734,-6.1065420324e-05,0.003902274585765,0.394651955048831,M3-split,short
2 % H2O,"H3PO4 drift, spectrum 6",drift,146.09472222222223,1.0,-0.001235947479813,0.00054129610956,0.005518629094116,0.322044398901179,M3-split,short
TMSPa + TMSOH (A),TMSPA,share,1.061388888888889,1.0,0.105394727871932,0.621265834214003,0.044518461652812,11.58780171617818,M3-split,short
TMSPa + TMSOH (A),BMSPA,share,1.061388888888889,1.0,0.68730822668682,0.118415034213223,0.066059782134018,-8.611793349839735,M3-split,short
TMSPa + TMSOH (A),MMSPA,share,1.061388888888889,1.0,0.194086384440475,0.119174984849763,0.043088354664185,-1.738553262814151,M3-split,short
TMSPa + TMSOH (A),H3PO4,share,1.061388888888889,1.0,0.009922308243863,0.141144146723011,0.046829903699947,2.802094988704758,M3-split,short
"TMSOH, probe",TMSOH,share,1.220277777777778,1.0,0.963943245248599,0.9999591393045,0.145962663489997,0.246747306432717,M3-split,short
"TMSOH, probe",HMDSO,share,1.220277777777778,1.0,0.017002434066569,1.8088857484e-05,0.038986013077977,-0.435652272909108,M3-split,short
"TMSOH, probe",TMSOEG,share,1.220277777777778,1.0,0.016361410760644,2.2771838016e-05,0.034275666130286,-0.476683337401026,M3-split,short
"TMSOH, probe",TMSOH,share,139.71138888888888,1.0,0.901392807248745,0.988701327615578,0.137481864823087,0.635054815987426,M3-split,short
"TMSOH, probe",HMDSO,share,139.71138888888888,1.0,0.056034110436671,0.004567731699069,0.038576083055218,-1.33415252823704,M3-split,short
"TMSOH, probe",TMSOEG,share,139.71138888888888,1.0,0.030938178019806,0.006730940685352,0.035422157315575,-0.683392519512347,M3-split,short
"TMSOH, probe",TMSOH,share,145.04666666666665,1.0,0.931438713948405,0.976744056260352,0.141263592976031,0.32071492277302,M3-split,short
"TMSOH, probe",HMDSO,share,145.04666666666665,1.0,0.063622719132554,0.00897431535835,0.041878295502661,-1.30493381161445,M3-split,short
"TMSOH, probe",TMSOEG,share,145.04666666666665,1.0,0.004938566919041,0.014281628381298,0.03465714188641,0.269585457822218,M3-split,short
"TMSOH, glovebox",TMSOH,share,8.085555555555555,,0.417673645346297,0.408108054258781,0.06726322570991,-0.142211304714547,M3-split,short
"TMSOH, glovebox",HMDSO,share,8.085555555555555,,0.160556834914945,0.171555470958019,0.063070233236669,0.174387115421025,M3-split,short
"TMSOH, glovebox",TMSOEG,share,8.085555555555555,,0.427057426127992,0.4203364747832,0.076614771598312,-0.087723962423712,M3-split,short
E1,ring_opened_fraction ≤ 0.02,limit,168.0,,0.02,0.004684886554893,0.01,0.0,M3-split,short
computed energies,ΔG_rxn(R1) − computed,prior,,,0.0,0.623968499631901,0.261581533129556,2.385369074669583,M3-split,short
computed energies,ΔG_rxn(R2) − computed,prior,,,0.0,0.265207291171237,0.245666381818747,1.079542464084104,M3-split,short
computed energies,ΔG_rxn(R3) − computed,prior,,,0.0,0.28052916466321,0.241338240264351,1.16239003133499,M3-split,short
computed energies,ΔG_rxn(R4) − computed,prior,,,0.0,-0.325981388412081,0.336332637025305,-0.969223181238741,M3-split,short
0.5 % H2O,TMSPA,share,42.86361111111111,24.0,0.929993239108732,0.93896873712636,0.050382623962269,0.178146696455294,M3-split,middle
0.5 % H2O,BMSPA,share,42.86361111111111,24.0,0.060206745977826,0.060795724034139,0.013578352713469,0.043376252535298,M3-split,middle
0.5 % H2O,MMSPA,share,42.86361111111111,24.0,-0.012788836128245,0.000235322658955,0.016523762306206,0.788207827360749,M3-split,middle
0.5 % H2O,H3PO4,share,42.86361111111111,24.0,0.02252833341213,2.16180545e-07,0.0295204054619,-0.763137120886109,M3-split,middle
2 % H2O,TMSPA (mean of 6 spectra),mean,101.75078703703703,24.0,-0.000765662665101,0.000156619857774,0.016618543172541,0.055497194507334,M3-split,middle
2 % H2O,BMSPA (mean of 6 spectra),mean,101.75078703703703,24.0,0.037118874863205,0.035602358382216,0.01210576350869,-0.125272270509854,M3-split,middle
2 % H2O,MMSPA (mean of 6 spectra),mean,101.75078703703703,24.0,0.315994642634203,0.312039501741245,0.019615050041581,-0.201638073039524,M3-split,middle
2 % H2O,H3PO4 (mean of 6 spectra),mean,101.75078703703703,24.0,0.661593213609833,0.652202039174969,0.033785844860775,-0.277961805411784,M3-split,middle
2 % H2O,"TMSPA drift, spectrum 1",drift,24.077222222222222,24.0,-0.000305456514041,6.28380319e-07,0.016447157398396,0.018610200349298,M3-split,middle
2 % H2O,"BMSPA drift, spectrum 1",drift,24.077222222222222,24.0,0.010338222996301,8.8778008423e-05,0.014063516710961,-0.728796729760315,M3-split,middle
2 % H2O,"MMSPA drift, spectrum 1",drift,24.077222222222222,24.0,-0.004912709469829,0.000295468204694,0.012683427177254,0.410628578674918,M3-split,middle
2 % H2O,"H3PO4 drift, spectrum 1",drift,24.077222222222222,24.0,0.003069523607814,-0.000385393749641,0.01806042743821,-0.191297651690409,M3-split,middle
2 % H2O,"TMSPA drift, spectrum 2",drift,57.08638888888889,24.0,-0.009093641193599,5.75822596e-07,0.004971153901284,1.829397599990835,M3-split,middle
2 % H2O,"BMSPA drift, spectrum 2",drift,57.08638888888889,24.0,-0.003661605318228,8.140874207e-05,0.004266281385167,0.877348145228475,M3-split,middle
2 % H2O,"MMSPA drift, spectrum 2",drift,57.08638888888889,24.0,0.003448676878488,0.00027088843704,0.003819464322561,-0.831998461846479,M3-split,middle
2 % H2O,"H3PO4 drift, spectrum 2",drift,57.08638888888889,24.0,0.004917027614622,-0.00035339215791,0.005421931041222,-0.972055847347149,M3-split,middle
2 % H2O,"TMSPA drift, spectrum 3",drift,96.07861111111112,24.0,0.001056379449513,5.04005384e-07,0.005172384135828,-0.204137089667282,M3-split,middle
2 % H2O,"BMSPA drift, spectrum 3",drift,96.07861111111112,24.0,-0.003682609438276,7.1337404795e-05,0.004484647883529,0.837066128838794,M3-split,middle
2 % H2O,"MMSPA drift, spectrum 3",drift,96.07861111111112,24.0,-0.00118672061225,0.000237289408842,0.004003225761984,0.355715641774276,M3-split,middle
2 % H2O,"H3PO4 drift, spectrum 3",drift,96.07861111111112,24.0,0.004992993648261,-0.000309649975226,0.005699827509141,-0.930316507820976,M3-split,middle
2 % H2O,"TMSPA drift, spectrum 4",drift,120.08305555555556,24.0,0.009425300236394,3.74834123e-07,0.004873014369394,-1.934105809633126,M3-split,middle
2 % H2O,"BMSPA drift, spectrum 4",drift,120.08305555555556,24.0,-0.001223312036984,5.3218214027e-05,0.004250826216246,0.300301679266867,M3-split,middle
2 % H2O,"MMSPA drift, spectrum 4",drift,120.08305555555556,24.0,0.000498098700015,0.000176822534853,0.003806990686435,-0.084391108784965,M3-split,middle
2 % H2O,"H3PO4 drift, spectrum 4",drift,120.08305555555556,24.0,-0.004810503672134,-0.000230934739207,0.005355295693576,0.855147725721282,M3-split,middle
2 % H2O,"TMSPA drift, spectrum 5",drift,144.08472222222224,24.0,-0.001265398001475,-4.8864024e-08,0.004899665236702,0.258252161387071,M3-split,middle
2 % H2O,"BMSPA drift, spectrum 5",drift,144.08472222222224,24.0,0.00266915857246,-6.258013186e-06,0.004214024797198,-0.634883920812331,M3-split,middle
2 % H2O,"MMSPA drift, spectrum 5",drift,144.08472222222224,24.0,-0.000873972223684,-2.183516567e-05,0.003784076640901,0.22519022178442,M3-split,middle
2 % H2O,"H3PO4 drift, spectrum 5",drift,144.08472222222224,24.0,-0.00347436836134,2.7622886675e-05,0.005335614685411,0.65634260614637,M3-split,middle
2 % H2O,"TMSPA drift, spectrum 6",drift,169.09472222222223,24.0,-0.000371994698065,-1.484822354e-06,0.005050447769394,0.073361787435345,M3-split,middle
2 % H2O,"BMSPA drift, spectrum 6",drift,169.09472222222223,24.0,0.004697041286556,-0.000208321963778,0.004339733150695,-1.130337529981164,M3-split,middle
2 % H2O,"MMSPA drift, spectrum 6",drift,169.09472222222223,24.0,-0.001601105714734,-0.000698767522788,0.003902274585765,0.231233905281055,M3-split,middle
2 % H2O,"H3PO4 drift, spectrum 6",drift,169.09472222222223,24.0,-0.001235947479813,0.000908055152715,0.005518629094116,0.388502759646159,M3-split,middle
TMSPa + TMSOH (A),TMSPA,share,24.06138888888889,24.0,0.105394727871932,0.085806178750818,0.044518461652812,-0.440009568926266,M3-split,middle
TMSPa + TMSOH (A),BMSPA,share,24.06138888888889,24.0,0.68730822668682,0.688126816627884,0.066059782134018,0.012391653660055,M3-split,middle
TMSPa + TMSOH (A),MMSPA,share,24.06138888888889,24.0,0.194086384440475,0.210740527701897,0.043088354664185,0.386511469078332,M3-split,middle
TMSPa + TMSOH (A),H3PO4,share,24.06138888888889,24.0,0.009922308243863,0.015326476919401,0.046829903699947,0.115399952777276,M3-split,middle
"TMSOH, probe",TMSOH,share,24.220277777777778,24.0,0.963943245248599,0.999196622757122,0.145962663489997,0.241523254410464,M3-split,middle
"TMSOH, probe",HMDSO,share,24.220277777777778,24.0,0.017002434066569,0.000352200803893,0.038986013077977,-0.427082226371101,M3-split,middle
"TMSOH, probe",TMSOEG,share,24.220277777777778,24.0,0.016361410760644,0.000451176438985,0.034275666130286,-0.464184540168596,M3-split,middle
"TMSOH, probe",TMSOH,share,162.71138888888888,24.0,0.901392807248745,0.988122732109774,0.137481864823087,0.630846293601223,M3-split,middle
"TMSOH, probe",HMDSO,share,162.71138888888888,24.0,0.056034110436671,0.004730711570921,0.038576083055218,-1.329927633977609,M3-split,middle
"TMSOH, probe",TMSOEG,share,162.71138888888888,24.0,0.030938178019806,0.007146556319306,0.035422157315575,-0.671659308848444,M3-split,middle
"TMSOH, probe",TMSOH,share,168.04666666666665,24.0,0.931438713948405,0.9762628474362,0.141263592976031,0.317308462452887,M3-split,middle
"TMSOH, probe",HMDSO,share,168.04666666666665,24.0,0.063622719132554,0.009052840088099,0.041878295502661,-1.303058741752916,M3-split,middle
"TMSOH, probe",TMSOEG,share,168.04666666666665,24.0,0.004938566919041,0.014684312475701,0.03465714188641,0.281204537540985,M3-split,middle
"TMSOH, glovebox",TMSOH,share,8.085555555555555,,0.417673645346297,0.409965650562522,0.06726322570991,-0.114594486101779,M3-split,middle
"TMSOH, glovebox",HMDSO,share,8.085555555555555,,0.160556834914945,0.169261237189444,0.063070233236669,0.138011258684211,M3-split,middle
"TMSOH, glovebox",TMSOEG,share,8.085555555555555,,0.427057426127992,0.420773112248034,0.076614771598312,-0.082024833447338,M3-split,middle
E1,ring_opened_fraction ≤ 0.02,limit,168.0,,0.02,0.00467857128257,0.01,0.0,M3-split,middle
computed energies,ΔG_rxn(R1) − computed,prior,,,0.0,0.386061403406785,0.261581533129556,1.475874075619765,M3-split,middle
computed energies,ΔG_rxn(R2) − computed,prior,,,0.0,0.152540797054213,0.245666381818747,0.620926623842077,M3-split,middle
computed energies,ΔG_rxn(R3) − computed,prior,,,0.0,0.208530814507648,0.241338240264351,0.864060392083878,M3-split,middle
computed energies,ΔG_rxn(R4) − computed,prior,,,0.0,-0.156646166590189,0.336332637025305,-0.465747742995287,M3-split,middle
0.5 % H2O,TMSPA,share,186.8636111111111,168.0,0.929993239108732,0.939073507361602,0.050382623962269,0.180226187895051,M3-split,long
0.5 % H2O,BMSPA,share,186.8636111111111,168.0,0.060206745977826,0.060761611660456,0.013578352713469,0.040863990966991,M3-split,long
0.5 % H2O,MMSPA,share,186.8636111111111,168.0,-0.012788836128245,0.000164792177511,0.016523762306206,0.783939399859975,M3-split,long
0.5 % H2O,H3PO4,share,186.8636111111111,168.0,0.02252833341213,8.880043e-08,0.0295204054619,-0.763141435871388,M3-split,long
2 % H2O,TMSPA (mean of 6 spectra),mean,245.750787037037,168.0,-0.000765662665101,0.000115437777516,0.016618543172541,0.053019114459576,M3-split,long
2 % H2O,BMSPA (mean of 6 spectra),mean,245.750787037037,168.0,0.037118874863205,0.02988084274982,0.01210576350869,-0.597899678792597,M3-split,long
2 % H2O,MMSPA (mean of 6 spectra),mean,245.750787037037,168.0,0.315994642634203,0.313916960671083,0.019615050041581,-0.105922847951749,M3-split,long
2 % H2O,H3PO4 (mean of 6 spectra),mean,245.750787037037,168.0,0.661593213609833,0.656080520937607,0.033785844860775,-0.16316574870164,M3-split,long
2 % H2O,"TMSPA drift, spectrum 1",drift,168.07722222222222,168.0,-0.000305456514041,1.71955788e-07,0.016447157398396,0.018582449381738,M3-split,long
2 % H2O,"BMSPA drift, spectrum 1",drift,168.07722222222222,168.0,0.010338222996301,2.8701614858e-05,0.014063516710961,-0.733068520010228,M3-split,long
2 % H2O,"MMSPA drift, spectrum 1",drift,168.07722222222222,168.0,-0.004912709469829,0.000119143487404,0.012683427177254,0.396726601328736,M3-split,long
2 % H2O,"H3PO4 drift, spectrum 1",drift,168.07722222222222,168.0,0.003069523607814,-0.000141779194075,0.01806042743821,-0.177808792891277,M3-split,long
2 % H2O,"TMSPA drift, spectrum 2",drift,201.08638888888888,168.0,-0.009093641193599,-1.343794148e-06,0.004971153901284,1.829011448851348,M3-split,long
2 % H2O,"BMSPA drift, spectrum 2",drift,201.08638888888888,168.0,-0.003661605318228,-0.000214749811804,0.004266281385167,0.807929715655603,M3-split,long
2 % H2O,"MMSPA drift, spectrum 2",drift,201.08638888888888,168.0,0.003448676878488,-0.000867943086587,0.003819464322561,-1.130163708972789,M3-split,long
2 % H2O,"H3PO4 drift, spectrum 2",drift,201.08638888888888,168.0,0.004917027614622,0.001090274556513,0.005421931041222,-0.705791539769751,M3-split,long
2 % H2O,"TMSPA drift, spectrum 3",drift,240.07861111111112,168.0,0.001056379449513,-7.79600843e-07,0.005172384135828,-0.204385254960768,M3-split,long
2 % H2O,"BMSPA drift, spectrum 3",drift,240.07861111111112,168.0,-0.003682609438276,-0.000123979321009,0.004484647883529,0.793513829778315,M3-split,long
2 % H2O,"MMSPA drift, spectrum 3",drift,240.07861111111112,168.0,-0.00118672061225,-0.000499161653447,0.004003225761984,0.171751232551449,M3-split,long
2 % H2O,"H3PO4 drift, spectrum 3",drift,240.07861111111112,168.0,0.004992993648261,0.000630158439274,0.005699827509141,-0.76543284897479,M3-split,long
2 % H2O,"TMSPA drift, spectrum 4",drift,264.0830555555556,168.0,0.009425300236394,9.76672668e-07,0.004873014369394,-1.933982305268372,M3-split,long
2 % H2O,"BMSPA drift, spectrum 4",drift,264.0830555555556,168.0,-0.001223312036984,0.000157422613243,0.004250826216246,0.324815595836422,M3-split,long
2 % H2O,"MMSPA drift, spectrum 4",drift,264.0830555555556,168.0,0.000498098700015,0.000638477148135,0.003806990686435,0.036873861714581,M3-split,long
2 % H2O,"H3PO4 drift, spectrum 4",drift,264.0830555555556,168.0,-0.004810503672134,-0.000790638570072,0.005355295693576,0.750633640432586,M3-split,long
2 % H2O,"TMSPA drift, spectrum 5",drift,288.08472222222224,168.0,-0.001265398001475,1.712098971e-06,0.004899665236702,0.258611566144293,M3-split,long
2 % H2O,"BMSPA drift, spectrum 5",drift,288.08472222222224,168.0,0.00266915857246,0.000274743379236,0.004214024797198,-0.568201495827924,M3-split,long
2 % H2O,"MMSPA drift, spectrum 5",drift,288.08472222222224,168.0,-0.000873972223684,0.001110278534724,0.003784076640901,0.524368543956205,M3-split,long
2 % H2O,"H3PO4 drift, spectrum 5",drift,288.08472222222224,168.0,-0.00347436836134,-0.001380496148956,0.005335614685411,0.392433175152068,M3-split,long
2 % H2O,"TMSPA drift, spectrum 6",drift,313.09472222222223,168.0,-0.000371994698065,-7.54120693e-07,0.005050447769394,0.073506468005053,M3-split,long
2 % H2O,"BMSPA drift, spectrum 6",drift,313.09472222222223,168.0,0.004697041286556,-0.000119884700332,0.004339733150695,-1.109959027346424,M3-split,long
2 % H2O,"MMSPA drift, spectrum 6",drift,313.09472222222223,168.0,-0.001601105714734,-0.000482546898263,0.003902274585765,0.286642775101285,M3-split,long
2 % H2O,"H3PO4 drift, spectrum 6",drift,313.09472222222223,168.0,-0.001235947479813,0.000609423583262,0.005518629094116,0.334389398454533,M3-split,long
TMSPa + TMSOH (A),TMSPA,share,168.0613888888889,168.0,0.105394727871932,0.114157028571606,0.044518461652812,0.196823977611989,M3-split,long
TMSPa + TMSOH (A),BMSPA,share,168.0613888888889,168.0,0.68730822668682,0.703171085448567,0.066059782134018,0.240128838595995,M3-split,long
TMSPa + TMSOH (A),MMSPA,share,168.0613888888889,168.0,0.194086384440475,0.174133849757234,0.043088354664185,-0.4630609555353,M3-split,long
TMSPa + TMSOH (A),H3PO4,share,168.0613888888889,168.0,0.009922308243863,0.008538036222594,0.046829903699947,-0.029559574372351,M3-split,long
"TMSOH, probe",TMSOH,share,168.22027777777777,168.0,0.963943245248599,0.99429685973846,0.145962663489997,0.20795464925139,M3-split,long
"TMSOH, probe",HMDSO,share,168.22027777777777,168.0,0.017002434066569,0.002573641402526,0.038986013077977,-0.370101775608167,M3-split,long
"TMSOH, probe",TMSOEG,share,168.22027777777777,168.0,0.016361410760644,0.003129498859014,0.034275666130286,-0.386043902147182,M3-split,long
"TMSOH, probe",TMSOH,share,306.7113888888889,168.0,0.901392807248745,0.983067666060613,0.137481864823087,0.594077327340361,M3-split,long
"TMSOH, probe",HMDSO,share,306.7113888888889,168.0,0.056034110436671,0.007134224666674,0.038576083055218,-1.267621850046329,M3-split,long
"TMSOH, probe",TMSOEG,share,306.7113888888889,168.0,0.030938178019806,0.009798109272713,0.035422157315575,-0.596803536237407,M3-split,long
"TMSOH, probe",TMSOH,share,312.0466666666667,168.0,0.931438713948405,0.971079971866046,0.141263592976031,0.280619068809663,M3-split,long
"TMSOH, probe",HMDSO,share,312.0466666666667,168.0,0.063622719132554,0.011616245718659,0.041878295502661,-1.241847902109341,M3-split,long
"TMSOH, probe",TMSOEG,share,312.0466666666667,168.0,0.004938566919041,0.017303782415295,0.03465714188641,0.35678693692578,M3-split,long
"TMSOH, glovebox",TMSOH,share,8.085555555555555,,0.417673645346297,0.407086145759133,0.06726322570991,-0.157403982271464,M3-split,long
"TMSOH, glovebox",HMDSO,share,8.085555555555555,,0.160556834914945,0.173757269006505,0.063070233236669,0.20929737237574,M3-split,long
"TMSOH, glovebox",TMSOEG,share,8.085555555555555,,0.427057426127992,0.419156585234363,0.076614771598312,-0.10312425043897,M3-split,long
E1,ring_opened_fraction ≤ 0.02,limit,168.0,,0.02,0.004683390302125,0.01,0.0,M3-split,long
computed energies,ΔG_rxn(R1) − computed,prior,,,0.0,0.357546157690469,0.261581533129556,1.366863147458437,M3-split,long
computed energies,ΔG_rxn(R2) − computed,prior,,,0.0,0.122718899499335,0.245666381818747,0.499534769840331,M3-split,long
computed energies,ΔG_rxn(R3) − computed,prior,,,0.0,0.183328559684127,0.241338240264351,0.759633282663025,M3-split,long
computed energies,ΔG_rxn(R4) − computed,prior,,,0.0,-0.088088468035479,0.336332637025305,-0.261908772263606,M3-split,long
0.5 % H2O,TMSPA,share,19.863611111111112,1.0,0.929993239108732,0.933350152894093,0.050382623962269,0.066628403234311,M3-split,free
0.5 % H2O,BMSPA,share,19.863611111111112,1.0,0.060206745977826,0.059577722984199,0.013578352713469,-0.046325427457989,M3-split,free
0.5 % H2O,MMSPA,share,19.863611111111112,1.0,-0.012788836128245,0.006819900142555,0.016523762306206,1.186699246056959,M3-split,free
0.5 % H2O,H3PO4,share,19.863611111111112,1.0,0.02252833341213,0.000252223979153,0.0295204054619,-0.754600388593157,M3-split,free
2 % H2O,TMSPA (mean of 6 spectra),mean,245.75078686487188,167.99999982783484,-0.000765662665101,9.6115415957e-05,0.016618543172541,0.051856415578087,M3-split,free
2 % H2O,BMSPA (mean of 6 spectra),mean,245.75078686487188,167.99999982783484,0.037118874863205,0.035820310155197,0.01210576350869,-0.107268302992666,M3-split,free
2 % H2O,MMSPA (mean of 6 spectra),mean,245.75078686487188,167.99999982783484,0.315994642634203,0.312719152961086,0.019615050041581,-0.166988596316291,M3-split,free
2 % H2O,H3PO4 (mean of 6 spectra),mean,245.75078686487188,167.99999982783484,0.661593213609833,0.651362250645116,0.033785844860775,-0.302818029469919,M3-split,free
2 % H2O,"TMSPA drift, spectrum 1",drift,168.07722205005706,167.99999982783484,-0.000305456514041,-3.494851433e-06,0.016447157398396,0.018359504642276,M3-split,free
2 % H2O,"BMSPA drift, spectrum 1",drift,168.07722205005706,167.99999982783484,0.010338222996301,-0.001629281012142,0.014063516710961,-0.850960983259303,M3-split,free
2 % H2O,"MMSPA drift, spectrum 1",drift,168.07722205005706,167.99999982783484,-0.004912709469829,0.002969186132297,0.012683427177254,0.621432637407426,M3-split,free
2 % H2O,"H3PO4 drift, spectrum 1",drift,168.07722205005706,167.99999982783484,0.003069523607814,-0.001334239446078,0.01806042743821,-0.243834929652615,M3-split,free
2 % H2O,"TMSPA drift, spectrum 2",drift,201.08638871672372,167.99999982783484,-0.009093641193599,-4.016918268e-06,0.004971153901284,1.828473721761653,M3-split,free
2 % H2O,"BMSPA drift, spectrum 2",drift,201.08638871672372,167.99999982783484,-0.003661605318228,-0.001993165367831,0.004266281385167,0.391075927668123,M3-split,free
2 % H2O,"MMSPA drift, spectrum 2",drift,201.08638871672372,167.99999982783484,0.003448676878488,0.000443686329596,0.003819464322561,-0.786757067252057,M3-split,free
2 % H2O,"H3PO4 drift, spectrum 2",drift,201.08638871672372,167.99999982783484,0.004917027614622,0.001555666779146,0.005421931041222,-0.619956397438514,M3-split,free
2 % H2O,"TMSPA drift, spectrum 3",drift,240.07861093894596,167.99999982783484,0.001056379449513,-1.050942668e-06,0.005172384135828,-0.204437714680977,M3-split,free
2 % H2O,"BMSPA drift, spectrum 3",drift,240.07861093894596,167.99999982783484,-0.003682609438276,-0.001309761943282,0.004484647883529,0.529104526513348,M3-split,free
2 % H2O,"MMSPA drift, spectrum 3",drift,240.07861093894596,167.99999982783484,-0.00118672061225,-0.000708628566917,0.004003225761984,0.119426700805483,M3-split,free
2 % H2O,"H3PO4 drift, spectrum 3",drift,240.07861093894596,167.99999982783484,0.004992993648261,0.002021612275509,0.005699827509141,-0.521310753349301,M3-split,free
2 % H2O,"TMSPA drift, spectrum 4",drift,264.0830553833904,167.99999982783484,0.009425300236394,9.67694134e-07,0.004873014369394,-1.933984147769408,M3-split,free
2 % H2O,"BMSPA drift, spectrum 4",drift,264.0830553833904,167.99999982783484,-0.001223312036984,0.00023622699145,0.004250826216246,0.343354198498102,M3-split,free
2 % H2O,"MMSPA drift, spectrum 4",drift,264.0830553833904,167.99999982783484,0.000498098700015,-0.000703149405654,0.003806990686435,-0.315537442723087,M3-split,free
2 % H2O,"H3PO4 drift, spectrum 4",drift,264.0830553833904,167.99999982783484,-0.004810503672134,0.000468125542713,0.005355295693576,0.985683987754237,M3-split,free
2 % H2O,"TMSPA drift, spectrum 5",drift,288.0847220500571,167.99999982783484,-0.001265398001475,3.163951825e-06,0.004899665236702,0.258907882889202,M3-split,free
2 % H2O,"BMSPA drift, spectrum 5",drift,288.0847220500571,167.99999982783484,0.00266915857246,0.001379037306591,0.004214024797198,-0.306149424352229,M3-split,free
2 % H2O,"MMSPA drift, spectrum 5",drift,288.0847220500571,167.99999982783484,-0.000873972223684,0.00013950498059,0.003784076640901,0.267826817596476,M3-split,free
2 % H2O,"H3PO4 drift, spectrum 5",drift,288.0847220500571,167.99999982783484,-0.00347436836134,-0.001519535416363,0.005335614685411,0.366374459220688,M3-split,free
2 % H2O,"TMSPA drift, spectrum 6",drift,313.0947220500571,167.99999982783484,-0.000371994698065,1.07647043e-06,0.005050447769394,0.073868929158318,M3-split,free
2 % H2O,"BMSPA drift, spectrum 6",drift,313.0947220500571,167.99999982783484,0.004697041286556,0.001735263050984,0.004339733150695,-0.682479344403537,M3-split,free
2 % H2O,"MMSPA drift, spectrum 6",drift,313.0947220500571,167.99999982783484,-0.001601105714734,0.000519576465547,0.003902274585765,0.543447708169087,M3-split,free
2 % H2O,"H3PO4 drift, spectrum 6",drift,313.0947220500571,167.99999982783484,-0.001235947479813,-0.002253745164317,0.005518629094116,-0.184429442012883,M3-split,free
TMSPa + TMSOH (A),TMSPA,share,3.43478695004328,3.373398061154391,0.105394727871932,0.100073739426094,0.044518461652812,-0.119523187645964,M3-split,free
TMSPa + TMSOH (A),BMSPA,share,3.43478695004328,3.373398061154391,0.68730822668682,0.696446500776368,0.066059782134018,0.138333397331048,M3-split,free
TMSPa + TMSOH (A),MMSPA,share,3.43478695004328,3.373398061154391,0.194086384440475,0.189079522425355,0.043088354664185,-0.116199888673894,M3-split,free
TMSPa + TMSOH (A),H3PO4,share,3.43478695004328,3.373398061154391,0.009922308243863,0.014400237372183,0.046829903699947,0.095621147483275,M3-split,free
"TMSOH, probe",TMSOH,share,1.220277777777778,1.0,0.963943245248599,0.999959284402439,0.145962663489997,0.246748300508426,M3-split,free
"TMSOH, probe",HMDSO,share,1.220277777777778,1.0,0.017002434066569,1.7811175383e-05,0.038986013077977,-0.435659395517419,M3-split,free
"TMSOH, probe",TMSOEG,share,1.220277777777778,1.0,0.016361410760644,2.2904422178e-05,0.034275666130286,-0.476679469229298,M3-split,free
"TMSOH, probe",TMSOH,share,139.71138888888888,1.0,0.901392807248745,0.988818584509788,0.137481864823087,0.635907705889379,M3-split,free
"TMSOH, probe",HMDSO,share,139.71138888888888,1.0,0.056034110436671,0.004414660321872,0.038576083055218,-1.338120566593303,M3-split,free
"TMSOH, probe",TMSOEG,share,139.71138888888888,1.0,0.030938178019806,0.006766755168341,0.035422157315575,-0.682381443798655,M3-split,free
"TMSOH, probe",TMSOH,share,145.04666666666665,1.0,0.931438713948405,0.976891204720042,0.141263592976031,0.321756581537248,M3-split,free
"TMSOH, probe",HMDSO,share,145.04666666666665,1.0,0.063622719132554,0.008753453296437,0.041878295502661,-1.310207714462257,M3-split,free
"TMSOH, probe",TMSOEG,share,145.04666666666665,1.0,0.004938566919041,0.014355341983521,0.03465714188641,0.271712396115761,M3-split,free
"TMSOH, glovebox",TMSOH,share,8.085555555555555,,0.417673645346297,0.408138399319713,0.06726322570991,-0.14176016576586,M3-split,free
"TMSOH, glovebox",HMDSO,share,8.085555555555555,,0.160556834914945,0.169352000546386,0.063070233236669,0.139450342579802,M3-split,free
"TMSOH, glovebox",TMSOEG,share,8.085555555555555,,0.427057426127992,0.4225096001339,0.076614771598312,-0.059359649571696,M3-split,free
E1,ring_opened_fraction ≤ 0.02,limit,168.0,,0.02,0.0047120149653,0.01,0.0,M3-split,free
computed energies,ΔG_rxn(R1) − computed,prior,,,0.0,0.433334413499784,0.261581533129556,1.656594058133155,M3-split,free
computed energies,ΔG_rxn(R2) − computed,prior,,,0.0,0.21059740986051,0.245666381818747,0.85724960941497,M3-split,free
computed energies,ΔG_rxn(R3) − computed,prior,,,0.0,0.26827789462095,0.241338240264351,1.111626132382049,M3-split,free
computed energies,ΔG_rxn(R4) − computed,prior,,,0.0,-0.28261291270085,0.336332637025305,-0.840277991456378,M3-split,free
