sample,quantity,kind,t_h,age_h,measured,predicted,sigma,z,model,scenario
0.5 % H2O,TMSPA,share,19.863611111111112,1.0,0.9299932391087324,0.997206547723131,0.05038262396226941,1.3340573262864064,peter_reference,short
0.5 % H2O,BMSPA,share,19.863611111111112,1.0,0.0602067459778262,0.002789546950396384,0.013578352713469372,-4.228583557891632,peter_reference,short
0.5 % H2O,MMSPA,share,19.863611111111112,1.0,-0.0127888361282447,3.901685749977714e-06,0.016523762306206145,0.7742024834858502,peter_reference,short
0.5 % H2O,H3PO4,share,19.863611111111112,1.0,0.0225283334121302,3.640722614554323e-09,0.029520405461899806,-0.763144320645715,peter_reference,short
2 % H2O,TMSPA (mean of 6 spectra),mean,78.75078703703704,1.0,-0.0007656626651006243,0.8463430176616479,0.01661854317254085,50.973702780785445,peter_reference,short
2 % H2O,BMSPA (mean of 6 spectra),mean,78.75078703703704,1.0,0.03711887486320495,0.12876198795298438,0.012105763508689669,7.570205136090496,peter_reference,short
2 % H2O,MMSPA (mean of 6 spectra),mean,78.75078703703704,1.0,0.3159946426342034,0.02156741262086442,0.019615050041581303,-15.010271673495216,peter_reference,short
2 % H2O,H3PO4 (mean of 6 spectra),mean,78.75078703703704,1.0,0.6615932136098326,0.003777972292633546,0.03378584486077464,-19.470143310843245,peter_reference,short
2 % H2O,"TMSPA drift, spectrum 1",drift,1.0772222222222223,1.0,-0.0003054565140414757,0.15302455829406436,0.01644715739839633,9.322584510746896,peter_reference,short
2 % H2O,"BMSPA drift, spectrum 1",drift,1.0772222222222223,1.0,0.010338222996300654,-0.12812976393063755,0.014063516710960585,-9.845900550537362,peter_reference,short
2 % H2O,"MMSPA drift, spectrum 1",drift,1.0772222222222223,1.0,-0.004912709469828691,-0.021567212641362576,0.012683427177253747,-1.313091717150535,peter_reference,short
2 % H2O,"H3PO4 drift, spectrum 1",drift,1.0772222222222223,1.0,0.0030695236078138732,-0.0037779722501945015,0.018060427438210076,-0.3791436211261129,peter_reference,short
2 % H2O,"TMSPA drift, spectrum 2",drift,34.08638888888889,1.0,-0.009093641193599076,0.1313973556107938,0.004971153901284341,28.26124469171952,peter_reference,short
2 % H2O,"BMSPA drift, spectrum 2",drift,34.08638888888889,1.0,-0.003661605318228345,-0.10675196568806185,0.004266281385166609,-24.163985228041298,peter_reference,short
2 % H2O,"MMSPA drift, spectrum 2",drift,34.08638888888889,1.0,0.0034486768784880995,-0.021319677599831582,0.0038194643225612306,-6.484771786455826,peter_reference,short
2 % H2O,"H3PO4 drift, spectrum 2",drift,34.08638888888889,1.0,0.004917027614622205,-0.003776102851030372,0.005421931041221751,-1.6033273753503343,peter_reference,short
2 % H2O,"TMSPA drift, spectrum 3",drift,73.07861111111112,1.0,0.0010563794495133242,0.10100354898082631,0.005172384135828303,19.323230237095974,peter_reference,short
2 % H2O,"BMSPA drift, spectrum 3",drift,73.07861111111112,1.0,-0.0036826094382757454,-0.07751973699006097,0.00448464788352906,-16.464420277669895,peter_reference,short
2 % H2O,"MMSPA drift, spectrum 3",drift,73.07861111111112,1.0,-0.0011867206122497254,-0.020181558888210768,0.0040032257619836385,-4.744883103107557,peter_reference,short
2 % H2O,"H3PO4 drift, spectrum 3",drift,73.07861111111112,1.0,0.0049929936482607795,-0.003752643630684787,0.005699827509141352,-1.5343687620229494,peter_reference,short
2 % H2O,"TMSPA drift, spectrum 4",drift,97.08305555555556,1.0,0.009425300236393824,0.05893421051021841,0.004873014369393855,10.159812083620617,peter_reference,short
2 % H2O,"BMSPA drift, spectrum 4",drift,97.08305555555556,1.0,-0.0012233120369835454,-0.03867417711165737,0.004250826216245513,-8.810255505517187,peter_reference,short
2 % H2O,"MMSPA drift, spectrum 4",drift,97.08305555555556,1.0,0.0004980987000148818,-0.017084916181653545,0.003806990686435307,-4.618612528871816,peter_reference,short
2 % H2O,"H3PO4 drift, spectrum 4",drift,97.08305555555556,1.0,-0.004810503672133759,-0.003625507745037762,0.005355295693575808,0.22127553638494948,peter_reference,short
2 % H2O,"TMSPA drift, spectrum 5",drift,121.08472222222224,1.0,-0.0012653980014752757,-0.04142700366051144,0.004899665236702475,-8.19680605078753,peter_reference,short
2 % H2O,"BMSPA drift, spectrum 5",drift,121.08472222222224,1.0,0.00266915857245955,0.04591885364769541,0.004214024797198133,10.263274934687661,peter_reference,short
2 % H2O,"MMSPA drift, spectrum 5",drift,121.08472222222224,1.0,-0.000873972223684294,-0.00261314222352093,0.0037840766409014707,-0.4596022134008147,peter_reference,short
2 % H2O,"H3PO4 drift, spectrum 5",drift,121.08472222222224,1.0,-0.0034743683613404075,-0.002329098291793312,0.005335614685411389,0.21464632232130387,peter_reference,short
2 % H2O,"TMSPA drift, spectrum 6",drift,146.09472222222223,1.0,-0.0003719946980651757,-0.2656372491761029,0.00505044776939373,-52.52311608597843,peter_reference,short
2 % H2O,"BMSPA drift, spectrum 6",drift,146.09472222222223,1.0,0.00469704128655625,0.18686060356237832,0.0043397331506951865,41.97575195300686,peter_reference,short
2 % H2O,"MMSPA drift, spectrum 6",drift,146.09472222222223,1.0,-0.0016011057147335972,0.06420202103261878,0.0039022745857645565,16.862761781910805,peter_reference,short
2 % H2O,"H3PO4 drift, spectrum 6",drift,146.09472222222223,1.0,-0.0012359474798128156,0.014124234052975485,0.00551862909411635,2.7833328297356417,peter_reference,short
TMSPa + TMSOH (A),TMSPA,share,1.0613888888888887,1.0,0.1053947278719323,0.9999070064961911,0.0445184616528123,20.09306353845565,peter_reference,short
TMSPa + TMSOH (A),BMSPA,share,1.0613888888888887,1.0,0.6873082266868205,9.298917978020079e-05,0.06605978213401795,-10.402929215129124,peter_reference,short
TMSPa + TMSOH (A),MMSPA,share,1.0613888888888887,1.0,0.1940863844404749,4.32389461314878e-09,0.043088354664184945,-4.50438132598052,peter_reference,short
TMSPa + TMSOH (A),H3PO4,share,1.0613888888888887,1.0,0.0099223082438628,1.340455881317057e-13,0.04682990369994713,-0.211879749044625,peter_reference,short
"TMSOH, probe",TMSOH,share,1.2202777777777778,1.0,0.9639432452485988,0.9950258119547082,0.14596266348999656,0.21294874978928874,peter_reference,short
"TMSOH, probe",HMDSO,share,1.2202777777777778,1.0,0.0170024340665687,8.42379850045721e-05,0.03898601307797726,-0.4339555329170352,peter_reference,short
"TMSOH, probe",TMSOEG,share,1.2202777777777778,1.0,0.016361410760644,0.0048899500602871985,0.03427566613028646,-0.3346823561868126,peter_reference,short
"TMSOH, probe",TMSOH,share,139.71138888888888,1.0,0.9013928072487448,0.38903590526516496,0.13748186482308686,-3.726723540176635,peter_reference,short
"TMSOH, probe",HMDSO,share,139.71138888888888,1.0,0.0560341104366707,0.007798048797411303,0.03857608305521819,-1.250413671346928,peter_reference,short
"TMSOH, probe",TMSOEG,share,139.71138888888888,1.0,0.0309381780198058,0.6031660459374236,0.03542215731557517,16.154517716683745,peter_reference,short
"TMSOH, probe",TMSOH,share,145.04666666666665,1.0,0.9314387139484052,0.1941354210666114,0.14126359297603053,-5.219344045757768,peter_reference,short
"TMSOH, probe",HMDSO,share,145.04666666666665,1.0,0.0636227191325541,0.00915354312395076,0.04187829550266142,-1.3006540823788244,peter_reference,short
"TMSOH, probe",TMSOEG,share,145.04666666666665,1.0,0.0049385669190406,0.7967110358094378,0.03465714188640995,22.845867425694262,peter_reference,short
"TMSOH, glovebox",TMSOH,share,8.085555555555555,,0.4176736453462967,1.9486439521370616e-05,0.06726322570990972,-6.209249623382891,peter_reference,short
"TMSOH, glovebox",HMDSO,share,8.085555555555555,,0.1605568349149448,0.01059963462016822,0.06307023323666916,-2.3776224155072754,peter_reference,short
"TMSOH, glovebox",TMSOEG,share,8.085555555555555,,0.4270574261279915,0.9893808789403105,0.07661477159831212,7.339621865096147,peter_reference,short
E1,ring_opened_fraction ≤ 0.02,limit,168.0,,0.02,0.6167620039126755,0.01,59.67620039126755,peter_reference,short
0.5 % H2O,TMSPA,share,42.86361111111111,24.0,0.9299932391087324,0.9939821946743242,0.05038262396226941,1.2700600034946954,peter_reference,middle
0.5 % H2O,BMSPA,share,42.86361111111111,24.0,0.0602067459778262,0.00599966190368119,0.013578352713469372,-3.992169390354177,peter_reference,middle
0.5 % H2O,MMSPA,share,42.86361111111111,24.0,-0.0127888361282447,1.8106935842824132e-05,0.016523762306206145,0.7750621696656442,peter_reference,middle
0.5 % H2O,H3PO4,share,42.86361111111111,24.0,0.0225283334121302,3.6486151556522304e-08,0.029520405461899806,-0.7631432080109655,peter_reference,middle
2 % H2O,TMSPA (mean of 6 spectra),mean,101.75078703703703,24.0,-0.0007656626651006243,0.8351234371664182,0.01661854317254085,50.29857859097271,peter_reference,middle
2 % H2O,BMSPA (mean of 6 spectra),mean,101.75078703703703,24.0,0.03711887486320495,0.138226580220843,0.012105763508689669,8.35203044277725,peter_reference,middle
2 % H2O,MMSPA (mean of 6 spectra),mean,101.75078703703703,24.0,0.3159946426342034,0.023021581873205736,0.019615050041581303,-14.936136290243137,peter_reference,middle
2 % H2O,H3PO4 (mean of 6 spectra),mean,101.75078703703703,24.0,0.6615932136098326,0.0040655897104937225,0.03378584486077464,-19.461630354631986,peter_reference,middle
2 % H2O,"TMSPA drift, spectrum 1",drift,24.077222222222222,24.0,-0.0003054565140414757,0.15083658927592614,0.01644715739839633,9.189554287642716,peter_reference,middle
2 % H2O,"BMSPA drift, spectrum 1",drift,24.077222222222222,24.0,0.010338222996300654,-0.12428563161861886,0.014063516710960585,-9.572559792956953,peter_reference,middle
2 % H2O,"MMSPA drift, spectrum 1",drift,24.077222222222222,24.0,-0.004912709469828691,-0.02292302308753536,0.012683427177253747,-1.4199879390647723,peter_reference,middle
2 % H2O,"H3PO4 drift, spectrum 1",drift,24.077222222222222,24.0,0.0030695236078138732,-0.004065123540732844,0.018060427438210076,-0.39504309479697536,peter_reference,middle
2 % H2O,"TMSPA drift, spectrum 2",drift,57.08638888888889,24.0,-0.009093641193599076,0.12950428591241425,0.004971153901284341,27.88043377015653,peter_reference,middle
2 % H2O,"BMSPA drift, spectrum 2",drift,57.08638888888889,24.0,-0.003661605318228345,-0.1034874118093928,0.004266281385166609,-23.398786314997366,peter_reference,middle
2 % H2O,"MMSPA drift, spectrum 2",drift,57.08638888888889,24.0,0.0034486768784880995,-0.022396050557622442,0.0038194643225612306,-6.766584330542917,peter_reference,middle
2 % H2O,"H3PO4 drift, spectrum 2",drift,57.08638888888889,24.0,0.004917027614622205,-0.0040580125163597195,0.005421931041221751,-1.6553217041579216,peter_reference,middle
2 % H2O,"TMSPA drift, spectrum 3",drift,96.07861111111112,24.0,0.0010563794495133242,0.09953304981859201,0.005172384135828303,19.038932102305793,peter_reference,middle
2 % H2O,"BMSPA drift, spectrum 3",drift,96.07861111111112,24.0,-0.0036826094382757454,-0.07506603557271442,0.00448464788352906,-15.917286705297723,peter_reference,middle
2 % H2O,"MMSPA drift, spectrum 3",drift,96.07861111111112,24.0,-0.0011867206122497254,-0.0208875076160824,0.0040032257619836385,-4.921228073350211,peter_reference,middle
2 % H2O,"H3PO4 drift, spectrum 3",drift,96.07861111111112,24.0,0.0049929936482607795,-0.004016695600755793,0.005699827509141352,-1.5806950709590568,peter_reference,middle
2 % H2O,"TMSPA drift, spectrum 4",drift,120.08305555555556,24.0,0.009425300236393824,0.058060926032344695,0.004873014369393855,9.980603812994822,peter_reference,middle
2 % H2O,"BMSPA drift, spectrum 4",drift,120.08305555555556,24.0,-0.0012233120369835454,-0.03733044286655696,0.004250826216245513,-8.4941441952112,peter_reference,middle
2 % H2O,"MMSPA drift, spectrum 4",drift,120.08305555555556,24.0,0.0004980987000148818,-0.017322861962533395,0.003806990686435307,-4.681114856951493,peter_reference,middle
2 % H2O,"H3PO4 drift, spectrum 4",drift,120.08305555555556,24.0,-0.004810503672133759,-0.0038448101742151104,0.005355295693575808,0.18032496302250703,peter_reference,middle
2 % H2O,"TMSPA drift, spectrum 5",drift,144.08472222222224,24.0,-0.0012653980014752757,-0.040840278516075745,0.004899665236702475,-8.077058044323609,peter_reference,middle
2 % H2O,"BMSPA drift, spectrum 5",drift,144.08472222222224,24.0,0.00266915857245955,0.04470908738661114,0.004214024797198133,9.9761939801834,peter_reference,middle
2 % H2O,"MMSPA drift, spectrum 5",drift,144.08472222222224,24.0,-0.000873972223684294,-0.0019552858060833157,0.0037840766409014707,-0.2857536157463828,peter_reference,middle
2 % H2O,"H3PO4 drift, spectrum 5",drift,144.08472222222224,24.0,-0.0034743683613404075,-0.0023507120354127322,0.005335614685411389,0.21059547815549176,peter_reference,middle
2 % H2O,"TMSPA drift, spectrum 6",drift,169.09472222222223,24.0,-0.0003719946980651757,-0.261760367816927,0.00505044776939373,-51.755484870649326,peter_reference,middle
2 % H2O,"BMSPA drift, spectrum 6",drift,169.09472222222223,24.0,0.00469704128655625,0.18070142555377655,0.0043397331506951865,40.55649924904392,peter_reference,middle
2 % H2O,"MMSPA drift, spectrum 6",drift,169.09472222222223,24.0,-0.0016011057147335972,0.06567511731469583,0.0039022745857645565,17.240258610927114,peter_reference,middle
2 % H2O,"H3PO4 drift, spectrum 6",drift,169.09472222222223,24.0,-0.0012359474798128156,0.014946635977494084,0.00551862909411635,2.9323556958303025,peter_reference,middle
TMSPa + TMSOH (A),TMSPA,share,24.06138888888889,24.0,0.1053947278719323,0.9979774575791621,0.0445184616528123,20.049720870147006,peter_reference,middle
TMSPa + TMSOH (A),BMSPA,share,24.06138888888889,24.0,0.6873082266868205,0.002020495705205765,0.06605978213401795,-10.373751000137206,peter_reference,middle
TMSPa + TMSOH (A),MMSPA,share,24.06138888888889,24.0,0.1940863844404749,2.0453345885082505e-06,0.043088354664184945,-4.504333957945472,peter_reference,middle
TMSPa + TMSOH (A),H3PO4,share,24.06138888888889,24.0,0.0099223082438628,1.381043757352066e-09,0.04682990369994713,-0.211879719556849,peter_reference,middle
"TMSOH, probe",TMSOH,share,24.220277777777778,24.0,0.9639432452485988,0.9058373089080319,0.14596266348999656,-0.3980876681148605,peter_reference,middle
"TMSOH, probe",HMDSO,share,24.220277777777778,24.0,0.0170024340665687,0.0015245189603391546,0.03898601307797726,-0.3970120021062845,peter_reference,middle
"TMSOH, probe",TMSOEG,share,24.220277777777778,24.0,0.016361410760644,0.0926381721316288,0.03427566613028646,2.225391071352092,peter_reference,middle
"TMSOH, probe",TMSOH,share,162.71138888888888,24.0,0.9013928072487448,0.3548670545025772,0.13748186482308686,-3.975257052626125,peter_reference,middle
"TMSOH, probe",HMDSO,share,162.71138888888888,24.0,0.0560341104366707,0.007923976991996892,0.03857608305521819,-1.247149260224489,peter_reference,middle
"TMSOH, probe",TMSOEG,share,162.71138888888888,24.0,0.0309381780198058,0.637208968505426,0.03542215731557517,17.115580654344903,peter_reference,middle
"TMSOH, probe",TMSOH,share,168.04666666666665,24.0,0.9314387139484052,0.17744127176150812,0.14126359297603053,-5.337521340794685,peter_reference,middle
"TMSOH, probe",HMDSO,share,168.04666666666665,24.0,0.0636227191325541,0.009052113784971082,0.04187829550266142,-1.3030760849403478,peter_reference,middle
"TMSOH, probe",TMSOEG,share,168.04666666666665,24.0,0.0049385669190406,0.8135066144535208,0.03465714188640995,23.330488422403427,peter_reference,middle
"TMSOH, glovebox",TMSOH,share,8.085555555555555,,0.4176736453462967,1.9486439521370616e-05,0.06726322570990972,-6.209249623382891,peter_reference,middle
"TMSOH, glovebox",HMDSO,share,8.085555555555555,,0.1605568349149448,0.01059963462016822,0.06307023323666916,-2.3776224155072754,peter_reference,middle
"TMSOH, glovebox",TMSOEG,share,8.085555555555555,,0.4270574261279915,0.9893808789403105,0.07661477159831212,7.339621865096147,peter_reference,middle
E1,ring_opened_fraction ≤ 0.02,limit,168.0,,0.02,0.6167620039126755,0.01,59.67620039126755,peter_reference,middle
0.5 % H2O,TMSPA,share,186.8636111111111,168.0,0.9299932391087324,0.9740658908462443,0.05038262396226941,0.874758959964392,peter_reference,long
0.5 % H2O,BMSPA,share,186.8636111111111,168.0,0.0602067459778262,0.02559487480077306,0.013578352713469372,-2.5490478784454513,peter_reference,long
0.5 % H2O,MMSPA,share,186.8636111111111,168.0,-0.0127888361282447,0.00033626959240551157,0.016523762306206145,0.7943170252286046,peter_reference,long
0.5 % H2O,H3PO4,share,186.8636111111111,168.0,0.0225283334121302,2.9647605771507655e-06,0.029520405461899806,-0.7630440130852936,peter_reference,long
2 % H2O,TMSPA (mean of 6 spectra),mean,245.750787037037,168.0,-0.0007656626651006243,0.7684469542463092,0.01661854317254085,46.28640482653107,peter_reference,long
2 % H2O,BMSPA (mean of 6 spectra),mean,245.750787037037,168.0,0.03711887486320495,0.1912991088647087,0.012105763508689669,12.736101600764895,peter_reference,long
2 % H2O,MMSPA (mean of 6 spectra),mean,245.750787037037,168.0,0.3159946426342034,0.03426325382802305,0.019615050041581303,-14.363021670041485,peter_reference,long
2 % H2O,H3PO4 (mean of 6 spectra),mean,245.750787037037,168.0,0.6615932136098326,0.00635339488642061,0.03378584486077464,-19.393915452567096,peter_reference,long
2 % H2O,"TMSPA drift, spectrum 1",drift,168.07722222222222,168.0,-0.0003054565140414757,0.13768119462387007,0.01644715739839633,8.38969603047429,peter_reference,long
2 % H2O,"BMSPA drift, spectrum 1",drift,168.07722222222222,168.0,0.010338222996300654,-0.10197794194937458,0.014063516710960585,-7.986349876353484,peter_reference,long
2 % H2O,"MMSPA drift, spectrum 1",drift,168.07722222222222,168.0,-0.004912709469828691,-0.02986086051171743,0.012683427177253747,-1.966988156531568,peter_reference,long
2 % H2O,"H3PO4 drift, spectrum 1",drift,168.07722222222222,168.0,0.0030695236078138732,-0.0062051039882395536,0.018060427438210076,-0.5135331169644017,peter_reference,long
2 % H2O,"TMSPA drift, spectrum 2",drift,201.08638888888888,168.0,-0.009093641193599076,0.11815976004595319,0.004971153901284341,25.59836282813035,peter_reference,long
2 % H2O,"BMSPA drift, spectrum 2",drift,201.08638888888888,168.0,-0.003661605318228345,-0.08459262937209622,0.004266281385166609,-18.96992175322897,peter_reference,long
2 % H2O,"MMSPA drift, spectrum 2",drift,201.08638888888888,168.0,0.0034486768784880995,-0.02784199663184201,0.0038194643225612306,-8.192424609257095,peter_reference,long
2 % H2O,"H3PO4 drift, spectrum 2",drift,201.08638888888888,168.0,0.004917027614622205,-0.006087845867476441,0.005421931041221751,-2.029696320080615,peter_reference,long
2 % H2O,"TMSPA drift, spectrum 3",drift,240.07861111111112,168.0,0.0010563794495133242,0.09076388680165959,0.005172384135828303,17.343550864823875,peter_reference,long
2 % H2O,"BMSPA drift, spectrum 3",drift,240.07861111111112,168.0,-0.0036826094382757454,-0.06092163275572046,0.00448464788352906,-12.763326085793421,peter_reference,long
2 % H2O,"MMSPA drift, spectrum 3",drift,240.07861111111112,168.0,-0.0011867206122497254,-0.024371471622365228,0.0040032257619836385,-5.791517238494994,peter_reference,long
2 % H2O,"H3PO4 drift, spectrum 3",drift,240.07861111111112,168.0,0.0049929936482607795,-0.005833494249035557,0.005699827509141352,-1.8994413216773447,peter_reference,long
2 % H2O,"TMSPA drift, spectrum 4",drift,264.0830555555556,168.0,0.009425300236393824,0.05290159274972683,0.004873014369393855,8.921847796385821,peter_reference,long
2 % H2O,"BMSPA drift, spectrum 4",drift,264.0830555555556,168.0,-0.0012233120369835454,-0.02965131739608584,0.004250826216245513,-6.687642334202729,peter_reference,long
2 % H2O,"MMSPA drift, spectrum 4",drift,264.0830555555556,168.0,0.0004980987000148818,-0.018356546014551212,0.003806990686435307,-4.952637468157487,peter_reference,long
2 % H2O,"H3PO4 drift, spectrum 4",drift,264.0830555555556,168.0,-0.004810503672133759,-0.005256441164551408,0.005355295693575808,-0.08327037719926345,peter_reference,long
2 % H2O,"TMSPA drift, spectrum 5",drift,288.08472222222224,168.0,-0.0012653980014752757,-0.03726781958338665,0.004899665236702475,-7.347934979766366,peter_reference,long
2 % H2O,"BMSPA drift, spectrum 5",drift,288.08472222222224,168.0,0.00266915857245955,0.037631108914168876,0.004214024797198133,8.296569674899684,peter_reference,long
2 % H2O,"MMSPA drift, spectrum 5",drift,288.08472222222224,168.0,-0.000873972223684294,0.001575011750216307,0.0037840766409014707,0.6471813883022163,peter_reference,long
2 % H2O,"H3PO4 drift, spectrum 5",drift,288.08472222222224,168.0,-0.0034743683613404075,-0.0023010129064602296,0.005335614685411389,0.2199100804802042,peter_reference,long
2 % H2O,"TMSPA drift, spectrum 6",drift,313.09472222222223,168.0,-0.0003719946980651757,-0.23870383955850294,0.00505044776939373,-47.190240498031685,peter_reference,long
2 % H2O,"BMSPA drift, spectrum 6",drift,313.09472222222223,168.0,0.00469704128655625,0.14528403510734428,0.0043397331506951865,32.39530840698518,peter_reference,long
2 % H2O,"MMSPA drift, spectrum 6",drift,313.09472222222223,168.0,-0.0016011057147335972,0.07265875850959957,0.0039022745857645565,19.02989207761856,peter_reference,long
2 % H2O,"H3PO4 drift, spectrum 6",drift,313.09472222222223,168.0,-0.0012359474798128156,0.02039833411609758,0.00551862909411635,3.9202275106648576,peter_reference,long
TMSPa + TMSOH (A),TMSPA,share,168.0613888888889,168.0,0.1053947278719323,0.9889442304939561,0.0445184616528123,19.846811183921684,peter_reference,long
TMSPa + TMSOH (A),BMSPA,share,168.0613888888889,168.0,0.6873082266868205,0.010994428748439589,0.06605978213401795,-10.237905365269262,peter_reference,long
TMSPa + TMSOH (A),MMSPA,share,168.0613888888889,168.0,0.1940863844404749,6.111365370153212e-05,0.043088354664184945,-4.502963092903783,peter_reference,long
TMSPa + TMSOH (A),H3PO4,share,168.0613888888889,168.0,0.0099223082438628,2.2710390301154745e-07,0.04682990369994713,-0.2118748994986934,peter_reference,long
"TMSOH, probe",TMSOH,share,168.22027777777777,168.0,0.9639432452485988,0.504978415807437,0.14596266348999656,-3.144398837807016,peter_reference,long
"TMSOH, probe",HMDSO,share,168.22027777777777,168.0,0.0170024340665687,0.006350968004232082,0.03898601307797726,-0.27321249908351114,peter_reference,long
"TMSOH, probe",TMSOEG,share,168.22027777777777,168.0,0.016361410760644,0.48867061618833096,0.03427566613028646,13.779723598437899,peter_reference,long
"TMSOH, probe",TMSOH,share,306.7113888888889,168.0,0.9013928072487448,0.20047976708688475,0.13748186482308686,-5.0982217986627,peter_reference,long
"TMSOH, probe",HMDSO,share,306.7113888888889,168.0,0.0560341104366707,0.008348523072395704,0.03857608305521819,-1.2361438380360539,peter_reference,long
"TMSOH, probe",TMSOEG,share,306.7113888888889,168.0,0.0309381780198058,0.7911717098407196,0.03542215731557517,21.462090099369473,peter_reference,long
"TMSOH, probe",TMSOH,share,312.0466666666667,168.0,0.9314387139484052,0.10152488572151405,0.14126359297603053,-5.874930764133333,peter_reference,long
"TMSOH, probe",HMDSO,share,312.0466666666667,168.0,0.0636227191325541,0.008706242022284,0.04187829550266142,-1.3113350591544513,peter_reference,long
"TMSOH, probe",TMSOEG,share,312.0466666666667,168.0,0.0049385669190406,0.8897688722562019,0.03465714188640995,25.53096583201307,peter_reference,long
"TMSOH, glovebox",TMSOH,share,8.085555555555555,,0.4176736453462967,1.9486439521370616e-05,0.06726322570990972,-6.209249623382891,peter_reference,long
"TMSOH, glovebox",HMDSO,share,8.085555555555555,,0.1605568349149448,0.01059963462016822,0.06307023323666916,-2.3776224155072754,peter_reference,long
"TMSOH, glovebox",TMSOEG,share,8.085555555555555,,0.4270574261279915,0.9893808789403105,0.07661477159831212,7.339621865096147,peter_reference,long
E1,ring_opened_fraction ≤ 0.02,limit,168.0,,0.02,0.6167620039126755,0.01,59.67620039126755,peter_reference,long
0.5 % H2O,TMSPA,share,186.8636111111111,168.0,0.9299932391087324,0.9740658908445237,0.05038262396226941,0.8747589599302409,peter_reference,free
0.5 % H2O,BMSPA,share,186.8636111111111,168.0,0.0602067459778262,0.02559487480134094,0.013578352713469372,-2.549047878403629,peter_reference,free
0.5 % H2O,MMSPA,share,186.8636111111111,168.0,-0.0127888361282447,0.000336269593949954,0.016523762306206145,0.7943170253220725,peter_reference,free
0.5 % H2O,H3PO4,share,186.8636111111111,168.0,0.0225283334121302,2.9647601854382386e-06,0.029520405461899806,-0.7630440130985628,peter_reference,free
2 % H2O,TMSPA (mean of 6 spectra),mean,245.750787037037,167.99999999999997,-0.0007656626651006243,0.7684469542463092,0.01661854317254085,46.28640482653107,peter_reference,free
2 % H2O,BMSPA (mean of 6 spectra),mean,245.750787037037,167.99999999999997,0.03711887486320495,0.19129910886470874,0.012105763508689669,12.736101600764899,peter_reference,free
2 % H2O,MMSPA (mean of 6 spectra),mean,245.750787037037,167.99999999999997,0.3159946426342034,0.03426325382802304,0.019615050041581303,-14.363021670041485,peter_reference,free
2 % H2O,H3PO4 (mean of 6 spectra),mean,245.750787037037,167.99999999999997,0.6615932136098326,0.0063533948864205984,0.03378584486077464,-19.393915452567096,peter_reference,free
2 % H2O,"TMSPA drift, spectrum 1",drift,168.0772222222222,167.99999999999997,-0.0003054565140414757,0.13768119462387007,0.01644715739839633,8.38969603047429,peter_reference,free
2 % H2O,"BMSPA drift, spectrum 1",drift,168.0772222222222,167.99999999999997,0.010338222996300654,-0.10197794194937462,0.014063516710960585,-7.986349876353488,peter_reference,free
2 % H2O,"MMSPA drift, spectrum 1",drift,168.0772222222222,167.99999999999997,-0.004912709469828691,-0.029860860511717414,0.012683427177253747,-1.966988156531567,peter_reference,free
2 % H2O,"H3PO4 drift, spectrum 1",drift,168.0772222222222,167.99999999999997,0.0030695236078138732,-0.006205103988239543,0.018060427438210076,-0.5135331169644012,peter_reference,free
2 % H2O,"TMSPA drift, spectrum 2",drift,201.08638888888885,167.99999999999997,-0.009093641193599076,0.11815976004595308,0.004971153901284341,25.598362828130327,peter_reference,free
2 % H2O,"BMSPA drift, spectrum 2",drift,201.08638888888885,167.99999999999997,-0.003661605318228345,-0.08459262937209626,0.004266281385166609,-18.969921753228977,peter_reference,free
2 % H2O,"MMSPA drift, spectrum 2",drift,201.08638888888885,167.99999999999997,0.0034486768784880995,-0.027841996631841993,0.0038194643225612306,-8.19242460925709,peter_reference,free
2 % H2O,"H3PO4 drift, spectrum 2",drift,201.08638888888885,167.99999999999997,0.004917027614622205,-0.00608784586747643,0.005421931041221751,-2.0296963200806126,peter_reference,free
2 % H2O,"TMSPA drift, spectrum 3",drift,240.0786111111111,167.99999999999997,0.0010563794495133242,0.09076388680165937,0.005172384135828303,17.343550864823833,peter_reference,free
2 % H2O,"BMSPA drift, spectrum 3",drift,240.0786111111111,167.99999999999997,-0.0036826094382757454,-0.06092163275572027,0.00448464788352906,-12.763326085793379,peter_reference,free
2 % H2O,"MMSPA drift, spectrum 3",drift,240.0786111111111,167.99999999999997,-0.0011867206122497254,-0.024371471622365196,0.0040032257619836385,-5.791517238494986,peter_reference,free
2 % H2O,"H3PO4 drift, spectrum 3",drift,240.0786111111111,167.99999999999997,0.0049929936482607795,-0.005833494249035545,0.005699827509141352,-1.8994413216773425,peter_reference,free
2 % H2O,"TMSPA drift, spectrum 4",drift,264.0830555555555,167.99999999999997,0.009425300236393824,0.05290159274972661,0.004873014369393855,8.921847796385775,peter_reference,free
2 % H2O,"BMSPA drift, spectrum 4",drift,264.0830555555555,167.99999999999997,-0.0012233120369835454,-0.02965131739608573,0.004250826216245513,-6.687642334202703,peter_reference,free
2 % H2O,"MMSPA drift, spectrum 4",drift,264.0830555555555,167.99999999999997,0.0004980987000148818,-0.018356546014551178,0.003806990686435307,-4.952637468157478,peter_reference,free
2 % H2O,"H3PO4 drift, spectrum 4",drift,264.0830555555555,167.99999999999997,-0.004810503672133759,-0.005256441164551396,0.005355295693575808,-0.08327037719926118,peter_reference,free
2 % H2O,"TMSPA drift, spectrum 5",drift,288.08472222222224,167.99999999999997,-0.0012653980014752757,-0.03726781958338643,0.004899665236702475,-7.347934979766321,peter_reference,free
2 % H2O,"BMSPA drift, spectrum 5",drift,288.08472222222224,167.99999999999997,0.00266915857245955,0.03763110891416879,0.004214024797198133,8.296569674899665,peter_reference,free
2 % H2O,"MMSPA drift, spectrum 5",drift,288.08472222222224,167.99999999999997,-0.000873972223684294,0.0015750117502163347,0.0037840766409014707,0.6471813883022236,peter_reference,free
2 % H2O,"H3PO4 drift, spectrum 5",drift,288.08472222222224,167.99999999999997,-0.0034743683613404075,-0.0023010129064602184,0.005335614685411389,0.2199100804802063,peter_reference,free
2 % H2O,"TMSPA drift, spectrum 6",drift,313.09472222222223,167.99999999999997,-0.0003719946980651757,-0.23870383955850283,0.00505044776939373,-47.19024049803166,peter_reference,free
2 % H2O,"BMSPA drift, spectrum 6",drift,313.09472222222223,167.99999999999997,0.00469704128655625,0.1452840351073441,0.0043397331506951865,32.39530840698514,peter_reference,free
2 % H2O,"MMSPA drift, spectrum 6",drift,313.09472222222223,167.99999999999997,-0.0016011057147335972,0.07265875850959944,0.0039022745857645565,19.029892077618523,peter_reference,free
2 % H2O,"H3PO4 drift, spectrum 6",drift,313.09472222222223,167.99999999999997,-0.0012359474798128156,0.020398334116097528,0.00551862909411635,3.920227510664848,peter_reference,free
TMSPa + TMSOH (A),TMSPA,share,168.0613888888889,168.0,0.1053947278719323,0.9889442304134399,0.0445184616528123,19.846811182113083,peter_reference,free
TMSPa + TMSOH (A),BMSPA,share,168.0613888888889,168.0,0.6873082266868205,0.010994428829150514,0.06605978213401795,-10.237905364047476,peter_reference,free
TMSPa + TMSOH (A),MMSPA,share,168.0613888888889,168.0,0.1940863844404749,6.111365351375713e-05,0.043088354664184945,-4.502963092908141,peter_reference,free
TMSPa + TMSOH (A),H3PO4,share,168.0613888888889,168.0,0.0099223082438628,2.271038958818678e-07,0.04682990369994713,-0.21187489949884564,peter_reference,free
"TMSOH, probe",TMSOH,share,1.2202777777777778,1.0,0.9639432452485988,0.9950258119547082,0.14596266348999656,0.21294874978928874,peter_reference,free
"TMSOH, probe",HMDSO,share,1.2202777777777778,1.0,0.0170024340665687,8.42379850045721e-05,0.03898601307797726,-0.4339555329170352,peter_reference,free
"TMSOH, probe",TMSOEG,share,1.2202777777777778,1.0,0.016361410760644,0.0048899500602871985,0.03427566613028646,-0.3346823561868126,peter_reference,free
"TMSOH, probe",TMSOH,share,139.71138888888888,1.0,0.9013928072487448,0.38903590526516496,0.13748186482308686,-3.726723540176635,peter_reference,free
"TMSOH, probe",HMDSO,share,139.71138888888888,1.0,0.0560341104366707,0.007798048797411303,0.03857608305521819,-1.250413671346928,peter_reference,free
"TMSOH, probe",TMSOEG,share,139.71138888888888,1.0,0.0309381780198058,0.6031660459374236,0.03542215731557517,16.154517716683745,peter_reference,free
"TMSOH, probe",TMSOH,share,145.04666666666665,1.0,0.9314387139484052,0.1941354210666114,0.14126359297603053,-5.219344045757768,peter_reference,free
"TMSOH, probe",HMDSO,share,145.04666666666665,1.0,0.0636227191325541,0.00915354312395076,0.04187829550266142,-1.3006540823788244,peter_reference,free
"TMSOH, probe",TMSOEG,share,145.04666666666665,1.0,0.0049385669190406,0.7967110358094378,0.03465714188640995,22.845867425694262,peter_reference,free
"TMSOH, glovebox",TMSOH,share,8.085555555555555,,0.4176736453462967,1.9486439521370616e-05,0.06726322570990972,-6.209249623382891,peter_reference,free
"TMSOH, glovebox",HMDSO,share,8.085555555555555,,0.1605568349149448,0.01059963462016822,0.06307023323666916,-2.3776224155072754,peter_reference,free
"TMSOH, glovebox",TMSOEG,share,8.085555555555555,,0.4270574261279915,0.9893808789403105,0.07661477159831212,7.339621865096147,peter_reference,free
E1,ring_opened_fraction ≤ 0.02,limit,168.0,,0.02,0.6167620039126755,0.01,59.67620039126755,peter_reference,free
0.5 % H2O,TMSPA,share,19.863611111111112,1.0,0.9299932391087324,1.31030892479266e-08,0.05038262396226941,-18.45861038722591,family_bep,short
0.5 % H2O,BMSPA,share,19.863611111111112,1.0,0.0602067459778262,0.01652354900589293,0.013578352713469372,-3.2171205074530635,family_bep,short
0.5 % H2O,MMSPA,share,19.863611111111112,1.0,-0.0127888361282447,0.08322506228849541,0.016523762306206145,5.810655989688156,family_bep,short
0.5 % H2O,H3PO4,share,19.863611111111112,1.0,0.0225283334121302,0.9002513756025224,0.029520405461899806,29.732757001702296,family_bep,short
2 % H2O,TMSPA (mean of 6 spectra),mean,78.75078703703704,1.0,-0.0007656626651006243,5.573309503521164e-15,0.01661854317254085,0.0460727909273851,family_bep,short
2 % H2O,BMSPA (mean of 6 spectra),mean,78.75078703703704,1.0,0.03711887486320495,9.724971057762807e-07,0.012105763508689669,-3.0661347662586897,family_bep,short
2 % H2O,MMSPA (mean of 6 spectra),mean,78.75078703703704,1.0,0.3159946426342034,0.0006729268470001956,0.019615050041581303,-16.07549892142834,family_bep,short
2 % H2O,H3PO4 (mean of 6 spectra),mean,78.75078703703704,1.0,0.6615932136098326,0.99932611083619,0.03378584486077464,9.99628390582191,family_bep,short
2 % H2O,"TMSPA drift, spectrum 1",drift,1.0772222222222223,1.0,-0.0003054565140414757,-5.573309503521164e-15,0.01644715739839633,0.018571994335366774,family_bep,short
2 % H2O,"BMSPA drift, spectrum 1",drift,1.0772222222222223,1.0,0.010338222996300654,1.2079801093211905e-08,0.014063516710960585,-0.7351085172346928,family_bep,short
2 % H2O,"MMSPA drift, spectrum 1",drift,1.0772222222222223,1.0,-0.004912709469828691,4.165250345065301e-06,0.012683427177253747,0.38766136718879896,family_bep,short
2 % H2O,"H3PO4 drift, spectrum 1",drift,1.0772222222222223,1.0,0.0030695236078138732,-4.187510442177356e-06,0.018060427438210076,-0.17019038606766654,family_bep,short
2 % H2O,"TMSPA drift, spectrum 2",drift,34.08638888888889,1.0,-0.009093641193599076,2.0261244155821082e-16,0.004971153901284341,1.8292817672069772,family_bep,short
2 % H2O,"BMSPA drift, spectrum 2",drift,34.08638888888889,1.0,-0.003661605318228345,1.1294714966976933e-08,0.004266281385166609,0.8582688956416119,family_bep,short
2 % H2O,"MMSPA drift, spectrum 2",drift,34.08638888888889,1.0,0.0034486768784880995,3.895335743363303e-06,0.0038194643225612306,-0.9019017463775544,family_bep,short
2 % H2O,"H3PO4 drift, spectrum 2",drift,34.08638888888889,1.0,0.004917027614622205,-3.916810760062894e-06,0.005421931041221751,-0.9075999653941387,family_bep,short
2 % H2O,"TMSPA drift, spectrum 3",drift,73.07861111111112,1.0,0.0010563794495133242,1.9136019458726875e-16,0.005172384135828303,-0.2042345312668787,family_bep,short
2 % H2O,"BMSPA drift, spectrum 3",drift,73.07861111111112,1.0,-0.0036826094382757454,1.0016741309308444e-08,0.00448464788352906,0.8211613376698655,family_bep,short
2 % H2O,"MMSPA drift, spectrum 3",drift,73.07861111111112,1.0,-0.0011867206122497254,3.455736417716927e-06,0.0040032257619836385,0.2973043289164132,family_bep,short
2 % H2O,"H3PO4 drift, spectrum 3",drift,73.07861111111112,1.0,0.0049929936482607795,-3.4759334607281644e-06,0.005699827509141352,-0.876600138110881,family_bep,short
2 % H2O,"TMSPA drift, spectrum 4",drift,97.08305555555556,1.0,0.009425300236393824,1.6894819466447147e-16,0.004873014369393855,-1.93418273001441,family_bep,short
2 % H2O,"BMSPA drift, spectrum 4",drift,97.08305555555556,1.0,-0.0012233120369835454,7.468817572499825e-09,0.004250826216245513,0.287783937420429,family_bep,short
2 % H2O,"MMSPA drift, spectrum 4",drift,97.08305555555556,1.0,0.0004980987000148818,2.5784431060118856e-06,0.003806990686435307,-0.13016061706545767,family_bep,short
2 % H2O,"H3PO4 drift, spectrum 4",drift,97.08305555555556,1.0,-0.004810503672133759,-2.596092225304325e-06,0.005355295693575808,0.8977856415428194,family_bep,short
2 % H2O,"TMSPA drift, spectrum 5",drift,121.08472222222224,1.0,-0.0012653980014752757,9.543290816678697e-17,0.004899665236702475,0.25826213431817985,family_bep,short
2 % H2O,"BMSPA drift, spectrum 5",drift,121.08472222222224,1.0,0.00266915857245955,-9.122036118692549e-10,0.004214024797198133,-0.6333990930565623,family_bep,short
2 % H2O,"MMSPA drift, spectrum 5",drift,121.08472222222224,1.0,-0.000873972223684294,-3.153649748190027e-07,0.0037840766409014707,0.2308771575253682,family_bep,short
2 % H2O,"H3PO4 drift, spectrum 5",drift,121.08472222222224,1.0,-0.0034743683613404075,3.060968767343297e-07,0.005335614685411389,0.6512228980322697,family_bep,short
2 % H2O,"TMSPA drift, spectrum 6",drift,146.09472222222223,1.0,-0.0003719946980651757,-1.4892182931550276e-16,0.00505044776939373,0.07365578559575563,family_bep,short
2 % H2O,"BMSPA drift, spectrum 6",drift,146.09472222222223,1.0,0.00469704128655625,-2.9034163695432264e-08,0.0043397331506951865,-1.082340816270585,family_bep,short
2 % H2O,"MMSPA drift, spectrum 6",drift,146.09472222222223,1.0,-0.0016011057147335972,-1.011775482564906e-05,0.0039022745857645565,0.4077078444740537,family_bep,short
2 % H2O,"H3PO4 drift, spectrum 6",drift,146.09472222222223,1.0,-0.0012359474798128156,1.0136608687871806e-05,0.00551862909411635,0.22579594809681844,family_bep,short
TMSPa + TMSOH (A),TMSPA,share,1.0613888888888887,1.0,0.1053947278719323,0.04651595880953484,0.0445184616528123,-1.3225697132478968,family_bep,short
TMSPa + TMSOH (A),BMSPA,share,1.0613888888888887,1.0,0.6873082266868205,0.7737572788626714,0.06605978213401795,1.3086487630320753,family_bep,short
TMSPa + TMSOH (A),MMSPA,share,1.0613888888888887,1.0,0.1940863844404749,0.12908522026693708,0.043088354664184945,-1.508555262323971,family_bep,short
TMSPa + TMSOH (A),H3PO4,share,1.0613888888888887,1.0,0.0099223082438628,0.05064154206085668,0.04682990369994713,0.8695135073924967,family_bep,short
"TMSOH, probe",TMSOH,share,1.2202777777777778,1.0,0.9639432452485988,0.785860001467653,0.14596266348999656,-1.220060250497899,family_bep,short
"TMSOH, probe",HMDSO,share,1.2202777777777778,1.0,0.0170024340665687,0.21412927535595622,0.03898601307797726,5.056347795685272,family_bep,short
"TMSOH, probe",TMSOEG,share,1.2202777777777778,1.0,0.016361410760644,1.072317639081471e-05,0.03427566613028646,-0.47703485971948734,family_bep,short
"TMSOH, probe",TMSOH,share,139.71138888888888,1.0,0.9013928072487448,0.7240933001854366,0.13748186482308686,-1.2896210514125563,family_bep,short
"TMSOH, probe",HMDSO,share,139.71138888888888,1.0,0.0560341104366707,0.27271645924356,0.03857608305521819,5.617012709577799,family_bep,short
"TMSOH, probe",TMSOEG,share,139.71138888888888,1.0,0.0309381780198058,0.0031902405710034884,0.03542215731557517,-0.783349732247999,family_bep,short
"TMSOH, probe",TMSOH,share,145.04666666666665,1.0,0.9314387139484052,0.7805210267740634,0.14126359297603053,-1.068340992855458,family_bep,short
"TMSOH, probe",HMDSO,share,145.04666666666665,1.0,0.0636227191325541,0.21267452418800845,0.04187829550266142,3.5591659895991206,family_bep,short
"TMSOH, probe",TMSOEG,share,145.04666666666665,1.0,0.0049385669190406,0.006804449037928133,0.03465714188640995,0.053838314913648384,family_bep,short
"TMSOH, glovebox",TMSOH,share,8.085555555555555,,0.4176736453462967,0.5788133853278458,0.06726322570990972,2.395658820712917,family_bep,short
"TMSOH, glovebox",HMDSO,share,8.085555555555555,,0.1605568349149448,0.15734172073327354,0.06307023323666916,-0.05097672890484855,family_bep,short
"TMSOH, glovebox",TMSOEG,share,8.085555555555555,,0.4270574261279915,0.26384489393888083,0.07661477159831212,-2.130301099699505,family_bep,short
E1,ring_opened_fraction ≤ 0.02,limit,168.0,,0.02,0.0022130123539541775,0.01,0.0,family_bep,short
0.5 % H2O,TMSPA,share,42.86361111111111,24.0,0.9299932391087324,1.3109643094001222e-08,0.05038262396226941,-18.458610387095828,family_bep,middle
0.5 % H2O,BMSPA,share,42.86361111111111,24.0,0.0602067459778262,0.01652894723327181,0.013578352713469372,-3.216722946166154,family_bep,middle
0.5 % H2O,MMSPA,share,42.86361111111111,24.0,-0.0127888361282447,0.08323781673496043,0.016523762306206145,5.811427874821134,family_bep,middle
0.5 % H2O,H3PO4,share,42.86361111111111,24.0,0.0225283334121302,0.9002332229221247,0.029520405461899806,29.732142081950563,family_bep,middle
2 % H2O,TMSPA (mean of 6 spectra),mean,101.75078703703703,24.0,-0.0007656626651006243,5.5693634886316115e-15,0.01661854317254085,0.04607279092738486,family_bep,middle
2 % H2O,BMSPA (mean of 6 spectra),mean,101.75078703703703,24.0,0.03711887486320495,9.720380723111417e-07,0.012105763508689669,-3.066134804177278,family_bep,middle
2 % H2O,MMSPA (mean of 6 spectra),mean,101.75078703703703,24.0,0.3159946426342034,0.0006727680655198439,0.019615050041581303,-16.07550701630855,family_bep,middle
2 % H2O,H3PO4 (mean of 6 spectra),mean,101.75078703703703,24.0,0.6615932136098326,0.9993262700745495,0.03378584486077464,9.996288618989812,family_bep,middle
2 % H2O,"TMSPA drift, spectrum 1",drift,24.077222222222222,24.0,-0.0003054565140414757,-5.5693634886316115e-15,0.01644715739839633,0.018571994335367013,family_bep,middle
2 % H2O,"BMSPA drift, spectrum 1",drift,24.077222222222222,24.0,0.010338222996300654,1.2074383230881269e-08,0.014063516710960585,-0.7351085176199352,family_bep,middle
2 % H2O,"MMSPA drift, spectrum 1",drift,24.077222222222222,24.0,-0.004912709469828691,4.164366811470381e-06,0.012683427177253747,0.3876612975283213,family_bep,middle
2 % H2O,"H3PO4 drift, spectrum 1",drift,24.077222222222222,24.0,0.0030695236078138732,-4.186619336321584e-06,0.018060427438210076,-0.17019033672742478,family_bep,middle
2 % H2O,"TMSPA drift, spectrum 2",drift,57.08638888888889,24.0,-0.009093641193599076,2.024713668090719e-16,0.004971153901284341,1.8292817672069772,family_bep,middle
2 % H2O,"BMSPA drift, spectrum 2",drift,57.08638888888889,24.0,-0.003661605318228345,1.1289653420472716e-08,0.004266281385166609,0.8582688944552048,family_bep,middle
2 % H2O,"MMSPA drift, spectrum 2",drift,57.08638888888889,24.0,0.0034486768784880995,3.8945101725996415e-06,0.0038194643225612306,-0.9019019625258657,family_bep,middle
2 % H2O,"H3PO4 drift, spectrum 2",drift,57.08638888888889,24.0,0.004917027614622205,-3.91597797344545e-06,0.005421931041221751,-0.9075998117981945,family_bep,middle
2 % H2O,"TMSPA drift, spectrum 3",drift,96.07861111111112,24.0,0.0010563794495133242,1.9122684101251197e-16,0.005172384135828303,-0.2042345312668787,family_bep,middle
2 % H2O,"BMSPA drift, spectrum 3",drift,96.07861111111112,24.0,-0.0036826094382757454,1.0012255213513073e-08,0.00448464788352906,0.8211613366695428,family_bep,middle
2 % H2O,"MMSPA drift, spectrum 3",drift,96.07861111111112,24.0,-0.0011867206122497254,3.4550050392769113e-06,0.0040032257619836385,0.29730414621913764,family_bep,middle
2 % H2O,"H3PO4 drift, spectrum 3",drift,96.07861111111112,24.0,0.0049929936482607795,-3.4751954419709463e-06,0.005699827509141352,-0.8766000086299878,family_bep,middle
2 % H2O,"TMSPA drift, spectrum 4",drift,120.08305555555556,24.0,0.009425300236393824,1.688301872863019e-16,0.004873014369393855,-1.93418273001441,family_bep,middle
2 % H2O,"BMSPA drift, spectrum 4",drift,120.08305555555556,24.0,-0.0012233120369835454,7.465474993343959e-09,0.004250826216245513,0.28778393663409274,family_bep,middle
2 % H2O,"MMSPA drift, spectrum 4",drift,120.08305555555556,24.0,0.0004980987000148818,2.5778983858545587e-06,0.003806990686435307,-0.13016076014964206,family_bep,middle
2 % H2O,"H3PO4 drift, spectrum 4",drift,120.08305555555556,24.0,-0.004810503672133759,-2.595542008321239e-06,0.005355295693575808,0.8977857442854156,family_bep,middle
2 % H2O,"TMSPA drift, spectrum 5",drift,144.08472222222224,24.0,-0.0012653980014752757,9.536517584937195e-17,0.004899665236702475,0.25826213431817985,family_bep,middle
2 % H2O,"BMSPA drift, spectrum 5",drift,144.08472222222224,24.0,0.00266915857245955,-9.117925175028938e-10,0.004214024797198133,-0.6333990929590084,family_bep,middle
2 % H2O,"MMSPA drift, spectrum 5",drift,144.08472222222224,24.0,-0.000873972223684294,-3.152968608183433e-07,0.0037840766409014707,0.23087717552553233,family_bep,middle
2 % H2O,"H3PO4 drift, spectrum 5",drift,144.08472222222224,24.0,-0.0034743683613404075,3.060305058255608e-07,0.005335614685411389,0.6512228855930452,family_bep,middle
2 % H2O,"TMSPA drift, spectrum 6",drift,169.09472222222223,24.0,-0.0003719946980651757,-1.488224356386873e-16,0.00505044776939373,0.07365578559575564,family_bep,middle
2 % H2O,"BMSPA drift, spectrum 6",drift,169.09472222222223,24.0,0.00469704128655625,-2.902116172748987e-08,0.0043397331506951865,-1.0823408132745556,family_bep,middle
2 % H2O,"MMSPA drift, spectrum 6",drift,169.09472222222223,24.0,-0.0016011057147335972,-1.0115614584174995e-05,0.0039022745857645565,0.4077083929340421,family_bep,middle
2 % H2O,"H3PO4 drift, spectrum 6",drift,169.09472222222223,24.0,-0.0012359474798128156,1.013445759867615e-05,0.00551862909411635,0.2257955583099422,family_bep,middle
TMSPa + TMSOH (A),TMSPA,share,24.06138888888889,24.0,0.1053947278719323,2.39016409204982e-05,0.0445184616528123,-2.366901782293624,family_bep,middle
TMSPa + TMSOH (A),BMSPA,share,24.06138888888889,24.0,0.6873082266868205,0.8479929002279726,0.06605978213401795,2.4324130106146145,family_bep,middle
TMSPa + TMSOH (A),MMSPA,share,24.06138888888889,24.0,0.1940863844404749,0.11716340107240607,0.043088354664184945,-1.785238354250905,family_bep,middle
TMSPa + TMSOH (A),H3PO4,share,24.06138888888889,24.0,0.0099223082438628,0.034819797058700905,0.04682990369994713,0.531657911883902,family_bep,middle
"TMSOH, probe",TMSOH,share,24.220277777777778,24.0,0.9639432452485988,0.7857012788929415,0.14596266348999656,-1.2211476695057222,family_bep,middle
"TMSOH, probe",HMDSO,share,24.220277777777778,24.0,0.0170024340665687,0.21408602700506613,0.03898601307797726,5.055238465762163,family_bep,middle
"TMSOH, probe",TMSOEG,share,24.220277777777778,24.0,0.016361410760644,0.00021269410199230447,0.03427566613028646,-0.47114231412070107,family_bep,middle
"TMSOH, probe",TMSOH,share,162.71138888888888,24.0,0.9013928072487448,0.7239470528234261,0.13748186482308686,-1.2906848088921243,family_bep,middle
"TMSOH, probe",HMDSO,share,162.71138888888888,24.0,0.0560341104366707,0.27266137788922745,0.03857608305521819,5.615584846768251,family_bep,middle
"TMSOH, probe",TMSOEG,share,162.71138888888888,24.0,0.0309381780198058,0.0033915692873465473,0.03542215731557517,-0.7776660378713571,family_bep,middle
"TMSOH, probe",TMSOH,share,168.04666666666665,24.0,0.9314387139484052,0.7803633826620956,0.14126359297603053,-1.0694569499725515,family_bep,middle
"TMSOH, probe",HMDSO,share,168.04666666666665,24.0,0.0636227191325541,0.2126315696940901,0.04187829550266142,3.5581402913608624,family_bep,middle
"TMSOH, probe",TMSOEG,share,168.04666666666665,24.0,0.0049385669190406,0.007005047643814433,0.03465714188640995,0.05962640345666123,family_bep,middle
"TMSOH, glovebox",TMSOH,share,8.085555555555555,,0.4176736453462967,0.5788133853278458,0.06726322570990972,2.395658820712917,family_bep,middle
"TMSOH, glovebox",HMDSO,share,8.085555555555555,,0.1605568349149448,0.15734172073327354,0.06307023323666916,-0.05097672890484855,family_bep,middle
"TMSOH, glovebox",TMSOEG,share,8.085555555555555,,0.4270574261279915,0.26384489393888083,0.07661477159831212,-2.130301099699505,family_bep,middle
E1,ring_opened_fraction ≤ 0.02,limit,168.0,,0.02,0.0022130123539541775,0.01,0.0,family_bep,middle
0.5 % H2O,TMSPA,share,186.8636111111111,168.0,0.9299932391087324,1.3150737791663171e-08,0.05038262396226941,-18.458610386280174,family_bep,long
0.5 % H2O,BMSPA,share,186.8636111111111,168.0,0.0602067459778262,0.016562773997086257,0.013578352713469372,-3.2142317188038767,family_bep,long
0.5 % H2O,MMSPA,share,186.8636111111111,168.0,-0.0127888361282447,0.08331768517169226,0.016523762306206145,5.816261425150155,family_bep,long
0.5 % H2O,H3PO4,share,186.8636111111111,168.0,0.0225283334121302,0.9001195276804836,0.029520405461899806,29.72829067002508,family_bep,long
2 % H2O,TMSPA (mean of 6 spectra),mean,245.750787037037,168.0,-0.0007656626651006243,2.18319426536366e-15,0.01661854317254085,0.0460727909271811,family_bep,long
2 % H2O,BMSPA (mean of 6 spectra),mean,245.750787037037,168.0,0.03711887486320495,9.691688309342411e-07,0.012105763508689669,-3.066135041191769,family_bep,long
2 % H2O,MMSPA (mean of 6 spectra),mean,245.750787037037,168.0,0.3159946426342034,0.000671774733410103,0.019615050041581303,-16.07555765763282,family_bep,long
2 % H2O,H3PO4 (mean of 6 spectra),mean,245.750787037037,168.0,0.6615932136098326,0.9993272662624304,0.03378584486077464,9.996318104352245,family_bep,long
2 % H2O,"TMSPA drift, spectrum 1",drift,168.07722222222222,168.0,-0.0003054565140414757,-2.18319426536366e-15,0.01644715739839633,0.018571994335572894,family_bep,long
2 % H2O,"BMSPA drift, spectrum 1",drift,168.07722222222222,168.0,0.010338222996300654,1.2040534610112246e-08,0.014063516710960585,-0.7351085200267743,family_bep,long
2 % H2O,"MMSPA drift, spectrum 1",drift,168.07722222222222,168.0,-0.004912709469828691,4.158839283063169e-06,0.012683427177253747,0.38766086172115893,family_bep,long
2 % H2O,"H3PO4 drift, spectrum 1",drift,168.07722222222222,168.0,0.0030695236078138732,-4.181044489182106e-06,0.018060427438210076,-0.17019002804994976,family_bep,long
2 % H2O,"TMSPA drift, spectrum 2",drift,201.08638888888888,168.0,-0.009093641193599076,-2.18319426536366e-15,0.004971153901284341,1.829281767206497,family_bep,long
2 % H2O,"BMSPA drift, spectrum 2",drift,201.08638888888888,168.0,-0.003661605318228345,1.1258011541177232e-08,0.004266281385166609,0.8582688870384696,family_bep,long
2 % H2O,"MMSPA drift, spectrum 2",drift,201.08638888888888,168.0,0.0034486768784880995,3.889345416724604e-06,0.0038194643225612306,-0.9019033147458207,family_bep,long
2 % H2O,"H3PO4 drift, spectrum 2",drift,201.08638888888888,168.0,0.004917027614622205,-3.91076809969082e-06,0.005421931041221751,-0.9075988509092207,family_bep,long
2 % H2O,"TMSPA drift, spectrum 3",drift,240.07861111111112,168.0,0.0010563794495133242,-2.18319426536366e-15,0.005172384135828303,-0.20423453126733776,family_bep,long
2 % H2O,"BMSPA drift, spectrum 3",drift,240.07861111111112,168.0,-0.0036826094382757454,9.984209710415753e-09,0.00448464788352906,0.8211613304158738,family_bep,long
2 % H2O,"MMSPA drift, spectrum 3",drift,240.07861111111112,168.0,-0.0011867206122497254,3.4504293066260584e-06,0.0040032257619836385,0.2973030032077456,family_bep,long
2 % H2O,"H3PO4 drift, spectrum 3",drift,240.07861111111112,168.0,0.0049929936482607795,-3.4705781878363595e-06,0.005699827509141352,-0.8765991985608887,family_bep,long
2 % H2O,"TMSPA drift, spectrum 4",drift,264.0830555555556,168.0,0.009425300236393824,-2.18319426536366e-15,0.004873014369393855,-1.9341827300148928,family_bep,long
2 % H2O,"BMSPA drift, spectrum 4",drift,264.0830555555556,168.0,-0.0012233120369835454,7.444574180858516e-09,0.004250826216245513,0.28778393171721034,family_bep,long
2 % H2O,"MMSPA drift, spectrum 4",drift,264.0830555555556,168.0,0.0004980987000148818,2.5744892353518622e-06,0.003806990686435307,-0.1301616556471054,family_bep,long
2 % H2O,"H3PO4 drift, spectrum 4",drift,264.0830555555556,168.0,-0.004810503672133759,-2.592098480969085e-06,0.005355295693575808,0.8977863872989015,family_bep,long
2 % H2O,"TMSPA drift, spectrum 5",drift,288.08472222222224,168.0,-0.0012653980014752757,3.4564675141561417e-15,0.004899665236702475,0.2582621343188658,family_bep,long
2 % H2O,"BMSPA drift, spectrum 5",drift,288.08472222222224,168.0,0.00266915857245955,-9.092217715379125e-10,0.004214024797198133,-0.6333990923489632,family_bep,long
2 % H2O,"MMSPA drift, spectrum 5",drift,288.08472222222224,168.0,-0.000873972223684294,-3.148714411421857e-07,0.0037840766409014707,0.23087728794917395,family_bep,long
2 % H2O,"H3PO4 drift, spectrum 5",drift,288.08472222222224,168.0,-0.0034743683613404075,3.056159858516594e-07,0.005335614685411389,0.651222807903782,family_bep,long
2 % H2O,"TMSPA drift, spectrum 6",drift,313.09472222222223,168.0,-0.0003719946980651757,3.2133237879842948e-15,0.00505044776939373,0.07365578559642134,family_bep,long
2 % H2O,"BMSPA drift, spectrum 6",drift,313.09472222222223,168.0,0.00469704128655625,-2.893987765863892e-08,0.0043397331506951865,-1.0823407945443557,family_bep,long
2 % H2O,"MMSPA drift, spectrum 6",drift,313.09472222222223,168.0,-0.0016011057147335972,-1.0102222820580135e-05,0.0039022745857645565,0.4077118247180697,family_bep,long
2 % H2O,"H3PO4 drift, spectrum 6",drift,313.09472222222223,168.0,-0.0012359474798128156,1.0120998021445615e-05,0.00551862909411635,0.22579311937501814,family_bep,long
TMSPa + TMSOH (A),TMSPA,share,168.0613888888889,168.0,0.1053947278719323,2.390447568282895e-05,0.0445184616528123,-2.366901718617517,family_bep,long
TMSPa + TMSOH (A),BMSPA,share,168.0613888888889,168.0,0.6873082266868205,0.8480087305726682,0.06605978213401795,2.432652647261668,family_bep,long
TMSPa + TMSOH (A),MMSPA,share,168.0613888888889,168.0,0.1940863844404749,0.11715387792854025,0.043088354664184945,-1.785459368581576,family_bep,long
TMSPa + TMSOH (A),H3PO4,share,168.0613888888889,168.0,0.0099223082438628,0.03481348702310878,0.04682990369994713,0.531523168160478,family_bep,long
"TMSOH, probe",TMSOH,share,168.22027777777777,168.0,0.9639432452485988,0.784708265965241,0.14596266348999656,-1.2279508676932405,family_bep,long
"TMSOH, probe",HMDSO,share,168.22027777777777,168.0,0.0170024340665687,0.21381545319656145,0.03898601307797726,5.048298186745597,family_bep,long
"TMSOH, probe",TMSOEG,share,168.22027777777777,168.0,0.016361410760644,0.0014762808381975465,0.03427566613028646,-0.43427689678928644,family_bep,long
"TMSOH, probe",TMSOH,share,306.7113888888889,168.0,0.9013928072487448,0.7230320883864586,0.13748186482308686,-1.2973399734707025,family_bep,long
"TMSOH, probe",HMDSO,share,306.7113888888889,168.0,0.0560341104366707,0.2723167735171403,0.03857608305521819,5.606651737318184,family_bep,long
"TMSOH, probe",TMSOEG,share,306.7113888888889,168.0,0.0309381780198058,0.004651138096401119,0.03542215731557517,-0.7421072547675189,family_bep,long
"TMSOH, probe",TMSOH,share,312.0466666666667,168.0,0.9314387139484052,0.7793771170633953,0.14126359297603053,-1.07643868941385,family_bep,long
"TMSOH, probe",HMDSO,share,312.0466666666667,168.0,0.0636227191325541,0.21236283438179462,0.04187829550266142,3.5517232366772875,family_bep,long
"TMSOH, probe",TMSOEG,share,312.0466666666667,168.0,0.0049385669190406,0.00826004855481012,0.03465714188640995,0.09583830215012532,family_bep,long
"TMSOH, glovebox",TMSOH,share,8.085555555555555,,0.4176736453462967,0.5788133853278458,0.06726322570990972,2.395658820712917,family_bep,long
"TMSOH, glovebox",HMDSO,share,8.085555555555555,,0.1605568349149448,0.15734172073327354,0.06307023323666916,-0.05097672890484855,family_bep,long
"TMSOH, glovebox",TMSOEG,share,8.085555555555555,,0.4270574261279915,0.26384489393888083,0.07661477159831212,-2.130301099699505,family_bep,long
E1,ring_opened_fraction ≤ 0.02,limit,168.0,,0.02,0.0022130123539541775,0.01,0.0,family_bep,long
0.5 % H2O,TMSPA,share,186.8636111111111,168.0,0.9299932391087324,1.315073779221782e-08,0.05038262396226941,-18.458610386280174,family_bep,free
0.5 % H2O,BMSPA,share,186.8636111111111,168.0,0.0602067459778262,0.01656277399752692,0.013578352713469372,-3.214231718771423,family_bep,free
0.5 % H2O,MMSPA,share,186.8636111111111,168.0,-0.0127888361282447,0.0833176851727321,0.016523762306206145,5.816261425213085,family_bep,free
0.5 % H2O,H3PO4,share,186.8636111111111,168.0,0.0225283334121302,0.9001195276790032,0.029520405461899806,29.72829066997493,family_bep,free
2 % H2O,TMSPA (mean of 6 spectra),mean,78.75078703703704,1.0,-0.0007656626651006243,5.573309503521164e-15,0.01661854317254085,0.0460727909273851,family_bep,free
2 % H2O,BMSPA (mean of 6 spectra),mean,78.75078703703704,1.0,0.03711887486320495,9.724971057762807e-07,0.012105763508689669,-3.0661347662586897,family_bep,free
2 % H2O,MMSPA (mean of 6 spectra),mean,78.75078703703704,1.0,0.3159946426342034,0.0006729268470001956,0.019615050041581303,-16.07549892142834,family_bep,free
2 % H2O,H3PO4 (mean of 6 spectra),mean,78.75078703703704,1.0,0.6615932136098326,0.99932611083619,0.03378584486077464,9.99628390582191,family_bep,free
2 % H2O,"TMSPA drift, spectrum 1",drift,1.0772222222222223,1.0,-0.0003054565140414757,-5.573309503521164e-15,0.01644715739839633,0.018571994335366774,family_bep,free
2 % H2O,"BMSPA drift, spectrum 1",drift,1.0772222222222223,1.0,0.010338222996300654,1.2079801093211905e-08,0.014063516710960585,-0.7351085172346928,family_bep,free
2 % H2O,"MMSPA drift, spectrum 1",drift,1.0772222222222223,1.0,-0.004912709469828691,4.165250345065301e-06,0.012683427177253747,0.38766136718879896,family_bep,free
2 % H2O,"H3PO4 drift, spectrum 1",drift,1.0772222222222223,1.0,0.0030695236078138732,-4.187510442177356e-06,0.018060427438210076,-0.17019038606766654,family_bep,free
2 % H2O,"TMSPA drift, spectrum 2",drift,34.08638888888889,1.0,-0.009093641193599076,2.0261244155821082e-16,0.004971153901284341,1.8292817672069772,family_bep,free
2 % H2O,"BMSPA drift, spectrum 2",drift,34.08638888888889,1.0,-0.003661605318228345,1.1294714966976933e-08,0.004266281385166609,0.8582688956416119,family_bep,free
2 % H2O,"MMSPA drift, spectrum 2",drift,34.08638888888889,1.0,0.0034486768784880995,3.895335743363303e-06,0.0038194643225612306,-0.9019017463775544,family_bep,free
2 % H2O,"H3PO4 drift, spectrum 2",drift,34.08638888888889,1.0,0.004917027614622205,-3.916810760062894e-06,0.005421931041221751,-0.9075999653941387,family_bep,free
2 % H2O,"TMSPA drift, spectrum 3",drift,73.07861111111112,1.0,0.0010563794495133242,1.9136019458726875e-16,0.005172384135828303,-0.2042345312668787,family_bep,free
2 % H2O,"BMSPA drift, spectrum 3",drift,73.07861111111112,1.0,-0.0036826094382757454,1.0016741309308444e-08,0.00448464788352906,0.8211613376698655,family_bep,free
2 % H2O,"MMSPA drift, spectrum 3",drift,73.07861111111112,1.0,-0.0011867206122497254,3.455736417716927e-06,0.0040032257619836385,0.2973043289164132,family_bep,free
2 % H2O,"H3PO4 drift, spectrum 3",drift,73.07861111111112,1.0,0.0049929936482607795,-3.4759334607281644e-06,0.005699827509141352,-0.876600138110881,family_bep,free
2 % H2O,"TMSPA drift, spectrum 4",drift,97.08305555555556,1.0,0.009425300236393824,1.6894819466447147e-16,0.004873014369393855,-1.93418273001441,family_bep,free
2 % H2O,"BMSPA drift, spectrum 4",drift,97.08305555555556,1.0,-0.0012233120369835454,7.468817572499825e-09,0.004250826216245513,0.287783937420429,family_bep,free
2 % H2O,"MMSPA drift, spectrum 4",drift,97.08305555555556,1.0,0.0004980987000148818,2.5784431060118856e-06,0.003806990686435307,-0.13016061706545767,family_bep,free
2 % H2O,"H3PO4 drift, spectrum 4",drift,97.08305555555556,1.0,-0.004810503672133759,-2.596092225304325e-06,0.005355295693575808,0.8977856415428194,family_bep,free
2 % H2O,"TMSPA drift, spectrum 5",drift,121.08472222222224,1.0,-0.0012653980014752757,9.543290816678697e-17,0.004899665236702475,0.25826213431817985,family_bep,free
2 % H2O,"BMSPA drift, spectrum 5",drift,121.08472222222224,1.0,0.00266915857245955,-9.122036118692549e-10,0.004214024797198133,-0.6333990930565623,family_bep,free
2 % H2O,"MMSPA drift, spectrum 5",drift,121.08472222222224,1.0,-0.000873972223684294,-3.153649748190027e-07,0.0037840766409014707,0.2308771575253682,family_bep,free
2 % H2O,"H3PO4 drift, spectrum 5",drift,121.08472222222224,1.0,-0.0034743683613404075,3.060968767343297e-07,0.005335614685411389,0.6512228980322697,family_bep,free
2 % H2O,"TMSPA drift, spectrum 6",drift,146.09472222222223,1.0,-0.0003719946980651757,-1.4892182931550276e-16,0.00505044776939373,0.07365578559575563,family_bep,free
2 % H2O,"BMSPA drift, spectrum 6",drift,146.09472222222223,1.0,0.00469704128655625,-2.9034163695432264e-08,0.0043397331506951865,-1.082340816270585,family_bep,free
2 % H2O,"MMSPA drift, spectrum 6",drift,146.09472222222223,1.0,-0.0016011057147335972,-1.011775482564906e-05,0.0039022745857645565,0.4077078444740537,family_bep,free
2 % H2O,"H3PO4 drift, spectrum 6",drift,146.09472222222223,1.0,-0.0012359474798128156,1.0136608687871806e-05,0.00551862909411635,0.22579594809681844,family_bep,free
TMSPa + TMSOH (A),TMSPA,share,1.0613888888888887,1.0,0.1053947278719323,0.046515961279298725,0.0445184616528123,-1.3225696577706008,family_bep,free
TMSPa + TMSOH (A),BMSPA,share,1.0613888888888887,1.0,0.6873082266868205,0.7737572750329552,0.06605978213401795,1.3086487050585838,family_bep,free
TMSPa + TMSOH (A),MMSPA,share,1.0613888888888887,1.0,0.1940863844404749,0.12908522064927538,0.043088354664184945,-1.5085552534506153,family_bep,free
TMSPa + TMSOH (A),H3PO4,share,1.0613888888888887,1.0,0.0099223082438628,0.05064154303847057,0.04682990369994713,0.8695135282683434,family_bep,free
"TMSOH, probe",TMSOH,share,1.2202777777777778,1.0,0.9639432452485988,0.785860001467653,0.14596266348999656,-1.220060250497899,family_bep,free
"TMSOH, probe",HMDSO,share,1.2202777777777778,1.0,0.0170024340665687,0.21412927535595622,0.03898601307797726,5.056347795685272,family_bep,free
"TMSOH, probe",TMSOEG,share,1.2202777777777778,1.0,0.016361410760644,1.072317639081471e-05,0.03427566613028646,-0.47703485971948734,family_bep,free
"TMSOH, probe",TMSOH,share,139.71138888888888,1.0,0.9013928072487448,0.7240933001854366,0.13748186482308686,-1.2896210514125563,family_bep,free
"TMSOH, probe",HMDSO,share,139.71138888888888,1.0,0.0560341104366707,0.27271645924356,0.03857608305521819,5.617012709577799,family_bep,free
"TMSOH, probe",TMSOEG,share,139.71138888888888,1.0,0.0309381780198058,0.0031902405710034884,0.03542215731557517,-0.783349732247999,family_bep,free
"TMSOH, probe",TMSOH,share,145.04666666666665,1.0,0.9314387139484052,0.7805210267740634,0.14126359297603053,-1.068340992855458,family_bep,free
"TMSOH, probe",HMDSO,share,145.04666666666665,1.0,0.0636227191325541,0.21267452418800845,0.04187829550266142,3.5591659895991206,family_bep,free
"TMSOH, probe",TMSOEG,share,145.04666666666665,1.0,0.0049385669190406,0.006804449037928133,0.03465714188640995,0.053838314913648384,family_bep,free
"TMSOH, glovebox",TMSOH,share,8.085555555555555,,0.4176736453462967,0.5788133853278458,0.06726322570990972,2.395658820712917,family_bep,free
"TMSOH, glovebox",HMDSO,share,8.085555555555555,,0.1605568349149448,0.15734172073327354,0.06307023323666916,-0.05097672890484855,family_bep,free
"TMSOH, glovebox",TMSOEG,share,8.085555555555555,,0.4270574261279915,0.26384489393888083,0.07661477159831212,-2.130301099699505,family_bep,free
E1,ring_opened_fraction ≤ 0.02,limit,168.0,,0.02,0.0022130123539541775,0.01,0.0,family_bep,free
0.5 % H2O,TMSPA,share,19.863611111111112,1.0,0.9299932391087324,1.3111667180231788e-08,0.05038262396226941,-18.458610387055653,family_marcus,short
0.5 % H2O,BMSPA,share,19.863611111111112,1.0,0.0602067459778262,0.016530610056328953,0.013578352713469372,-3.216600484841704,family_marcus,short
0.5 % H2O,MMSPA,share,19.863611111111112,1.0,-0.0127888361282447,0.08324174617892241,0.016523762306206145,5.811665680466674,family_marcus,short
0.5 % H2O,H3PO4,share,19.863611111111112,1.0,0.0225283334121302,0.9002276306530814,0.029520405461899806,29.731952644544275,family_marcus,short
2 % H2O,TMSPA (mean of 6 spectra),mean,78.75078703703704,1.0,-0.0007656626651006243,5.552826821055999e-15,0.01661854317254085,0.046072790927383866,family_marcus,short
2 % H2O,BMSPA (mean of 6 spectra),mean,78.75078703703704,1.0,0.03711887486320495,9.578837729419847e-07,0.012105763508689669,-3.0661359733971594,family_marcus,short
2 % H2O,MMSPA (mean of 6 spectra),mean,78.75078703703704,1.0,0.3159946426342034,0.0006678025024013558,0.019615050041581303,-16.075760166981528,family_marcus,short
2 % H2O,H3PO4 (mean of 6 spectra),mean,78.75078703703704,1.0,0.6615932136098326,0.9993312625386487,0.03378584486077464,9.996436386912139,family_marcus,short
2 % H2O,"TMSPA drift, spectrum 1",drift,1.0772222222222223,1.0,-0.0003054565140414757,2.2972002524745867e-16,0.01644715739839633,0.018571994335719603,family_marcus,short
2 % H2O,"BMSPA drift, spectrum 1",drift,1.0772222222222223,1.0,0.010338222996300654,2.6660104099124674e-08,0.014063516710960585,-0.735107480488102,family_marcus,short
2 % H2O,"MMSPA drift, spectrum 1",drift,1.0772222222222223,1.0,-0.004912709469828691,9.278245160998424e-06,0.012683427177253747,0.38806449126121867,family_marcus,short
2 % H2O,"H3PO4 drift, spectrum 1",drift,1.0772222222222223,1.0,0.0030695236078138732,-9.327830093885936e-06,0.018060427438210076,-0.17047500389685663,family_marcus,short
2 % H2O,"TMSPA drift, spectrum 2",drift,34.08638888888889,1.0,-0.009093641193599076,2.124890864862232e-16,0.004971153901284341,1.8292817672069788,family_marcus,short
2 % H2O,"BMSPA drift, spectrum 2",drift,34.08638888888889,1.0,-0.003661605318228345,2.47035114272452e-08,0.004266281385166609,0.8582720386120937,family_marcus,short
2 % H2O,"MMSPA drift, spectrum 2",drift,34.08638888888889,1.0,0.0034486768784880995,8.605354710716925e-06,0.0038194643225612306,-0.9006685841931265,family_marcus,short
2 % H2O,"H3PO4 drift, spectrum 2",drift,34.08638888888889,1.0,0.004917027614622205,-8.652983050860819e-06,0.005421931041221751,-0.9084734867013611,family_marcus,short
2 % H2O,"TMSPA drift, spectrum 3",drift,73.07861111111112,1.0,0.0010563794495133242,1.8512988460072588e-16,0.005172384135828303,-0.20423453126687988,family_marcus,short
2 % H2O,"BMSPA drift, spectrum 3",drift,73.07861111111112,1.0,-0.0036826094382757454,2.1592831867239417e-08,0.00448464788352906,0.8211639189406496,family_marcus,short
2 % H2O,"MMSPA drift, spectrum 3",drift,73.07861111111112,1.0,-0.0011867206122497254,7.53418133966064e-06,0.0040032257619836385,0.29832311855367877,family_marcus,short
2 % H2O,"H3PO4 drift, spectrum 3",drift,73.07861111111112,1.0,0.0049929936482607795,-7.578699000254652e-06,0.005699827509141352,-0.8773199433212925,family_marcus,short
2 % H2O,"TMSPA drift, spectrum 4",drift,97.08305555555556,1.0,0.009425300236393824,1.3367595999528357e-16,0.004873014369393855,-1.9341827300144172,family_marcus,short
2 % H2O,"BMSPA drift, spectrum 4",drift,97.08305555555556,1.0,-0.0012233120369835454,1.5729203795709173e-08,0.004250826216245513,0.28778588066294314,family_marcus,short
2 % H2O,"MMSPA drift, spectrum 4",drift,97.08305555555556,1.0,0.0004980987000148818,5.510382107738808e-06,0.003806990686435307,-0.12939047097285658,family_marcus,short
2 % H2O,"H3PO4 drift, spectrum 4",drift,97.08305555555556,1.0,-0.004810503672133759,-5.549036140140018e-06,0.005355295693575808,0.897234235218351,family_marcus,short
2 % H2O,"TMSPA drift, spectrum 5",drift,121.08472222222224,1.0,-0.0012653980014752757,-2.743524643279739e-17,0.004899665236702475,0.25826213431815476,family_marcus,short
2 % H2O,"BMSPA drift, spectrum 5",drift,121.08472222222224,1.0,0.00266915857245955,-2.7464347725489756e-09,0.004214024797198133,-0.6333995283248033,family_marcus,short
2 % H2O,"MMSPA drift, spectrum 5",drift,121.08472222222224,1.0,-0.000873972223684294,-9.065859926288321e-07,0.0037840766409014707,0.23072091834896793,family_marcus,short
2 % H2O,"H3PO4 drift, spectrum 5",drift,121.08472222222224,1.0,-0.0034743683613404075,8.86407598876815e-07,0.005335614685411389,0.6513316597694561,family_marcus,short
2 % H2O,"TMSPA drift, spectrum 6",drift,146.09472222222223,1.0,-0.0003719946980651757,-5.319249299643301e-16,0.00505044776939373,0.07365578559567978,family_marcus,short
2 % H2O,"BMSPA drift, spectrum 6",drift,146.09472222222223,1.0,0.00469704128655625,-6.180130427343531e-08,0.0043397331506951865,-1.0823483667672262,family_marcus,short
2 % H2O,"MMSPA drift, spectrum 6",drift,146.09472222222223,1.0,-0.0016011057147335972,-2.1845367366308318e-05,0.0039022745857645565,0.4047025171238356,family_marcus,short
2 % H2O,"H3PO4 drift, spectrum 6",drift,146.09472222222223,1.0,-0.0012359474798128156,2.1884243842640316e-05,0.00551862909411635,0.22792467154505544,family_marcus,short
TMSPa + TMSOH (A),TMSPA,share,1.0613888888888887,1.0,0.1053947278719323,2.390120659549524e-05,0.0445184616528123,-2.3669017920496893,family_marcus,short
TMSPa + TMSOH (A),BMSPA,share,1.0613888888888887,1.0,0.6873082266868205,0.847990395555009,0.06605978213401795,2.4323750953675054,family_marcus,short
TMSPa + TMSOH (A),MMSPA,share,1.0613888888888887,1.0,0.1940863844404749,0.1171649101826273,0.043088354664184945,-1.7852033306294883,family_marcus,short
TMSPa + TMSOH (A),H3PO4,share,1.0613888888888887,1.0,0.0099223082438628,0.03482079305576829,0.04682990369994713,0.5316791802826962,family_marcus,short
"TMSOH, probe",TMSOH,share,1.2202777777777778,1.0,0.9639432452485988,0.7858472528335436,0.14596266348999656,-1.2201475922454703,family_marcus,short
"TMSOH, probe",HMDSO,share,1.2202777777777778,1.0,0.0170024340665687,0.21412580978482393,0.03898601307797726,5.056258903006624,family_marcus,short
"TMSOH, probe",TMSOEG,share,1.2202777777777778,1.0,0.016361410760644,2.6937381632439368e-05,0.03427566613028646,-0.476561806761742,family_marcus,short
"TMSOH, probe",TMSOH,share,139.71138888888888,1.0,0.9013928072487448,0.7210984527913005,0.13748186482308686,-1.311404632817929,family_marcus,short
"TMSOH, probe",HMDSO,share,139.71138888888888,1.0,0.0560341104366707,0.2715886985002652,0.03857608305521819,5.58777799589055,family_marcus,short
"TMSOH, probe",TMSOEG,share,139.71138888888888,1.0,0.0309381780198058,0.007312848708434335,0.03542215731557517,-0.6669647221340574,family_marcus,short
"TMSOH, probe",TMSOH,share,145.04666666666665,1.0,0.9314387139484052,0.7740036922412448,0.14126359297603053,-1.1144769745016596,family_marcus,short
"TMSOH, probe",HMDSO,share,145.04666666666665,1.0,0.0636227191325541,0.21089870447095552,0.04187829550266142,3.5167616917226687,family_marcus,short
"TMSOH, probe",TMSOEG,share,145.04666666666665,1.0,0.0049385669190406,0.015097603287799743,0.03465714188640995,0.2931296643576599,family_marcus,short
"TMSOH, glovebox",TMSOH,share,8.085555555555555,,0.4176736453462967,0.4051891203422579,0.06726322570990972,-0.18560699211604237,family_marcus,short
"TMSOH, glovebox",HMDSO,share,8.085555555555555,,0.1605568349149448,0.11014458318661745,0.06307023323666916,-0.7993033978351861,family_marcus,short
"TMSOH, glovebox",TMSOEG,share,8.085555555555555,,0.4270574261279915,0.4846662964711247,0.07661477159831212,0.7519290228413646,family_marcus,short
E1,ring_opened_fraction ≤ 0.02,limit,168.0,,0.02,0.005509850644834081,0.01,0.0,family_marcus,short
0.5 % H2O,TMSPA,share,42.86361111111111,24.0,0.9299932391087324,1.3128162854927346e-08,0.05038262396226941,-18.458610386728246,family_marcus,middle
0.5 % H2O,BMSPA,share,42.86361111111111,24.0,0.0602067459778262,0.016544192108232016,0.013578352713469372,-3.215600212408834,family_marcus,middle
0.5 % H2O,MMSPA,share,42.86361111111111,24.0,-0.0127888361282447,0.08327382420374252,0.016523762306206145,5.81360700740092,family_marcus,middle
0.5 % H2O,H3PO4,share,42.86361111111111,24.0,0.0225283334121302,0.9001819705598625,0.029520405461899806,29.730405914663553,family_marcus,middle
2 % H2O,TMSPA (mean of 6 spectra),mean,101.75078703703703,24.0,-0.0007656626651006243,5.5429465066301256e-15,0.01661854317254085,0.04607279092738327,family_marcus,middle
2 % H2O,BMSPA (mean of 6 spectra),mean,101.75078703703703,24.0,0.03711887486320495,9.56747261229708e-07,0.012105763508689669,-3.0661360672790288,family_marcus,middle
2 % H2O,MMSPA (mean of 6 spectra),mean,101.75078703703703,24.0,0.3159946426342034,0.0006674063410755566,0.019615050041581303,-16.075780363785764,family_marcus,middle
2 % H2O,H3PO4 (mean of 6 spectra),mean,101.75078703703703,24.0,0.6615932136098326,0.9993316598242756,0.03378584486077464,9.996448145849309,family_marcus,middle
2 % H2O,"TMSPA drift, spectrum 1",drift,24.077222222222222,24.0,-0.0003054565140414757,2.2932463647582337e-16,0.01644715739839633,0.01857199433571958,family_marcus,middle
2 % H2O,"BMSPA drift, spectrum 1",drift,24.077222222222222,24.0,0.010338222996300654,2.663003240574464e-08,0.014063516710960585,-0.735107482626379,family_marcus,middle
2 % H2O,"MMSPA drift, spectrum 1",drift,24.077222222222222,24.0,-0.004912709469828691,9.273288208243801e-06,0.012683427177253747,0.3880641004399772,family_marcus,middle
2 % H2O,"H3PO4 drift, spectrum 1",drift,24.077222222222222,24.0,0.0030695236078138732,-9.322830858748965e-06,0.018060427438210076,-0.1704747270908312,family_marcus,middle
2 % H2O,"TMSPA drift, spectrum 2",drift,57.08638888888889,24.0,-0.009093641193599076,2.1212341876823487e-16,0.004971153901284341,1.8292817672069788,family_marcus,middle
2 % H2O,"BMSPA drift, spectrum 2",drift,57.08638888888889,24.0,-0.003661605318228345,2.467565580710979e-08,0.004266281385166609,0.8582720320828431,family_marcus,middle
2 % H2O,"MMSPA drift, spectrum 2",drift,57.08638888888889,24.0,0.0034486768784880995,8.600761041892909e-06,0.0038194643225612306,-0.9006697868928865,family_marcus,middle
2 % H2O,"H3PO4 drift, spectrum 2",drift,57.08638888888889,24.0,0.004917027614622205,-8.648349315798498e-06,0.005421931041221751,-0.9084726320731803,family_marcus,middle
2 % H2O,"TMSPA drift, spectrum 3",drift,96.07861111111112,24.0,0.0010563794495133242,1.848113750019332e-16,0.005172384135828303,-0.20423453126687996,family_marcus,middle
2 % H2O,"BMSPA drift, spectrum 3",drift,96.07861111111112,24.0,-0.0036826094382757454,2.156849551364575e-08,0.00448464788352906,0.8211639135140576,family_marcus,middle
2 % H2O,"MMSPA drift, spectrum 3",drift,96.07861111111112,24.0,-0.0011867206122497254,7.530164549035046e-06,0.0040032257619836385,0.29832211516519547,family_marcus,middle
2 % H2O,"H3PO4 drift, spectrum 3",drift,96.07861111111112,24.0,0.0049929936482607795,-7.574645662811186e-06,0.005699827509141352,-0.8773192321879403,family_marcus,middle
2 % H2O,"TMSPA drift, spectrum 4",drift,120.08305555555556,24.0,0.009425300236393824,1.3344596828620892e-16,0.004873014369393855,-1.9341827300144172,family_marcus,middle
2 % H2O,"BMSPA drift, spectrum 4",drift,120.08305555555556,24.0,-0.0012233120369835454,1.5711480951917273e-08,0.004250826216245513,0.2877858764936727,family_marcus,middle
2 % H2O,"MMSPA drift, spectrum 4",drift,120.08305555555556,24.0,0.0004980987000148818,5.507447958860408e-06,0.003806990686435307,-0.12939124169942778,family_marcus,middle
2 % H2O,"H3PO4 drift, spectrum 4",drift,120.08305555555556,24.0,-0.004810503672133759,-5.546072057938112e-06,0.005355295693575808,0.8972347887045395,family_marcus,middle
2 % H2O,"TMSPA drift, spectrum 5",drift,144.08472222222224,24.0,-0.0012653980014752757,-2.7388296386688245e-17,0.004899665236702475,0.25826213431815476,family_marcus,middle
2 % H2O,"BMSPA drift, spectrum 5",drift,144.08472222222224,24.0,0.00266915857245955,-2.7433516269240405e-09,0.004214024797198133,-0.6333995275931641,family_marcus,middle
2 % H2O,"MMSPA drift, spectrum 5",drift,144.08472222222224,24.0,-0.000873972223684294,-9.061010016583795e-07,0.0037840766409014707,0.23072104651523317,family_marcus,middle
2 % H2O,"H3PO4 drift, spectrum 5",drift,144.08472222222224,24.0,-0.0034743683613404075,8.859317353060447e-07,0.005335614685411389,0.6513315705831864,family_marcus,middle
2 % H2O,"TMSPA drift, spectrum 6",drift,169.09472222222223,24.0,-0.0003719946980651757,-5.310093912616245e-16,0.00505044776939373,0.07365578559567997,family_marcus,middle
2 % H2O,"BMSPA drift, spectrum 6",drift,169.09472222222223,24.0,0.00469704128655625,-6.173162664018965e-08,0.0043397331506951865,-1.0823483507114848,family_marcus,middle
2 % H2O,"MMSPA drift, spectrum 6",drift,169.09472222222223,24.0,-0.0016011057147335972,-2.1833719266689143e-05,0.0039022745857645565,0.4047055020751411,family_marcus,middle
2 % H2O,"H3PO4 drift, spectrum 6",drift,169.09472222222223,24.0,-0.0012359474798128156,2.187253827601321e-05,0.00551862909411635,0.2279225504446105,family_marcus,middle
TMSPa + TMSOH (A),TMSPA,share,24.06138888888889,24.0,0.1053947278719323,2.3902347560394137e-05,0.0445184616528123,-2.3669017664206615,family_marcus,middle
TMSPa + TMSOH (A),BMSPA,share,24.06138888888889,24.0,0.6873082266868205,0.8479967663135621,0.06605978213401795,2.4324715346585135,family_marcus,middle
TMSPa + TMSOH (A),MMSPA,share,24.06138888888889,24.0,0.1940863844404749,0.11716107777116169,0.043088354664184945,-1.7852922737208519,family_marcus,middle
TMSPa + TMSOH (A),H3PO4,share,24.06138888888889,24.0,0.0099223082438628,0.03481825356771564,0.04682990369994713,0.5316249523673684,family_marcus,middle
"TMSOH, probe",TMSOH,share,24.220277777777778,24.0,0.9639432452485988,0.7854486021773992,0.14596266348999656,-1.2228787746356282,family_marcus,middle
"TMSOH, probe",HMDSO,share,24.220277777777778,24.0,0.0170024340665687,0.21401718639907827,0.03898601307797726,5.0534726887423345,family_marcus,middle
"TMSOH, probe",TMSOEG,share,24.220277777777778,24.0,0.016361410760644,0.0005342114235225704,0.03427566613028646,-0.46176197646925654,family_marcus,middle
"TMSOH, probe",TMSOH,share,162.71138888888888,24.0,0.9013928072487448,0.7207326483111133,0.13748186482308686,-1.314065379969256,family_marcus,middle
"TMSOH, probe",HMDSO,share,162.71138888888888,24.0,0.0560341104366707,0.2714509250326814,0.03857608305521819,5.584206522151587,family_marcus,middle
"TMSOH, probe",TMSOEG,share,162.71138888888888,24.0,0.0309381780198058,0.007816426656205317,0.03542215731557517,-0.6527482546477714,family_marcus,middle
"TMSOH, probe",TMSOH,share,168.04666666666665,24.0,0.9314387139484052,0.7736110498278942,0.14126359297603053,-1.1172564763186437,family_marcus,middle
"TMSOH, probe",HMDSO,share,168.04666666666665,24.0,0.0636227191325541,0.2107917181969631,0.04187829550266142,3.514206996678177,family_marcus,middle
"TMSOH, probe",TMSOEG,share,168.04666666666665,24.0,0.0049385669190406,0.015597231975142687,0.03465714188640995,0.307545991271763,family_marcus,middle
"TMSOH, glovebox",TMSOH,share,8.085555555555555,,0.4176736453462967,0.4051891203422579,0.06726322570990972,-0.18560699211604237,family_marcus,middle
"TMSOH, glovebox",HMDSO,share,8.085555555555555,,0.1605568349149448,0.11014458318661745,0.06307023323666916,-0.7993033978351861,family_marcus,middle
"TMSOH, glovebox",TMSOEG,share,8.085555555555555,,0.4270574261279915,0.4846662964711247,0.07661477159831212,0.7519290228413646,family_marcus,middle
E1,ring_opened_fraction ≤ 0.02,limit,168.0,,0.02,0.005509850644834081,0.01,0.0,family_marcus,middle
0.5 % H2O,TMSPA,share,186.8636111111111,168.0,0.9299932391087324,1.3231832276551058e-08,0.05038262396226941,-18.458610384670603,family_marcus,long
0.5 % H2O,BMSPA,share,186.8636111111111,168.0,0.0602067459778262,0.016629412026950216,0.013578352713469372,-3.2093240520735926,family_marcus,long
0.5 % H2O,MMSPA,share,186.8636111111111,168.0,-0.0127888361282447,0.08347475189683698,0.016523762306206145,5.8257669313559495,family_marcus,long
0.5 % H2O,H3PO4,share,186.8636111111111,168.0,0.0225283334121302,0.8998958228443805,0.029520405461899806,29.720712697005983,family_marcus,long
2 % H2O,TMSPA (mean of 6 spectra),mean,245.750787037037,168.0,-0.0007656626651006243,5.48147421220926e-15,0.01661854317254085,0.04607279092737957,family_marcus,long
2 % H2O,BMSPA (mean of 6 spectra),mean,245.750787037037,168.0,0.03711887486320495,9.496609912948981e-07,0.012105763508689669,-3.06613665264235,family_marcus,long
2 % H2O,MMSPA (mean of 6 spectra),mean,245.750787037037,168.0,0.3159946426342034,0.0006649309047427535,0.019615050041581303,-16.07590656465334,family_marcus,long
2 % H2O,H3PO4 (mean of 6 spectra),mean,245.750787037037,168.0,0.6615932136098326,0.9993341422705388,0.03378584486077464,9.99652162177609,family_marcus,long
2 % H2O,"TMSPA drift, spectrum 1",drift,168.07722222222222,168.0,-0.0003054565140414757,2.2686389750623396e-16,0.01644715739839633,0.01857199433571943,family_marcus,long
2 % H2O,"BMSPA drift, spectrum 1",drift,168.07722222222222,168.0,0.010338222996300654,2.6442465302688453e-08,0.014063516710960585,-0.7351074959635198,family_marcus,long
2 % H2O,"MMSPA drift, spectrum 1",drift,168.07722222222222,168.0,-0.004912709469828691,9.242298250808291e-06,0.012683427177253747,0.3880616570974167,family_marcus,long
2 % H2O,"H3PO4 drift, spectrum 1",drift,168.07722222222222,168.0,0.0030695236078138732,-9.291576994807649e-06,0.018060427438210076,-0.17047299657453813,family_marcus,long
2 % H2O,"TMSPA drift, spectrum 2",drift,201.08638888888888,168.0,-0.009093641193599076,2.0984765018696524e-16,0.004971153901284341,1.8292817672069785,family_marcus,long
2 % H2O,"BMSPA drift, spectrum 2",drift,201.08638888888888,168.0,-0.003661605318228345,2.4501910947311465e-08,0.004266281385166609,0.858271991357714,family_marcus,long
2 % H2O,"MMSPA drift, spectrum 2",drift,201.08638888888888,168.0,0.0034486768784880995,8.572042240586122e-06,0.0038194643225612306,-0.900677305958096,family_marcus,long
2 % H2O,"H3PO4 drift, spectrum 2",drift,201.08638888888888,168.0,0.004917027614622205,-8.61938043017485e-06,0.005421931041221751,-0.9084672891639098,family_marcus,long
2 % H2O,"TMSPA drift, spectrum 3",drift,240.07861111111112,168.0,0.0010563794495133242,1.8282909642719218e-16,0.005172384135828303,-0.20423453126688035,family_marcus,long
2 % H2O,"BMSPA drift, spectrum 3",drift,240.07861111111112,168.0,-0.0036826094382757454,2.1416701132088157e-08,0.00448464788352906,0.8211638796664992,family_marcus,long
2 % H2O,"MMSPA drift, spectrum 3",drift,240.07861111111112,168.0,-0.0011867206122497254,7.505052178865168e-06,0.0040032257619836385,0.2983158421314814,family_marcus,long
2 % H2O,"H3PO4 drift, spectrum 3",drift,240.07861111111112,168.0,0.0049929936482607795,-7.549305158560671e-06,0.005699827509141352,-0.8773147863509022,family_marcus,long
2 % H2O,"TMSPA drift, spectrum 4",drift,264.0830555555556,168.0,0.009425300236393824,1.3201459190876365e-16,0.004873014369393855,-1.9341827300144177,family_marcus,long
2 % H2O,"BMSPA drift, spectrum 4",drift,264.0830555555556,168.0,-0.0012233120369835454,1.5600937292679018e-08,0.004250826216245513,0.28778585048845545,family_marcus,long
2 % H2O,"MMSPA drift, spectrum 4",drift,264.0830555555556,168.0,0.0004980987000148818,5.489104042699275e-06,0.003806990686435307,-0.1293960601814447,family_marcus,long
2 % H2O,"H3PO4 drift, spectrum 4",drift,264.0830555555556,168.0,-0.004810503672133759,-5.527541258487645e-06,0.005355295693575808,0.8972382489802201,family_marcus,long
2 % H2O,"TMSPA drift, spectrum 5",drift,288.08472222222224,168.0,-0.0012653980014752757,-2.709608155714191e-17,0.004899665236702475,0.2582621343181548,family_marcus,long
2 % H2O,"BMSPA drift, spectrum 5",drift,288.08472222222224,168.0,0.00266915857245955,-2.7241201764726743e-09,0.004214024797198133,-0.6333995230294865,family_marcus,long
2 % H2O,"MMSPA drift, spectrum 5",drift,288.08472222222224,168.0,-0.000873972223684294,-9.030688645117642e-07,0.0037840766409014707,0.2307218478037467,family_marcus,long
2 % H2O,"H3PO4 drift, spectrum 5",drift,288.08472222222224,168.0,-0.0034743683613404075,8.829567063051158e-07,0.005335614685411389,0.6513310130037552,family_marcus,long
2 % H2O,"TMSPA drift, spectrum 6",drift,313.09472222222223,168.0,-0.0003719946980651757,-5.253114613456291e-16,0.00505044776939373,0.0736557855956811,family_marcus,long
2 % H2O,"BMSPA drift, spectrum 6",drift,313.09472222222223,168.0,0.00469704128655625,-6.129702404756223e-08,0.0043397331506951865,-1.082348250566481,family_marcus,long
2 % H2O,"MMSPA drift, spectrum 6",drift,313.09472222222223,168.0,-0.0016011057147335972,-2.1760897234721858e-05,0.0039022745857645565,0.4047241635071769,family_marcus,long
2 % H2O,"H3PO4 drift, spectrum 6",drift,313.09472222222223,168.0,-0.0012359474798128156,2.1799357980856193e-05,0.00551862909411635,0.22790928985146153,family_marcus,long
TMSPa + TMSOH (A),TMSPA,share,168.0613888888889,168.0,0.1053947278719323,2.3909492058839693e-05,0.0445184616528123,-2.366901605936714,family_marcus,long
TMSPa + TMSOH (A),BMSPA,share,168.0613888888889,168.0,0.6873082266868205,0.8480366471085742,0.06605978213401795,2.4330752422961064,family_marcus,long
TMSPa + TMSOH (A),MMSPA,share,168.0613888888889,168.0,0.1940863844404749,0.11713708536508606,0.043088354664184945,-1.785849092524044,family_marcus,long
TMSPa + TMSOH (A),H3PO4,share,168.0613888888889,168.0,0.0099223082438628,0.034802358034280834,0.04682990369994713,0.5312855211027505,family_marcus,long
"TMSOH, probe",TMSOH,share,168.22027777777777,168.0,0.9639432452485988,0.782957295013898,0.14596266348999656,-1.2399468871510726,family_marcus,long
"TMSOH, probe",HMDSO,share,168.22027777777777,168.0,0.0170024340665687,0.21333836092905575,0.03898601307797726,5.036060662827687,family_marcus,long
"TMSOH, probe",TMSOEG,share,168.22027777777777,168.0,0.016361410760644,0.00370434405704626,0.03427566613028646,-0.3692726687057375,family_marcus,long
"TMSOH, probe",TMSOH,share,306.7113888888889,168.0,0.9013928072487448,0.7184466084054091,0.13748186482308686,-1.3306933178332494,family_marcus,long
"TMSOH, probe",HMDSO,share,306.7113888888889,168.0,0.0560341104366707,0.27058993053452035,0.03857608305521819,5.561887135890192,family_marcus,long
"TMSOH, probe",TMSOEG,share,306.7113888888889,168.0,0.0309381780198058,0.01096346106007057,0.03542215731557517,-0.5639045860979314,family_marcus,long
"TMSOH, probe",TMSOH,share,312.0466666666667,168.0,0.9314387139484052,0.7711572903055721,0.14126359297603053,-1.1346265535666322,family_marcus,long
"TMSOH, probe",HMDSO,share,312.0466666666667,168.0,0.0636227191325541,0.21012312361919808,0.04187829550266142,3.4982418154371557,family_marcus,long
"TMSOH, probe",TMSOEG,share,312.0466666666667,168.0,0.0049385669190406,0.01871958607522987,0.03465714188640995,0.39763865125857945,family_marcus,long
"TMSOH, glovebox",TMSOH,share,8.085555555555555,,0.4176736453462967,0.4051891203422579,0.06726322570990972,-0.18560699211604237,family_marcus,long
"TMSOH, glovebox",HMDSO,share,8.085555555555555,,0.1605568349149448,0.11014458318661745,0.06307023323666916,-0.7993033978351861,family_marcus,long
"TMSOH, glovebox",TMSOEG,share,8.085555555555555,,0.4270574261279915,0.4846662964711247,0.07661477159831212,0.7519290228413646,family_marcus,long
E1,ring_opened_fraction ≤ 0.02,limit,168.0,,0.02,0.005509850644834081,0.01,0.0,family_marcus,long
0.5 % H2O,TMSPA,share,186.8636111111111,168.0,0.9299932391087324,1.3231832278924087e-08,0.05038262396226941,-18.458610384670603,family_marcus,free
0.5 % H2O,BMSPA,share,186.8636111111111,168.0,0.0602067459778262,0.016629412028898213,0.013578352713469372,-3.209324051930129,family_marcus,free
0.5 % H2O,MMSPA,share,186.8636111111111,168.0,-0.0127888361282447,0.08347475190142312,0.016523762306206145,5.825766931633498,family_marcus,free
0.5 % H2O,H3PO4,share,186.8636111111111,168.0,0.0225283334121302,0.8998958228378463,0.029520405461899806,29.720712696784634,family_marcus,free
2 % H2O,TMSPA (mean of 6 spectra),mean,78.75078703703704,1.0,-0.0007656626651006243,5.552826821055999e-15,0.01661854317254085,0.046072790927383866,family_marcus,free
2 % H2O,BMSPA (mean of 6 spectra),mean,78.75078703703704,1.0,0.03711887486320495,9.578837729419847e-07,0.012105763508689669,-3.0661359733971594,family_marcus,free
2 % H2O,MMSPA (mean of 6 spectra),mean,78.75078703703704,1.0,0.3159946426342034,0.0006678025024013558,0.019615050041581303,-16.075760166981528,family_marcus,free
2 % H2O,H3PO4 (mean of 6 spectra),mean,78.75078703703704,1.0,0.6615932136098326,0.9993312625386487,0.03378584486077464,9.996436386912139,family_marcus,free
2 % H2O,"TMSPA drift, spectrum 1",drift,1.0772222222222223,1.0,-0.0003054565140414757,2.2972002524745867e-16,0.01644715739839633,0.018571994335719603,family_marcus,free
2 % H2O,"BMSPA drift, spectrum 1",drift,1.0772222222222223,1.0,0.010338222996300654,2.6660104099124674e-08,0.014063516710960585,-0.735107480488102,family_marcus,free
2 % H2O,"MMSPA drift, spectrum 1",drift,1.0772222222222223,1.0,-0.004912709469828691,9.278245160998424e-06,0.012683427177253747,0.38806449126121867,family_marcus,free
2 % H2O,"H3PO4 drift, spectrum 1",drift,1.0772222222222223,1.0,0.0030695236078138732,-9.327830093885936e-06,0.018060427438210076,-0.17047500389685663,family_marcus,free
2 % H2O,"TMSPA drift, spectrum 2",drift,34.08638888888889,1.0,-0.009093641193599076,2.124890864862232e-16,0.004971153901284341,1.8292817672069788,family_marcus,free
2 % H2O,"BMSPA drift, spectrum 2",drift,34.08638888888889,1.0,-0.003661605318228345,2.47035114272452e-08,0.004266281385166609,0.8582720386120937,family_marcus,free
2 % H2O,"MMSPA drift, spectrum 2",drift,34.08638888888889,1.0,0.0034486768784880995,8.605354710716925e-06,0.0038194643225612306,-0.9006685841931265,family_marcus,free
2 % H2O,"H3PO4 drift, spectrum 2",drift,34.08638888888889,1.0,0.004917027614622205,-8.652983050860819e-06,0.005421931041221751,-0.9084734867013611,family_marcus,free
2 % H2O,"TMSPA drift, spectrum 3",drift,73.07861111111112,1.0,0.0010563794495133242,1.8512988460072588e-16,0.005172384135828303,-0.20423453126687988,family_marcus,free
2 % H2O,"BMSPA drift, spectrum 3",drift,73.07861111111112,1.0,-0.0036826094382757454,2.1592831867239417e-08,0.00448464788352906,0.8211639189406496,family_marcus,free
2 % H2O,"MMSPA drift, spectrum 3",drift,73.07861111111112,1.0,-0.0011867206122497254,7.53418133966064e-06,0.0040032257619836385,0.29832311855367877,family_marcus,free
2 % H2O,"H3PO4 drift, spectrum 3",drift,73.07861111111112,1.0,0.0049929936482607795,-7.578699000254652e-06,0.005699827509141352,-0.8773199433212925,family_marcus,free
2 % H2O,"TMSPA drift, spectrum 4",drift,97.08305555555556,1.0,0.009425300236393824,1.3367595999528357e-16,0.004873014369393855,-1.9341827300144172,family_marcus,free
2 % H2O,"BMSPA drift, spectrum 4",drift,97.08305555555556,1.0,-0.0012233120369835454,1.5729203795709173e-08,0.004250826216245513,0.28778588066294314,family_marcus,free
2 % H2O,"MMSPA drift, spectrum 4",drift,97.08305555555556,1.0,0.0004980987000148818,5.510382107738808e-06,0.003806990686435307,-0.12939047097285658,family_marcus,free
2 % H2O,"H3PO4 drift, spectrum 4",drift,97.08305555555556,1.0,-0.004810503672133759,-5.549036140140018e-06,0.005355295693575808,0.897234235218351,family_marcus,free
2 % H2O,"TMSPA drift, spectrum 5",drift,121.08472222222224,1.0,-0.0012653980014752757,-2.743524643279739e-17,0.004899665236702475,0.25826213431815476,family_marcus,free
2 % H2O,"BMSPA drift, spectrum 5",drift,121.08472222222224,1.0,0.00266915857245955,-2.7464347725489756e-09,0.004214024797198133,-0.6333995283248033,family_marcus,free
2 % H2O,"MMSPA drift, spectrum 5",drift,121.08472222222224,1.0,-0.000873972223684294,-9.065859926288321e-07,0.0037840766409014707,0.23072091834896793,family_marcus,free
2 % H2O,"H3PO4 drift, spectrum 5",drift,121.08472222222224,1.0,-0.0034743683613404075,8.86407598876815e-07,0.005335614685411389,0.6513316597694561,family_marcus,free
2 % H2O,"TMSPA drift, spectrum 6",drift,146.09472222222223,1.0,-0.0003719946980651757,-5.319249299643301e-16,0.00505044776939373,0.07365578559567978,family_marcus,free
2 % H2O,"BMSPA drift, spectrum 6",drift,146.09472222222223,1.0,0.00469704128655625,-6.180130427343531e-08,0.0043397331506951865,-1.0823483667672262,family_marcus,free
2 % H2O,"MMSPA drift, spectrum 6",drift,146.09472222222223,1.0,-0.0016011057147335972,-2.1845367366308318e-05,0.0039022745857645565,0.4047025171238356,family_marcus,free
2 % H2O,"H3PO4 drift, spectrum 6",drift,146.09472222222223,1.0,-0.0012359474798128156,2.1884243842640316e-05,0.00551862909411635,0.22792467154505544,family_marcus,free
TMSPa + TMSOH (A),TMSPA,share,1.0613888888888887,1.0,0.1053947278719323,2.390120659349291e-05,0.0445184616528123,-2.366901792049734,family_marcus,free
TMSPa + TMSOH (A),BMSPA,share,1.0613888888888887,1.0,0.6873082266868205,0.8479903955464237,0.06605978213401795,2.4323750952375436,family_marcus,free
TMSPa + TMSOH (A),MMSPA,share,1.0613888888888887,1.0,0.1940863844404749,0.11716491020116712,0.043088354664184945,-1.7852033301992136,family_marcus,free
TMSPa + TMSOH (A),H3PO4,share,1.0613888888888887,1.0,0.0099223082438628,0.03482079304581572,0.04682990369994713,0.5316791800701703,family_marcus,free
"TMSOH, probe",TMSOH,share,1.2202777777777778,1.0,0.9639432452485988,0.7858472528335436,0.14596266348999656,-1.2201475922454703,family_marcus,free
"TMSOH, probe",HMDSO,share,1.2202777777777778,1.0,0.0170024340665687,0.21412580978482393,0.03898601307797726,5.056258903006624,family_marcus,free
"TMSOH, probe",TMSOEG,share,1.2202777777777778,1.0,0.016361410760644,2.6937381632439368e-05,0.03427566613028646,-0.476561806761742,family_marcus,free
"TMSOH, probe",TMSOH,share,139.71138888888888,1.0,0.9013928072487448,0.7210984527913005,0.13748186482308686,-1.311404632817929,family_marcus,free
"TMSOH, probe",HMDSO,share,139.71138888888888,1.0,0.0560341104366707,0.2715886985002652,0.03857608305521819,5.58777799589055,family_marcus,free
"TMSOH, probe",TMSOEG,share,139.71138888888888,1.0,0.0309381780198058,0.007312848708434335,0.03542215731557517,-0.6669647221340574,family_marcus,free
"TMSOH, probe",TMSOH,share,145.04666666666665,1.0,0.9314387139484052,0.7740036922412448,0.14126359297603053,-1.1144769745016596,family_marcus,free
"TMSOH, probe",HMDSO,share,145.04666666666665,1.0,0.0636227191325541,0.21089870447095552,0.04187829550266142,3.5167616917226687,family_marcus,free
"TMSOH, probe",TMSOEG,share,145.04666666666665,1.0,0.0049385669190406,0.015097603287799743,0.03465714188640995,0.2931296643576599,family_marcus,free
"TMSOH, glovebox",TMSOH,share,8.085555555555555,,0.4176736453462967,0.4051891203422579,0.06726322570990972,-0.18560699211604237,family_marcus,free
"TMSOH, glovebox",HMDSO,share,8.085555555555555,,0.1605568349149448,0.11014458318661745,0.06307023323666916,-0.7993033978351861,family_marcus,free
"TMSOH, glovebox",TMSOEG,share,8.085555555555555,,0.4270574261279915,0.4846662964711247,0.07661477159831212,0.7519290228413646,family_marcus,free
E1,ring_opened_fraction ≤ 0.02,limit,168.0,,0.02,0.005509850644834081,0.01,0.0,family_marcus,free
0.5 % H2O,TMSPA,share,19.863611111111112,1.0,0.9299932391087324,1.3103920849105541e-08,0.05038262396226941,-18.458610387209404,level1,short
0.5 % H2O,BMSPA,share,19.863611111111112,1.0,0.0602067459778262,0.016524230888866544,0.013578352713469372,-3.2170702890658998,level1,short
0.5 % H2O,MMSPA,share,19.863611111111112,1.0,-0.0127888361282447,0.08322667186891808,0.016523762306206145,5.810753399732723,level1,short
0.5 % H2O,H3PO4,share,19.863611111111112,1.0,0.0225283334121302,0.9002490841382946,0.029520405461899806,29.732679378641503,level1,short
2 % H2O,TMSPA (mean of 6 spectra),mean,78.75078703703704,1.0,-0.0007656626651006243,5.664772225171083e-15,0.01661854317254085,0.0460727909273906,level1,short
2 % H2O,BMSPA (mean of 6 spectra),mean,78.75078703703704,1.0,0.03711887486320495,9.709814842580885e-07,0.012105763508689669,-3.0661348914570317,level1,short
2 % H2O,MMSPA (mean of 6 spectra),mean,78.75078703703704,1.0,0.3159946426342034,0.0006723997002628939,0.019615050041581303,-16.07552579603413,level1,short
2 % H2O,H3PO4 (mean of 6 spectra),mean,78.75078703703704,1.0,0.6615932136098326,0.9993266408019105,0.03378584486077464,9.996299591850264,level1,short
2 % H2O,"TMSPA drift, spectrum 1",drift,1.0772222222222223,1.0,-0.0003054565140414757,1.1803899218552654e-16,0.01644715739839633,0.01857199433571281,level1,short
2 % H2O,"BMSPA drift, spectrum 1",drift,1.0772222222222223,1.0,0.010338222996300654,1.3592377342139422e-08,0.014063516710960585,-0.7351084096814913,level1,short
2 % H2O,"MMSPA drift, spectrum 1",drift,1.0772222222222223,1.0,-0.004912709469828691,4.691355476051616e-06,0.012683427177253747,0.38770284691849927,level1,short
2 % H2O,"H3PO4 drift, spectrum 1",drift,1.0772222222222223,1.0,0.0030695236078138732,-4.716431516782471e-06,0.018060427438210076,-0.17021967225573792,level1,short
2 % H2O,"TMSPA drift, spectrum 2",drift,34.08638888888889,1.0,-0.009093641193599076,1.1012027039741102e-16,0.004971153901284341,1.8292817672069583,level1,short
2 % H2O,"BMSPA drift, spectrum 2",drift,34.08638888888889,1.0,-0.003661605318228345,1.2693453532315919e-08,0.004266281385166609,0.8582692235005689,level1,short
2 % H2O,"MMSPA drift, spectrum 2",drift,34.08638888888889,1.0,0.0034486768784880995,4.382295062571964e-06,0.0038194643225612306,-0.9017742522375168,level1,short
2 % H2O,"H3PO4 drift, spectrum 2",drift,34.08638888888889,1.0,0.004917027614622205,-4.406472179363519e-06,0.005421931041221751,-0.9076902766532782,level1,short
2 % H2O,"TMSPA drift, spectrum 3",drift,73.07861111111112,1.0,0.0010563794495133242,9.728269432896354e-17,0.005172384135828303,-0.20423453126689686,level1,short
2 % H2O,"BMSPA drift, spectrum 3",drift,73.07861111111112,1.0,-0.0036826094382757454,1.1235272596976157e-08,0.00448464788352906,0.8211616093815627,level1,short
2 % H2O,"MMSPA drift, spectrum 3",drift,73.07861111111112,1.0,-0.0011867206122497254,3.880654909692175e-06,0.0040032257619836385,0.2974104729405675,level1,short
2 % H2O,"H3PO4 drift, spectrum 3",drift,73.07861111111112,1.0,0.0049929936482607795,-3.903373845703939e-06,0.005699827509141352,-0.8766751299214736,level1,short
2 % H2O,"TMSPA drift, spectrum 4",drift,97.08305555555556,1.0,0.009425300236393824,7.192514032372845e-17,0.004873014369393855,-1.93418273001443,level1,short
2 % H2O,"BMSPA drift, spectrum 4",drift,97.08305555555556,1.0,-0.0012233120369835454,8.351798255408018e-09,0.004250826216245513,0.2877841451402082,level1,short
2 % H2O,"MMSPA drift, spectrum 4",drift,97.08305555555556,1.0,0.0004980987000148818,2.8875903517392018e-06,0.003806990686435307,-0.13007941191651187,level1,short
2 % H2O,"H3PO4 drift, spectrum 4",drift,97.08305555555556,1.0,-0.004810503672133759,-2.9074258133254816e-06,0.005355295693575808,0.8977275058943257,level1,short
2 % H2O,"TMSPA drift, spectrum 5",drift,121.08472222222224,1.0,-0.0012653980014752757,-1.0722012009134001e-17,0.004899665236702475,0.2582621343181582,level1,short
2 % H2O,"BMSPA drift, spectrum 5",drift,121.08472222222224,1.0,0.00266915857245955,-1.075880801311423e-09,0.004214024797198133,-0.6333991318976222,level1,short
2 % H2O,"MMSPA drift, spectrum 5",drift,121.08472222222224,1.0,-0.000873972223684294,-3.6954211469727213e-07,0.0037840766409014707,0.23086284038937452,level1,short
2 % H2O,"H3PO4 drift, spectrum 5",drift,121.08472222222224,1.0,-0.0034743683613404075,3.5913433227285907e-07,0.005335614685411389,0.6512328383031973,level1,short
2 % H2O,"TMSPA drift, spectrum 6",drift,146.09472222222223,1.0,-0.0003719946980651757,-2.834077000435901e-16,0.00505044776939373,0.073655785595729,level1,short
2 % H2O,"BMSPA drift, spectrum 6",drift,146.09472222222223,1.0,0.00469704128655625,-3.2513279179943786e-08,0.0043397331506951865,-1.08234161795939,level1,short
2 % H2O,"MMSPA drift, spectrum 6",drift,146.09472222222223,1.0,-0.0016011057147335972,-1.1346818799738158e-05,0.0039022745857645565,0.40739288355905995,level1,short
2 % H2O,"H3PO4 drift, spectrum 6",drift,146.09472222222223,1.0,-0.0012359474798128156,1.1367848415932968e-05,0.00551862909411635,0.226019054181149,level1,short
TMSPa + TMSOH (A),TMSPA,share,1.0613888888888887,1.0,0.1053947278719323,2.3901175293372788e-05,0.0445184616528123,-2.366901792752816,level1,short
TMSPa + TMSOH (A),BMSPA,share,1.0613888888888887,1.0,0.6873082266868205,0.8479902281352699,0.06605978213401795,2.4323725610003963,level1,short
TMSPa + TMSOH (A),MMSPA,share,1.0613888888888887,1.0,0.1940863844404749,0.11716501191221922,0.043088354664184945,-1.7852009696762166,level1,short
TMSPa + TMSOH (A),H3PO4,share,1.0613888888888887,1.0,0.0099223082438628,0.03482085877721746,0.04682990369994713,0.5316805836904331,level1,short
"TMSOH, probe",TMSOH,share,1.2202777777777778,1.0,0.9639432452485988,0.9999841370619604,0.14596266348999656,0.24691856774613946,level1,short
"TMSOH, probe",HMDSO,share,1.2202777777777778,1.0,0.0170024340665687,2.3096041932368243e-07,0.03898601307797726,-0.4361103319834907,level1,short
"TMSOH, probe",TMSOEG,share,1.2202777777777778,1.0,0.016361410760644,1.5631977620191496e-05,0.03427566613028646,-0.4768916443780052,level1,short
"TMSOH, probe",TMSOH,share,139.71138888888888,1.0,0.9013928072487448,0.9950944986700154,0.13748186482308686,0.6815567387149348,level1,short
"TMSOH, probe",HMDSO,share,139.71138888888888,1.0,0.0560341104366707,8.961132243226691e-05,0.03857608305521819,-1.4502379371736347,level1,short
"TMSOH, probe",TMSOEG,share,139.71138888888888,1.0,0.0309381780198058,0.004815890007552386,0.03542215731557517,-0.7374561571597845,level1,short
"TMSOH, probe",TMSOH,share,145.04666666666665,1.0,0.9314387139484052,0.9894203570115125,0.14126359297603053,0.4104500093873844,level1,short
"TMSOH, probe",HMDSO,share,145.04666666666665,1.0,0.0636227191325541,0.00020474705034318508,0.04187829550266142,-1.5143398584161722,level1,short
"TMSOH, probe",TMSOEG,share,145.04666666666665,1.0,0.0049385669190406,0.010374895938144234,0.03465714188640995,0.15686028111958575,level1,short
"TMSOH, glovebox",TMSOH,share,8.085555555555555,,0.4176736453462967,0.6182255106453912,0.06726322570990972,2.9815974952498854,level1,short
"TMSOH, glovebox",HMDSO,share,8.085555555555555,,0.1605568349149448,0.006359529899749953,0.06307023323666916,-2.4448507180332455,level1,short
"TMSOH, glovebox",TMSOEG,share,8.085555555555555,,0.4270574261279915,0.3754149594548588,0.07661477159831212,-0.6740536530460718,level1,short
E1,ring_opened_fraction ≤ 0.02,limit,168.0,,0.02,0.0032337135279138104,0.01,0.0,level1,short
0.5 % H2O,TMSPA,share,42.86361111111111,24.0,0.9299932391087324,1.3111435376431866e-08,0.05038262396226941,-18.458610387060254,level1,middle
0.5 % H2O,BMSPA,share,42.86361111111111,24.0,0.0602067459778262,0.016530420181909342,0.013578352713469372,-3.216614468453974,level1,middle
0.5 % H2O,MMSPA,share,42.86361111111111,24.0,-0.0127888361282447,0.08324129482670763,0.016523762306206145,5.8116383651249,level1,middle
0.5 % H2O,H3PO4,share,42.86361111111111,24.0,0.0225283334121302,0.9002282718799477,0.029520405461899806,29.73197436602324,level1,middle
2 % H2O,TMSPA (mean of 6 spectra),mean,101.75078703703703,24.0,-0.0007656626651006243,5.660174430012639e-15,0.01661854317254085,0.04607279092739033,level1,middle
2 % H2O,BMSPA (mean of 6 spectra),mean,101.75078703703703,24.0,0.03711887486320495,9.704560699703377e-07,0.012105763508689669,-3.0661349348590266,level1,middle
2 % H2O,MMSPA (mean of 6 spectra),mean,101.75078703703703,24.0,0.3159946426342034,0.0006722178128721347,0.019615050041581303,-16.0755350688828,level1,middle
2 % H2O,H3PO4 (mean of 6 spectra),mean,101.75078703703703,24.0,0.6615932136098326,0.9993268232119288,0.03378584486077464,9.996304990857423,level1,middle
2 % H2O,"TMSPA drift, spectrum 1",drift,24.077222222222222,24.0,-0.0003054565140414757,1.1794632629053635e-16,0.01644715739839633,0.018571994335712806,level1,middle
2 % H2O,"BMSPA drift, spectrum 1",drift,24.077222222222222,24.0,0.010338222996300654,1.3585385924890303e-08,0.014063516710960585,-0.7351084101786227,level1,middle
2 % H2O,"MMSPA drift, spectrum 1",drift,24.077222222222222,24.0,-0.004912709469828691,4.690212671149907e-06,0.012683427177253747,0.38770275681628275,level1,middle
2 % H2O,"H3PO4 drift, spectrum 1",drift,24.077222222222222,24.0,0.0030695236078138732,-4.715278933753453e-06,0.018060427438210076,-0.17021960843759004,level1,middle
2 % H2O,"TMSPA drift, spectrum 2",drift,57.08638888888889,24.0,-0.009093641193599076,1.1003389278251754e-16,0.004971153901284341,1.8292817672069583,level1,middle
2 % H2O,"BMSPA drift, spectrum 2",drift,57.08638888888889,24.0,-0.003661605318228345,1.2686932349648985e-08,0.004266281385166609,0.8582692219720287,level1,middle
2 % H2O,"MMSPA drift, spectrum 2",drift,57.08638888888889,24.0,0.0034486768784880995,4.381230333312994e-06,0.0038194643225612306,-0.9017745310015447,level1,middle
2 % H2O,"H3PO4 drift, spectrum 2",drift,57.08638888888889,24.0,0.004917027614622205,-4.405398142393047e-06,0.005421931041221751,-0.9076900785620516,level1,middle
2 % H2O,"TMSPA drift, spectrum 3",drift,96.07861111111112,24.0,0.0010563794495133242,9.720641469506632e-17,0.005172384135828303,-0.20423453126689692,level1,middle
2 % H2O,"BMSPA drift, spectrum 3",drift,96.07861111111112,24.0,-0.0036826094382757454,1.1229504105980421e-08,0.00448464788352906,0.8211616080952877,level1,middle
2 % H2O,"MMSPA drift, spectrum 3",drift,96.07861111111112,24.0,-0.0011867206122497254,3.879713403573881e-06,0.0040032257619836385,0.2974102377537021,level1,middle
2 % H2O,"H3PO4 drift, spectrum 3",drift,96.07861111111112,24.0,0.0049929936482607795,-3.902423784341025e-06,0.005699827509141352,-0.8766749632389974,level1,middle
2 % H2O,"TMSPA drift, spectrum 4",drift,120.08305555555556,24.0,0.009425300236393824,7.186876475629202e-17,0.004873014369393855,-1.93418273001443,level1,middle
2 % H2O,"BMSPA drift, spectrum 4",drift,120.08305555555556,24.0,-0.0012233120369835454,8.347513304567501e-09,0.004250826216245513,0.28778414413218045,level1,middle
2 % H2O,"MMSPA drift, spectrum 4",drift,120.08305555555556,24.0,0.0004980987000148818,2.886891077902233e-06,0.003806990686435307,-0.13007959559803214,level1,middle
2 % H2O,"H3PO4 drift, spectrum 4",drift,120.08305555555556,24.0,-0.004810503672133759,-2.906719467787866e-06,0.005355295693575808,0.8977276377909712,level1,middle
2 % H2O,"TMSPA drift, spectrum 5",drift,144.08472222222224,24.0,-0.0012653980014752757,-1.0713595086146642e-17,0.004899665236702475,0.2582621343181582,level1,middle
2 % H2O,"BMSPA drift, spectrum 5",drift,144.08472222222224,24.0,0.00266915857245955,-1.0753251998525956e-09,0.004214024797198133,-0.6333991317657764,level1,middle
2 % H2O,"MMSPA drift, spectrum 5",drift,144.08472222222224,24.0,-0.000873972223684294,-3.6945061755602835e-07,0.0037840766409014707,0.23086286456889038,level1,middle
2 % H2O,"H3PO4 drift, spectrum 5",drift,144.08472222222224,24.0,-0.0034743683613404075,3.590450661228317e-07,0.005335614685411389,0.6512328215729507,level1,middle
2 % H2O,"TMSPA drift, spectrum 6",drift,169.09472222222223,24.0,-0.0003719946980651757,-2.831854688327539e-16,0.00505044776939373,0.07365578559572904,level1,middle
2 % H2O,"BMSPA drift, spectrum 6",drift,169.09472222222223,24.0,0.00469704128655625,-3.249658724194661e-08,0.0043397331506951865,-1.082341614113085,level1,middle
2 % H2O,"MMSPA drift, spectrum 6",drift,169.09472222222223,24.0,-0.0016011057147335972,-1.1344067190662476e-05,0.0039022745857645565,0.407393588688598,level1,middle
2 % H2O,"H3PO4 drift, spectrum 6",drift,169.09472222222223,24.0,-0.0012359474798128156,1.1365082901670931e-05,0.00551862909411635,0.22601855305773325,level1,middle
TMSPa + TMSOH (A),TMSPA,share,24.06138888888889,24.0,0.1053947278719323,2.3901694620327576e-05,0.0445184616528123,-2.366901781087387,level1,middle
TMSPa + TMSOH (A),BMSPA,share,24.06138888888889,24.0,0.6873082266868205,0.8479931279497201,0.06605978213401795,2.432416457821678,level1,middle
TMSPa + TMSOH (A),MMSPA,share,24.06138888888889,24.0,0.1940863844404749,0.11716326750191765,0.043088354664184945,-1.7852414541717412,level1,middle
TMSPa + TMSOH (A),H3PO4,share,24.06138888888889,24.0,0.0099223082438628,0.03481970285374203,0.04682990369994713,0.5316559002428045,level1,middle
"TMSOH, probe",TMSOH,share,24.220277777777778,24.0,0.9639432452485988,0.999685197496905,0.14596266348999656,0.24487051273050917,level1,middle
"TMSOH, probe",HMDSO,share,24.220277777777778,24.0,0.0170024340665687,4.582770769146172e-06,0.03898601307797726,-0.43599870706967564,level1,middle
"TMSOH, probe",TMSOEG,share,24.220277777777778,24.0,0.016361410760644,0.0003102197323257714,0.03427566613028646,-0.46829698268460995,level1,middle
"TMSOH, probe",TMSOH,share,162.71138888888888,24.0,0.9013928072487448,0.9947970498290263,0.13748186482308686,0.6793931890615177,level1,middle
"TMSOH, probe",HMDSO,share,162.71138888888888,24.0,0.0560341104366707,9.39073761815602e-05,0.03857608305521819,-1.4501265714410603,level1,middle
"TMSOH, probe",TMSOEG,share,162.71138888888888,24.0,0.0309381780198058,0.005109042794792201,0.03542215731557517,-0.7291801850153404,level1,middle
"TMSOH, probe",TMSOH,share,168.04666666666665,24.0,0.9314387139484052,0.9891246384507902,0.14126359297603053,0.40835662810992757,level1,middle
"TMSOH, probe",HMDSO,share,168.04666666666665,24.0,0.0636227191325541,0.00020897445852935558,0.04187829550266142,-1.5142389133290948,level1,middle
"TMSOH, probe",TMSOEG,share,168.04666666666665,24.0,0.0049385669190406,0.010666387090680367,0.03465714188640995,0.1652709906204299,level1,middle
"TMSOH, glovebox",TMSOH,share,8.085555555555555,,0.4176736453462967,0.6182255106453912,0.06726322570990972,2.9815974952498854,level1,middle
"TMSOH, glovebox",HMDSO,share,8.085555555555555,,0.1605568349149448,0.006359529899749953,0.06307023323666916,-2.4448507180332455,level1,middle
"TMSOH, glovebox",TMSOEG,share,8.085555555555555,,0.4270574261279915,0.3754149594548588,0.07661477159831212,-0.6740536530460718,level1,middle
E1,ring_opened_fraction ≤ 0.02,limit,168.0,,0.02,0.0032337135279138104,0.01,0.0,level1,middle
0.5 % H2O,TMSPA,share,186.8636111111111,168.0,0.9299932391087324,1.3158564255506922e-08,0.05038262396226941,-18.458610386124835,level1,long
0.5 % H2O,BMSPA,share,186.8636111111111,168.0,0.0602067459778262,0.016569208875702707,0.013578352713469372,-3.213757811640597,level1,long
0.5 % H2O,MMSPA,share,186.8636111111111,168.0,-0.0127888361282447,0.08333286632360093,0.016523762306206145,5.817180171839157,level1,long
0.5 % H2O,H3PO4,share,186.8636111111111,168.0,0.0225283334121302,0.900097911642132,0.029520405461899806,29.727558429460853,level1,long
2 % H2O,TMSPA (mean of 6 spectra),mean,245.750787037037,168.0,-0.0007656626651006243,5.631470506320427e-15,0.01661854317254085,0.0460727909273886,level1,long
2 % H2O,BMSPA (mean of 6 spectra),mean,245.750787037037,168.0,0.03711887486320495,9.6717269727715e-07,0.012105763508689669,-3.066135206082951,level1,long
2 % H2O,MMSPA (mean of 6 spectra),mean,245.750787037037,168.0,0.3159946426342034,0.0006710800604730075,0.019615050041581303,-16.075593072935643,level1,long
2 % H2O,H3PO4 (mean of 6 spectra),mean,245.750787037037,168.0,0.6615932136098326,0.9993279642302692,0.03378584486077464,9.996338762939935,level1,long
2 % H2O,"TMSPA drift, spectrum 1",drift,168.07722222222222,168.0,-0.0003054565140414757,1.173680665881136e-16,0.01644715739839633,0.01857199433571277,level1,long
2 % H2O,"BMSPA drift, spectrum 1",drift,168.07722222222222,168.0,0.010338222996300654,1.3541723096724179e-08,0.014063516710960585,-0.7351084132833104,level1,long
2 % H2O,"MMSPA drift, spectrum 1",drift,168.07722222222222,168.0,-0.004912709469828691,4.683074384453684e-06,0.012683427177253747,0.3877021940120346,level1,long
2 % H2O,"H3PO4 drift, spectrum 1",drift,168.07722222222222,168.0,0.0030695236078138732,-4.708079552773192e-06,0.018060427438210076,-0.17021920981020403,level1,long
2 % H2O,"TMSPA drift, spectrum 2",drift,201.08638888888888,168.0,-0.009093641193599076,1.0949455621147824e-16,0.004971153901284341,1.8292817672069583,level1,long
2 % H2O,"BMSPA drift, spectrum 2",drift,201.08638888888888,168.0,-0.003661605318228345,1.2646173307143661e-08,0.004266281385166609,0.8582692124182655,level1,long
2 % H2O,"MMSPA drift, spectrum 2",drift,201.08638888888888,168.0,0.0034486768784880995,4.374568337346934e-06,0.0038194643225612306,-0.9017762752241381,level1,long
2 % H2O,"H3PO4 drift, spectrum 2",drift,201.08638888888888,168.0,0.004917027614622205,-4.398677955763652e-06,0.005421931041221751,-0.90768883911681,level1,long
2 % H2O,"TMSPA drift, spectrum 3",drift,240.07861111111112,168.0,0.0010563794495133242,9.673012801435691e-17,0.005172384135828303,-0.204234531266897,level1,long
2 % H2O,"BMSPA drift, spectrum 3",drift,240.07861111111112,168.0,-0.0036826094382757454,1.1193449449595825e-08,0.00448464788352906,0.8211616000557141,level1,long
2 % H2O,"MMSPA drift, spectrum 3",drift,240.07861111111112,168.0,-0.0011867206122497254,3.8738223750061414e-06,0.0040032257619836385,0.29740876618329415,level1,long
2 % H2O,"H3PO4 drift, spectrum 3",drift,240.07861111111112,168.0,0.0049929936482607795,-3.896479269682729e-06,0.005699827509141352,-0.8766739203101283,level1,long
2 % H2O,"TMSPA drift, spectrum 4",drift,264.0830555555556,168.0,0.009425300236393824,7.151675620969199e-17,0.004873014369393855,-1.93418273001443,level1,long
2 % H2O,"BMSPA drift, spectrum 4",drift,264.0830555555556,168.0,-0.0012233120369835454,8.320730972784741e-09,0.004250826216245513,0.28778413783168016,level1,long
2 % H2O,"MMSPA drift, spectrum 4",drift,264.0830555555556,168.0,0.0004980987000148818,2.882515633661261e-06,0.003806990686435307,-0.13008074491637867,level1,long
2 % H2O,"H3PO4 drift, spectrum 4",drift,264.0830555555556,168.0,-0.004810503672133759,-2.9022998098149344e-06,0.005355295693575808,0.8977284630783551,level1,long
2 % H2O,"TMSPA drift, spectrum 5",drift,288.08472222222224,168.0,-0.0012653980014752757,-1.0661046965916188e-17,0.004899665236702475,0.2582621343181582,level1,long
2 % H2O,"BMSPA drift, spectrum 5",drift,288.08472222222224,168.0,0.00266915857245955,-1.071853279205294e-09,0.004214024797198133,-0.6333991309418798,level1,long
2 % H2O,"MMSPA drift, spectrum 5",drift,288.08472222222224,168.0,-0.000873972223684294,-3.68878375429948e-07,0.0037840766409014707,0.23086301579260501,level1,long
2 % H2O,"H3PO4 drift, spectrum 5",drift,288.08472222222224,168.0,-0.0034743683613404075,3.584867835915162e-07,0.005335614685411389,0.6512327169397333,level1,long
2 % H2O,"TMSPA drift, spectrum 6",drift,313.09472222222223,168.0,-0.0003719946980651757,-2.8179789135353025e-16,0.00505044776939373,0.07365578559572931,level1,long
2 % H2O,"BMSPA drift, spectrum 6",drift,313.09472222222223,168.0,0.00469704128655625,-3.239226055549329e-08,0.0043397331506951865,-1.0823415900731999,level1,long
2 % H2O,"MMSPA drift, spectrum 6",drift,313.09472222222223,168.0,-0.0016011057147335972,-1.13268511597709e-05,0.0039022745857645565,0.4073980004824154,level1,long
2 % H2O,"H3PO4 drift, spectrum 6",drift,313.09472222222223,168.0,-0.0012359474798128156,1.1347779975579009e-05,0.00551862909411635,0.2260154176909969,level1,long
TMSPa + TMSOH (A),TMSPA,share,168.0613888888889,168.0,0.1053947278719323,2.3904946279972695e-05,0.0445184616528123,-2.366901708046686,level1,long
TMSPa + TMSOH (A),BMSPA,share,168.0613888888889,168.0,0.6873082266868205,0.848011282132026,0.06605978213401795,2.4326912722657985,level1,long
TMSPa + TMSOH (A),MMSPA,share,168.0613888888889,168.0,0.1940863844404749,0.11715234634999541,0.043088354664184945,-1.7854949136506968,level1,long
TMSPa + TMSOH (A),H3PO4,share,168.0613888888889,168.0,0.0099223082438628,0.034812466571698536,0.04682990369994713,0.5315013775666559,level1,long
"TMSOH, probe",TMSOH,share,168.22027777777777,168.0,0.9639432452485988,0.9978156355679936,0.14596266348999656,0.2320620185292538,level1,long
"TMSOH, probe",HMDSO,share,168.22027777777777,168.0,0.0170024340665687,3.176983420555917e-05,0.03898601307797726,-0.43530135278053517,level1,long
"TMSOH, probe",TMSOEG,share,168.22027777777777,168.0,0.016361410760644,0.002152594597800779,0.03427566613028646,-0.41454529603694884,level1,long
"TMSOH, probe",TMSOH,share,306.7113888888889,168.0,0.9013928072487448,0.9929367965897253,0.13748186482308686,0.6658622899738835,level1,long
"TMSOH, probe",HMDSO,share,306.7113888888889,168.0,0.0560341104366707,0.00012076007405840943,0.03857608305521819,-1.44943047438428,level1,long
"TMSOH, probe",TMSOEG,share,306.7113888888889,168.0,0.0309381780198058,0.006942443336216303,0.03542215731557517,-0.6774216056298338,level1,long
"TMSOH, probe",TMSOH,share,312.0466666666667,168.0,0.9314387139484052,0.9872752072193846,0.14126359297603053,0.3952645695515735,level1,long
"TMSOH, probe",HMDSO,share,312.0466666666667,168.0,0.0636227191325541,0.00023539705707144694,0.04187829550266142,-1.513607975555125,level1,long
"TMSOH, probe",TMSOEG,share,312.0466666666667,168.0,0.0049385669190406,0.012489395723544076,0.03465714188640995,0.2178722304698868,level1,long
"TMSOH, glovebox",TMSOH,share,8.085555555555555,,0.4176736453462967,0.6182255106453912,0.06726322570990972,2.9815974952498854,level1,long
"TMSOH, glovebox",HMDSO,share,8.085555555555555,,0.1605568349149448,0.006359529899749953,0.06307023323666916,-2.4448507180332455,level1,long
"TMSOH, glovebox",TMSOEG,share,8.085555555555555,,0.4270574261279915,0.3754149594548588,0.07661477159831212,-0.6740536530460718,level1,long
E1,ring_opened_fraction ≤ 0.02,limit,168.0,,0.02,0.0032337135279138104,0.01,0.0,level1,long
0.5 % H2O,TMSPA,share,186.8636111111111,168.0,0.9299932391087324,1.3158564255517491e-08,0.05038262396226941,-18.458610386124835,level1,free
0.5 % H2O,BMSPA,share,186.8636111111111,168.0,0.0602067459778262,0.0165692088757114,0.013578352713469372,-3.2137578116399568,level1,free
0.5 % H2O,MMSPA,share,186.8636111111111,168.0,-0.0127888361282447,0.08333286632362144,0.016523762306206145,5.8171801718403975,level1,free
0.5 % H2O,H3PO4,share,186.8636111111111,168.0,0.0225283334121302,0.9000979116421028,0.029520405461899806,29.727558429459865,level1,free
2 % H2O,TMSPA (mean of 6 spectra),mean,78.75078703703704,1.0,-0.0007656626651006243,5.664772225171083e-15,0.01661854317254085,0.0460727909273906,level1,free
2 % H2O,BMSPA (mean of 6 spectra),mean,78.75078703703704,1.0,0.03711887486320495,9.709814842580885e-07,0.012105763508689669,-3.0661348914570317,level1,free
2 % H2O,MMSPA (mean of 6 spectra),mean,78.75078703703704,1.0,0.3159946426342034,0.0006723997002628939,0.019615050041581303,-16.07552579603413,level1,free
2 % H2O,H3PO4 (mean of 6 spectra),mean,78.75078703703704,1.0,0.6615932136098326,0.9993266408019105,0.03378584486077464,9.996299591850264,level1,free
2 % H2O,"TMSPA drift, spectrum 1",drift,1.0772222222222223,1.0,-0.0003054565140414757,1.1803899218552654e-16,0.01644715739839633,0.01857199433571281,level1,free
2 % H2O,"BMSPA drift, spectrum 1",drift,1.0772222222222223,1.0,0.010338222996300654,1.3592377342139422e-08,0.014063516710960585,-0.7351084096814913,level1,free
2 % H2O,"MMSPA drift, spectrum 1",drift,1.0772222222222223,1.0,-0.004912709469828691,4.691355476051616e-06,0.012683427177253747,0.38770284691849927,level1,free
2 % H2O,"H3PO4 drift, spectrum 1",drift,1.0772222222222223,1.0,0.0030695236078138732,-4.716431516782471e-06,0.018060427438210076,-0.17021967225573792,level1,free
2 % H2O,"TMSPA drift, spectrum 2",drift,34.08638888888889,1.0,-0.009093641193599076,1.1012027039741102e-16,0.004971153901284341,1.8292817672069583,level1,free
2 % H2O,"BMSPA drift, spectrum 2",drift,34.08638888888889,1.0,-0.003661605318228345,1.2693453532315919e-08,0.004266281385166609,0.8582692235005689,level1,free
2 % H2O,"MMSPA drift, spectrum 2",drift,34.08638888888889,1.0,0.0034486768784880995,4.382295062571964e-06,0.0038194643225612306,-0.9017742522375168,level1,free
2 % H2O,"H3PO4 drift, spectrum 2",drift,34.08638888888889,1.0,0.004917027614622205,-4.406472179363519e-06,0.005421931041221751,-0.9076902766532782,level1,free
2 % H2O,"TMSPA drift, spectrum 3",drift,73.07861111111112,1.0,0.0010563794495133242,9.728269432896354e-17,0.005172384135828303,-0.20423453126689686,level1,free
2 % H2O,"BMSPA drift, spectrum 3",drift,73.07861111111112,1.0,-0.0036826094382757454,1.1235272596976157e-08,0.00448464788352906,0.8211616093815627,level1,free
2 % H2O,"MMSPA drift, spectrum 3",drift,73.07861111111112,1.0,-0.0011867206122497254,3.880654909692175e-06,0.0040032257619836385,0.2974104729405675,level1,free
2 % H2O,"H3PO4 drift, spectrum 3",drift,73.07861111111112,1.0,0.0049929936482607795,-3.903373845703939e-06,0.005699827509141352,-0.8766751299214736,level1,free
2 % H2O,"TMSPA drift, spectrum 4",drift,97.08305555555556,1.0,0.009425300236393824,7.192514032372845e-17,0.004873014369393855,-1.93418273001443,level1,free
2 % H2O,"BMSPA drift, spectrum 4",drift,97.08305555555556,1.0,-0.0012233120369835454,8.351798255408018e-09,0.004250826216245513,0.2877841451402082,level1,free
2 % H2O,"MMSPA drift, spectrum 4",drift,97.08305555555556,1.0,0.0004980987000148818,2.8875903517392018e-06,0.003806990686435307,-0.13007941191651187,level1,free
2 % H2O,"H3PO4 drift, spectrum 4",drift,97.08305555555556,1.0,-0.004810503672133759,-2.9074258133254816e-06,0.005355295693575808,0.8977275058943257,level1,free
2 % H2O,"TMSPA drift, spectrum 5",drift,121.08472222222224,1.0,-0.0012653980014752757,-1.0722012009134001e-17,0.004899665236702475,0.2582621343181582,level1,free
2 % H2O,"BMSPA drift, spectrum 5",drift,121.08472222222224,1.0,0.00266915857245955,-1.075880801311423e-09,0.004214024797198133,-0.6333991318976222,level1,free
2 % H2O,"MMSPA drift, spectrum 5",drift,121.08472222222224,1.0,-0.000873972223684294,-3.6954211469727213e-07,0.0037840766409014707,0.23086284038937452,level1,free
2 % H2O,"H3PO4 drift, spectrum 5",drift,121.08472222222224,1.0,-0.0034743683613404075,3.5913433227285907e-07,0.005335614685411389,0.6512328383031973,level1,free
2 % H2O,"TMSPA drift, spectrum 6",drift,146.09472222222223,1.0,-0.0003719946980651757,-2.834077000435901e-16,0.00505044776939373,0.073655785595729,level1,free
2 % H2O,"BMSPA drift, spectrum 6",drift,146.09472222222223,1.0,0.00469704128655625,-3.2513279179943786e-08,0.0043397331506951865,-1.08234161795939,level1,free
2 % H2O,"MMSPA drift, spectrum 6",drift,146.09472222222223,1.0,-0.0016011057147335972,-1.1346818799738158e-05,0.0039022745857645565,0.40739288355905995,level1,free
2 % H2O,"H3PO4 drift, spectrum 6",drift,146.09472222222223,1.0,-0.0012359474798128156,1.1367848415932968e-05,0.00551862909411635,0.226019054181149,level1,free
TMSPa + TMSOH (A),TMSPA,share,1.0613888888888887,1.0,0.1053947278719323,2.3901175295170724e-05,0.0445184616528123,-2.3669017927527753,level1,free
TMSPa + TMSOH (A),BMSPA,share,1.0613888888888887,1.0,0.6873082266868205,0.8479902281417622,0.06605978213401795,2.4323725610986746,level1,free
TMSPa + TMSOH (A),MMSPA,share,1.0613888888888887,1.0,0.1940863844404749,0.11716501189818586,0.043088354664184945,-1.7852009700019045,level1,free
TMSPa + TMSOH (A),H3PO4,share,1.0613888888888887,1.0,0.0099223082438628,0.03482085878475672,0.04682990369994713,0.5316805838514256,level1,free
"TMSOH, probe",TMSOH,share,1.2202777777777778,1.0,0.9639432452485988,0.9999841370619604,0.14596266348999656,0.24691856774613946,level1,free
"TMSOH, probe",HMDSO,share,1.2202777777777778,1.0,0.0170024340665687,2.3096041932368243e-07,0.03898601307797726,-0.4361103319834907,level1,free
"TMSOH, probe",TMSOEG,share,1.2202777777777778,1.0,0.016361410760644,1.5631977620191496e-05,0.03427566613028646,-0.4768916443780052,level1,free
"TMSOH, probe",TMSOH,share,139.71138888888888,1.0,0.9013928072487448,0.9950944986700154,0.13748186482308686,0.6815567387149348,level1,free
"TMSOH, probe",HMDSO,share,139.71138888888888,1.0,0.0560341104366707,8.961132243226691e-05,0.03857608305521819,-1.4502379371736347,level1,free
"TMSOH, probe",TMSOEG,share,139.71138888888888,1.0,0.0309381780198058,0.004815890007552386,0.03542215731557517,-0.7374561571597845,level1,free
"TMSOH, probe",TMSOH,share,145.04666666666665,1.0,0.9314387139484052,0.9894203570115125,0.14126359297603053,0.4104500093873844,level1,free
"TMSOH, probe",HMDSO,share,145.04666666666665,1.0,0.0636227191325541,0.00020474705034318508,0.04187829550266142,-1.5143398584161722,level1,free
"TMSOH, probe",TMSOEG,share,145.04666666666665,1.0,0.0049385669190406,0.010374895938144234,0.03465714188640995,0.15686028111958575,level1,free
"TMSOH, glovebox",TMSOH,share,8.085555555555555,,0.4176736453462967,0.6182255106453912,0.06726322570990972,2.9815974952498854,level1,free
"TMSOH, glovebox",HMDSO,share,8.085555555555555,,0.1605568349149448,0.006359529899749953,0.06307023323666916,-2.4448507180332455,level1,free
"TMSOH, glovebox",TMSOEG,share,8.085555555555555,,0.4270574261279915,0.3754149594548588,0.07661477159831212,-0.6740536530460718,level1,free
E1,ring_opened_fraction ≤ 0.02,limit,168.0,,0.02,0.0032337135279138104,0.01,0.0,level1,free
