structure,scenario,sample,kind,TMSOH at mixing (M),t_h,TMSPA,BMSPA,MMSPA,H3PO4
M3-split,short,0.5 % H2O,model,0.0,0.1,0.9681125737835754,0.02798872465486053,0.0034758297963839043,0.00042287176518000997
M3-split,short,0.5 % H2O,model,0.0,0.10423076887097628,0.9668548046304627,0.028890997642033178,0.003765925737529091,0.0004882719899751452
M3-split,short,0.5 % H2O,model,0.0,0.10864053179434878,0.9655506573307719,0.02981223758550975,0.0040747625697594575,0.0005623425139589509
M3-split,short,0.5 % H2O,model,0.0,0.11323686159476715,0.9641980518392921,0.0307530786291721,0.00440299604808103,0.0006458734834548791
M3-split,short,0.5 % H2O,model,0.0,0.11802765148558905,0.9627947460156187,0.031714253319775586,0.004751329887897581,0.0007396707767082451
M3-split,short,0.5 % H2O,model,0.0,0.12302112862378574,0.9613383367510123,0.032696575077370525,0.005120532028383928,0.000844556143233048
M3-split,short,0.5 % H2O,model,0.0,0.12822586823832455,0.9598262652878815,0.033700915158203365,0.0055114482986580084,0.0009613712552572072
M3-split,short,0.5 % H2O,model,0.0,0.13365080835629065,0.9582558262292097,0.0347281755998004,0.005925012092045175,0.0010909860789448085
M3-split,short,0.5 % H2O,model,0.0,0.13930526515203676,0.9566241799245223,0.035779258792917205,0.006362249761564207,0.0012343115209963564
M3-split,short,0.5 % H2O,model,0.0,0.1451989489457201,0.9549283667920674,0.0368550359455364,0.006824281642387907,0.0013923156200084548
M3-split,short,0.5 % H2O,model,0.0,0.15134198087870035,0.9531653220432607,0.03795631654442469,0.007312319194399259,0.0015660422179154087
M3-split,short,0.5 % H2O,model,0.0,0.15774491029443527,0.9513318884778502,0.03908382171920324,0.007827659548092468,0.0017566302548539985
M3-split,short,0.5 % H2O,model,0.0,0.1644187328547217,0.9494248253756629,0.04023816391714571,0.0083716785982148,0.0019653321089766057
M3-split,short,0.5 % H2O,model,0.0,0.17137490942239292,0.9474408116703895,0.04141983501288971,0.00894582383993427,0.0021935294767864095
M3-split,short,0.5 % H2O,model,0.0,0.17862538574289932,0.9453764425498221,0.04262920363265377,0.009551607896488746,0.0024427459210354823
M3-split,short,0.5 % H2O,model,0.0,0.18618261295857116,0.9432282197280358,0.04386652090248902,0.010190603464771774,0.0027146559047033824
M3-split,short,0.5 % H2O,model,0.0,0.19405956899079269,0.9409925367263002,0.0451319325496156,0.010864439709082465,0.0030110910150017616
M3-split,short,0.5 % H2O,model,0.0,0.20226978082680583,0.9386656614044714,0.046425493831456985,0.011574800307034764,0.0033340444570370406
M3-split,short,0.5 % H2O,model,0.0,0.21082734774941828,0.936243717973632,0.04774718418586713,0.012323422614311477,0.003685675226189498
M3-split,short,0.5 % H2O,model,0.0,0.2197469655495056,0.9337226702371023,0.04909691915894886,0.013112097614544514,0.004068312989404355
M3-split,short,0.5 % H2O,model,0.0,0.22904395176288905,0.9310983074414435,0.05047455782045251,0.013942670139283915,0.004484464598820086
M3-split,short,0.5 % H2O,model,0.0,0.23873427197492728,0.9283662326212742,0.051879906108499345,0.014817038978390663,0.004936822291835744
M3-split,short,0.5 % H2O,model,0.0,0.24883456723799433,0.9255218532181532,0.0533127166314677,0.01573715664195919,0.005428273508419947
M3-split,short,0.5 % H2O,model,0.0,0.25936218264892796,0.9225603731792583,0.054772686366196456,0.016705028539692558,0.005961911914852652
M3-split,short,0.5 % H2O,model,0.0,0.2703351971355234,0.919476786590376,0.05625945210907449,0.017722711851984034,0.006541049448565439
M3-split,short,0.5 % H2O,model,0.0,0.28177245450322547,0.9162658717002669,0.05777258584816367,0.018792313528794867,0.00716922892277452
M3-split,short,0.5 % H2O,model,0.0,0.2936935957953338,0.9129221858066334,0.05931158936235167,0.01991598776098672,0.007850237070028132
M3-split,short,0.5 % H2O,model,0.0,0.3061190930222936,0.9094400610880486,0.06087588805925463,0.02109593292428896,0.008588117928407678
M3-split,short,0.5 % H2O,model,0.0,0.3190702843179958,0.9058136011860825,0.06246482487574794,0.022334387484982218,0.009387186453187256
M3-split,short,0.5 % H2O,model,0.0,0.33256941058345696,0.9020366791998842,0.0640776532466506,0.02363362535681111,0.01025204219665405
M3-split,short,0.5 % H2O,model,0.0,0.34663965368081123,0.8981029369910972,0.06571352999531588,0.024995949967945612,0.011187583045641356
M3-split,short,0.5 % H2O,model,0.0,0.36130517624319886,0.8940057863002288,0.06737150763846594,0.026423687339641684,0.012199018721663577
M3-split,short,0.5 % H2O,model,0.0,0.37659116316892216,0.8897384120451146,0.06905052612358785,0.027919177914831693,0.013291883916465965
M3-split,short,0.5 % H2O,model,0.0,0.39252386487112034,0.8852937781433056,0.07074940405189468,0.029484766986997802,0.014472050817801833
M3-split,short,0.5 % H2O,model,0.0,0.4091306423572408,0.8806646362508346,0.07246682954362589,0.031122793484495086,0.015745740721044284
M3-split,short,0.5 % H2O,model,0.0,0.4264400142157162,0.8758435380474198,0.07420135053742162,0.03283557703315235,0.01711953438200611
M3-split,short,0.5 % H2O,model,0.0,0.44448170559054145,0.870822851575108,0.07595136468369748,0.034625403043526834,0.018600380697667732
M3-split,short,0.5 % H2O,model,0.0,0.46328669922785054,0.8655947822838573,0.07771510887300642,0.03649450562375733,0.020195603219378903
M3-split,short,0.5 % H2O,model,0.0,0.4828872886821559,0.8601513994920953,0.07949064843901268,0.038445048122763475,0.021912903946128468
M3-split,short,0.5 % H2O,model,0.0,0.503317133773622,0.854484669089852,0.0812758661217098,0.04047910108565864,0.02376036370277952
M3-split,short,0.5 % H2O,model,0.0,0.5246113183916065,0.8485864932365168,0.08306845119876555,0.04259861722752931,0.025746438337188256
M3-split,short,0.5 % H2O,model,0.0,0.5468064107437368,0.842448758260246,0.08486588838889976,0.0448054035095646,0.0278799498412897
M3-split,short,0.5 % H2O,model,0.0,0.5699405261539854,0.836063391576952,0.08666544713937431,0.047101089880811936,0.030170071402861674
M3-split,short,0.5 % H2O,model,0.0,0.5940533925175866,0.8294224286475876,0.08846417182483451,0.04948709435610187,0.032626305171476064
M3-split,short,0.5 % H2O,model,0.0,0.6191864185251992,0.822518091566283,0.09025887225132151,0.051964584677522276,0.035258451504873285
M3-split,short,0.5 % H2O,model,0.0,0.6453827647734762,0.8153428800188085,0.09204611594551473,0.05453443589015002,0.038076568145526665
M3-split,short,0.5 % H2O,model,0.0,0.6726874178841584,0.8078896762588895,0.09382222171665656,0.05719718420590865,0.041090917818545125
M3-split,short,0.5 % H2O,model,0.0,0.7011472677589756,0.8001518651046106,0.0955832555287548,0.05995297692775772,0.044311902438876935
M3-split,short,0.5 % H2O,model,0.0,0.7308111881030229,0.792123470200869,0.09732502937051922,0.06280151843411459,0.04774998199449733
M3-split,short,0.5 % H2O,model,0.0,0.7617301203548975,0.7837993078406521,0.09904310329851726,0.06574201270573399,0.051415576155096676
M3-split,short,0.5 % H2O,model,0.0,0.7939571611677227,0.775175159209635,0.10073279163941055,0.06877310265269306,0.05531894649826148
M3-split,short,0.5 % H2O,model,0.0,0.8275476535912937,0.7662479614187865,0.10238917466625871,0.07189280668869202,0.059470057226262765
M3-split,short,0.5 % H2O,model,0.0,0.8625592821119288,0.7570160182655309,0.10400711559684679,0.07509845373982457,0.06387841239779789
M3-split,short,0.5 % H2O,model,0.0,0.8990521717132368,0.7474792297733774,0.10558128537443069,0.07838661723777103,0.06855286761442113
M3-split,short,0.5 % H2O,model,0.0,0.9370889911279167,0.7376393406034507,0.10710619432178459,0.08175305023572624,0.07350141483903859
M3-split,short,0.5 % H2O,model,0.0,0.9767350604579019,0.727500204472803,0.10857623383017874,0.08519262269753054,0.07873093899948772
M3-split,short,0.5 % H2O,model,0.0,1.0180584633476666,0.7170680628089717,0.10998572733839121,0.0886992637200694,0.08424694613256775
M3-split,short,0.5 % H2O,model,0.0,1.0611301639033188,0.7063518331108225,0.11132899241707285,0.09226591096415442,0.09005326350795036
M3-split,short,0.5 % H2O,model,0.0,1.1060241285582797,0.6953634015039458,0.11260041434945921,0.09588447050323932,0.09615171364335558
M3-split,short,0.5 % H2O,model,0.0,1.1528174530948103,0.684117912520486,0.11379453141459578,0.0995457904840461,0.10254176558087198
M3-split,short,0.5 % H2O,model,0.0,1.2015904950395269,0.6726340461353695,0.11490613275827823,0.10323965228928507,0.10922016881706718
M3-split,short,0.5 % H2O,model,0.0,1.2524270116602694,0.6609342720631629,0.1159303668726454,0.10695478343837082,0.11618057762582089
M3-split,short,0.5 % H2O,model,0.0,1.3054143038012902,0.649045065736722,0.11686286115532539,0.11067889634560611,0.12341317676234641
M3-split,short,0.5 % H2O,model,0.0,1.3606433658037873,0.6369970728924583,0.117699848960268,0.11439875679392984,0.13090432135334384
M3-split,short,0.5 % H2O,model,0.0,1.4182090417692177,0.624825203601187,0.11843830234416688,0.11810028578392197,0.13863620827072412
M3-split,short,0.5 % H2O,model,0.0,1.4782101884337602,0.612568638020638,0.119076065744529,0.12176869755929748,0.14658659867553553
M3-split,short,0.5 % H2O,model,0.0,1.540749844933616,0.6002707222042665,0.11961198570194398,0.12538867599230266,0.15472861610148678
M3-split,short,0.5 % H2O,model,0.0,1.6059354097526826,0.5879787374058093,0.12004603012556284,0.12894458852383636,0.16303064394479147
M3-split,short,0.5 % H2O,model,0.0,1.6738788251564845,0.5757435280826098,0.12037938967225309,0.13242073545965302,0.1714563467854842
M3-split,short,0.5 % H2O,model,0.0,1.7446967694290683,0.5636189673862168,0.12061455385607532,0.13580163101409065,0.17996484774361726
M3-split,short,0.5 % H2O,model,0.0,1.8185108572430024,0.5516612613316236,0.12075535304352437,0.13907230805492501,0.18851107756992697
M3-split,short,0.5 % H2O,model,0.0,1.895447848506563,0.5399280852273469,0.12080695892476087,0.14221863632317866,0.19704631952471352
M3-split,short,0.5 % H2O,model,0.0,1.9756398660467678,0.5284775624710304,0.12077583679813857,0.1452276425817689,0.20551895814906204
M3-split,short,0.5 % H2O,model,0.0,2.0592246225020725,0.5173671107663615,0.12066964508726455,0.14808781622147366,0.21387542792490025
M3-split,short,0.5 % H2O,model,0.0,2.1463456568143684,0.5066521838228707,0.12049708060098928,0.15078938605020162,0.22206134952593837
M3-split,short,0.5 % H2O,model,0.0,2.2371525807264225,0.49638495592165016,0.12026767169397036,0.15332455206248477,0.23002282032189472
M3-split,short,0.5 % H2O,model,0.0,2.3318013357080383,0.486613004429866,0.1199915257057169,0.15568765815537552,0.23770781170904154
M3-split,short,0.5 % H2O,model,0.0,2.4304544607521823,0.47737805371455394,0.11967904157455307,0.15787529547094228,0.2450676092399507
M3-split,short,0.5 % H2O,model,0.0,2.533281371500941,0.4687148469851774,0.11934060201994495,0.15988632917248657,0.25205822182239096
M3-split,short,0.5 % H2O,model,0.0,2.640458651180643,0.46065021246759613,0.11898626305748398,0.16172184783093613,0.2586416766439837
M3-split,short,0.5 % H2O,model,0.0,2.7521703538457944,0.45320238170566557,0.11862545964311451,0.16338503941195698,0.26478711923926296
M3-split,short,0.5 % H2O,model,0.0,2.868608320452539,0.44638060091349474,0.11826674567641934,0.1648810038706148,0.27047164953947106
M3-split,short,0.5 % H2O,model,0.0,2.9899725083044815,0.44018506566618765,0.11791758442136918,0.16621651484283761,0.2756808350696056
M3-split,short,0.5 % H2O,model,0.0,3.1164713344365755,0.4346071815541771,0.11758420083737728,0.1673997466245367,0.2804088709839089
M3-split,short,0.5 % H2O,model,0.0,3.2483220335268164,0.4296301391996427,0.11727150247720394,0.1684399816715149,0.28465837665163846
M3-split,short,0.5 % H2O,model,0.0,3.385751030950334,0.4252297574628014,0.11698306867405354,0.1693473159516642,0.28843985791148086
M3-split,short,0.5 % H2O,model,0.0,3.528994331616538,0.42137554827536683,0.11672120315992511,0.170132373712871,0.2917708748518371
M3-split,short,0.5 % H2O,model,0.0,3.678297925257089,0.4180319358906407,0.11648704001530402,0.17080604226441107,0.2946749818296442
M3-split,short,0.5 % H2O,model,0.0,3.833918208860631,0.41515955788544656,0.11628068955680433,0.17137923410776756,0.2971805184499815
M3-split,short,0.5 % H2O,model,0.0,3.9961224269797992,0.4127165850596323,0.11610141031769027,0.17186267934391586,0.29931932527876154
M3-split,short,0.5 % H2O,model,0.0,4.165189130666562,0.41065998835478845,0.11594779171817092,0.1722667513940857,0.3011254685329549
M3-split,short,0.5 % H2O,model,0.0,4.341408655824089,0.4089467057048102,0.11581793569831345,0.17260132539584186,0.30263403320103455
M3-split,short,0.5 % H2O,model,0.0,4.525083621796566,0.40753466895662777,0.1157096258552274,0.17287566687784997,0.30388003831029486
M3-split,short,0.5 % H2O,model,0.0,4.716529451053179,0.4063836603768125,0.11562047768443391,0.17309835088150552,0.30489751105724805
M3-split,short,0.5 % H2O,model,0.0,4.916074910858767,0.4054559888717315,0.11554806479002762,0.1732772077014048,0.3057187386368361
M3-split,short,0.5 % H2O,model,0.0,5.124062677861254,0.404716980520111,0.11549001918307462,0.17341929376813883,0.30637370652867557
M3-split,short,0.5 % H2O,model,0.0,5.34084992656552,0.40413529704309126,0.11544410638452551,0.17353088399542008,0.3068897125769631
M3-split,short,0.5 % H2O,model,0.0,5.566808942704215,0.4036830906962085,0.1154082767750464,0.17361748432886395,0.3072911481998811
M3-split,short,0.5 % H2O,model,0.0,5.802327762558867,0.40333602206859465,0.11538069649384,0.17368386042922937,0.307599421008336
M3-split,short,0.5 % H2O,model,0.0,6.047810839329224,0.40307316167179313,0.1153597610901212,0.17373407999042445,0.3078329972476613
M3-split,short,0.5 % H2O,model,0.0,6.303679737695092,0.4028768007449698,0.11534409565768414,0.1737715655906277,0.3080075380067184
M3-split,short,0.5 % H2O,model,0.0,6.570373857763537,0.4027321976788185,0.11533254499656467,0.17379915455419256,0.3081361027704243
M3-split,short,0.5 % H2O,model,0.0,6.848351189644559,0.4026272783016502,0.11532415655247989,0.17381916373460557,0.3082294014112644
M3-split,short,0.5 % H2O,model,0.0,7.138089099951173,0.4025523181638175,0.11531815944893356,0.17383345501241884,0.3082960673748302
M3-split,short,0.5 % H2O,model,0.0,7.440085151574459,0.40249961463608047,0.1153139409942659,0.1738435008458202,0.30834294352383346
M3-split,short,0.5 % H2O,model,0.0,7.7548579581413986,0.4024631730397841,0.1153110232150164,0.17385044593381957,0.30837535781138
M3-split,short,0.5 % H2O,model,0.0,8.082948074622873,0.4024384100621654,0.11530904006778141,0.17385516480287155,0.3083973850671816
M3-split,short,0.5 % H2O,model,0.0,8.424918925621194,0.40242188393785683,0.11530771637095957,0.17385831382361033,0.3084120858675732
M3-split,short,0.5 % H2O,model,0.0,8.781357772931367,0.40241106139367616,0.11530684942847857,0.17386037594199552,0.30842171323584966
M3-split,short,0.5 % H2O,model,0.0,9.1528767240376,0.40240411086892286,0.1153062926189638,0.1738617002488431,0.3084278962632703
M3-split,short,0.5 % H2O,model,0.0,9.540113783277015,0.40239973718569866,0.11530594222678202,0.17386253356514222,0.30843178702237717
M3-split,short,0.5 % H2O,model,0.0,9.943733947475618,0.4023970430155665,0.11530572638107475,0.17386304687806176,0.3084341837252971
M3-split,short,0.5 % H2O,model,0.0,10.36443034793812,0.40239541868946305,0.11530559624480653,0.17386335635405537,0.308435628711675
M3-split,short,0.5 % H2O,model,0.0,10.802925440752704,0.402394461590157,0.11530551956399408,0.17386353870511612,0.3084364801407327
M3-split,short,0.5 % H2O,model,0.0,11.259972247454842,0.40239391069622055,0.11530547542718972,0.17386364366351892,0.3084369702130707
M3-split,short,0.5 % H2O,model,0.0,11.736355648180727,0.40239360020069964,0.11530545055070086,0.17386370282000438,0.30843724642859505
M3-split,short,0.5 % H2O,model,0.0,12.23289372953102,0.40239342910418385,0.11530543684258283,0.17386373541750963,0.3084373986357237
M3-split,short,0.5 % H2O,model,0.0,12.750439189459637,0.4023933370517192,0.1153054294672857,0.17386375295514958,0.3084374805258455
M3-split,short,0.5 % H2O,model,0.0,13.289880801600054,0.4023932875082024,0.11530542549780971,0.17386376239380225,0.3084375246001856
M3-split,short,0.5 % H2O,model,0.0,13.852144941543997,0.40239326046031054,0.11530542333074457,0.1738637675464992,0.30843754866244566
M3-split,short,0.5 % H2O,model,0.0,14.438197177693354,0.4023932452187744,0.11530542210958664,0.1738637704497715,0.3084375622218675
M3-split,short,0.5 % H2O,model,0.0,15.049043929417392,0.402393235589188,0.11530542133784029,0.1738637722837526,0.30843757078921913
M3-split,short,0.5 % H2O,model,0.0,15.685734195362725,0.4023932288384087,0.11530542079689775,0.17386377356926427,0.3084375767954293
M3-split,short,0.5 % H2O,model,0.0,16.34936135488421,0.40239322362213503,0.11530542037879805,0.17386377456235924,0.30843758143670774
M3-split,short,0.5 % H2O,model,0.0,17.041065045690072,0.40239321890568525,0.11530542000067848,0.17386377546016837,0.3084375856334679
M3-split,short,0.5 % H2O,model,0.0,17.762033120925942,0.40239321407443257,0.11530541961332087,0.1738637763798019,0.3084375899324447
M3-split,short,0.5 % H2O,model,0.0,18.51350368905859,0.40239320905945797,0.11530541921148839,0.17386377733450958,0.3084375943945441
M3-split,short,0.5 % H2O,model,0.0,19.29676724006232,0.4023932038704217,0.1153054187950717,0.1738637783219836,0.308437599012523
M3-split,short,0.5 % H2O,model,0.0,20.113168861559622,0.40239319861376516,0.11530541837323675,0.1738637793223244,0.30843760369067375
M3-split,short,0.5 % H2O,model,0.0,20.964110548721372,0.40239319323947476,0.11530541794284699,0.17386378034556588,0.30843760847211243
M3-split,short,0.5 % H2O,model,0.0,21.851053611893725,0.4023931875566907,0.1153054174879962,0.17386378142767922,0.30843761352763377
M3-split,short,0.5 % H2O,model,0.0,22.77552118608608,0.4023931815470892,0.11530541700648339,0.17386378257176366,0.30843761887466375
M3-split,short,0.5 % H2O,model,0.0,23.739100846629615,0.4023931752307599,0.1153054164999346,0.17386378377396045,0.3084376244953451
M3-split,short,0.5 % H2O,model,0.0,24.74344733549848,0.40239316869142855,0.11530541597544815,0.17386378501856173,0.3084376303145616
M3-split,short,0.5 % H2O,model,0.0,25.79028540297515,0.40239316196531644,0.1153054154370281,0.17386378629932156,0.30843763629833393
M3-split,short,0.5 % H2O,model,0.0,26.88141276954016,0.40239315495678807,0.11530541487478069,0.17386378763312124,0.30843764253531003
M3-split,short,0.5 % H2O,model,0.0,28.01870321307253,0.40239314760813094,0.11530541428620643,0.17386378903229854,0.30843764907336413
M3-split,short,0.5 % H2O,model,0.0,29.204109786662425,0.4023931398967649,0.11530541366823321,0.17386379050026957,0.30843765593473244
M3-split,short,0.5 % H2O,model,0.0,30.439668172562268,0.40239313186823206,0.1153054130241891,0.17386379202818092,0.308437663079398
M3-split,short,0.5 % H2O,model,0.0,31.727500178035505,0.40239312353730994,0.1153054123560504,0.17386379361378723,0.3084376704928524
M3-split,short,0.5 % H2O,model,0.0,33.069817379106794,0.4023931148695132,0.11530541166183109,0.1738637952640738,0.308437678204582
M3-split,short,0.5 % H2O,model,0.0,34.46892491847074,0.40239310582315985,0.11530541093693909,0.173863796986246,0.30843768625365514
M3-split,short,0.5 % H2O,model,0.0,35.92722546408158,0.4023930963718824,0.11530541017947192,0.17386379878543842,0.30843769466320736
M3-split,short,0.5 % H2O,model,0.0,37.4472233352214,0.4023930865049437,0.11530540938838735,0.1738638006635308,0.3084377034431381
M3-split,short,0.5 % H2O,model,0.0,39.03152880313289,0.4023930762445055,0.11530540856587222,0.17386380261655943,0.30843771257306285
M3-split,short,0.5 % H2O,model,0.0,40.68286257360202,0.40239306556319,0.11530540770976701,0.173863804649849,0.30843772207719417
M3-split,short,0.5 % H2O,model,0.0,42.404060459188024,0.4023930544224894,0.11530540681692703,0.17386380677063526,0.3084377319899483
M3-split,short,0.5 % H2O,model,0.0,44.1980782491253,0.4023930427990057,0.1153054058852734,0.1738638089832377,0.3084377423324832
M3-split,short,0.5 % H2O,model,0.0,46.06799678525902,0.4023930306837489,0.11530540491411609,0.17386381128939374,0.3084377531127412
M3-split,short,0.5 % H2O,model,0.0,48.01702725273211,0.4023930180648354,0.11530540390264886,0.1738638136914615,0.3084377643410543
M3-split,short,0.5 % H2O,model,0.0,50.048516694508926,0.4023930049132315,0.11530540284855877,0.17386381619498506,0.3084377760432247
M3-split,short,0.5 % H2O,model,0.0,52.165953759205564,0.4023929911987638,0.11530540174930909,0.17386381880562374,0.3084377882463034
M3-split,short,0.5 % H2O,model,0.0,54.372974692097905,0.40239297690415105,0.11530540060351255,0.17386382152666074,0.3084378009656757
M3-split,short,0.5 % H2O,model,0.0,56.67336957959499,0.4023929620090022,0.11530539940962305,0.17386382436204284,0.30843781421933186
M3-split,short,0.5 % H2O,model,0.0,59.07108885790181,0.4023929464827844,0.11530539816517138,0.17386382731756897,0.3084378280344753
M3-split,short,0.5 % H2O,model,0.0,61.57025009704871,0.4023929302969034,0.11530539686781464,0.17386383039864325,0.30843784243663874
M3-split,short,0.5 % H2O,model,0.0,64.17514507193687,0.4023929134279959,0.11530539551570368,0.17386383360972907,0.3084378574465713
M3-split,short,0.5 % H2O,model,0.0,66.89024713254423,0.40239289584620636,0.11530539410647751,0.17386383695653454,0.3084378730907816
M3-split,short,0.5 % H2O,model,0.0,69.72021888594699,0.40239287751939923,0.11530539263752802,0.17386384044515318,0.30843788939791955
M3-split,short,0.5 % H2O,model,0.0,72.66992020335023,0.40239285841714567,0.11530539110641287,0.17386384408137395,0.30843790639506746
M3-split,short,0.5 % H2O,model,0.0,75.74441656587685,0.4023928385075613,0.11530538951059693,0.1738638478712815,0.30843792411056037
M3-split,short,0.5 % H2O,model,0.0,78.94898776344854,0.4023928177550696,0.11530538784721976,0.1738638518216422,0.3084379425760684
M3-split,short,0.5 % H2O,model,0.0,82.28913696169538,0.40239279612453055,0.11530538611345752,0.17386385593913914,0.30843796182287286
M3-split,short,0.5 % H2O,model,0.0,85.7706001524658,0.402392773579222,0.11530538430637836,0.17386386023077113,0.3084379818836286
M3-split,short,0.5 % H2O,model,0.0,89.39935600416594,0.40239275007984127,0.11530538242282659,0.17386386470401605,0.30843800279331607
M3-split,short,0.5 % H2O,model,0.0,93.18163612884342,0.4023927255862374,0.11530538045958155,0.17386386936651466,0.30843802458766634
M3-split,short,0.5 % H2O,model,0.0,97.1239357836489,0.4023927000564911,0.11530537841328803,0.1738638742262501,0.3084380473039708
M3-split,short,0.5 % H2O,model,0.0,101.23302502505048,0.40239267344654484,0.11530537628041203,0.1738638792916072,0.30843807098143605
M3-split,short,0.5 % H2O,model,0.0,105.51596033495792,0.4023926457108166,0.11530537405729953,0.17386388457126206,0.30843809566062175
M3-split,short,0.5 % H2O,model,0.0,109.98009673872109,0.40239261680168065,0.11530537174013493,0.17386389007428227,0.30843812138390225
M3-split,short,0.5 % H2O,model,0.0,114.63310043581247,0.4023925866694322,0.11530536932493288,0.1738638958101279,0.3084381481955072
M3-split,short,0.5 % H2O,model,0.0,119.48296196488577,0.40239255526238166,0.11530536680755042,0.17386390178863884,0.30843817614142904
M3-split,short,0.5 % H2O,model,0.0,124.53800992581655,0.4023925225265652,0.11530536418366254,0.17386390802008736,0.3084382052696849
M3-split,short,0.5 % H2O,model,0.0,129.80692528229133,0.40239248840576886,0.11530536144876277,0.17386391451517386,0.30843823563029454
M3-split,short,0.5 % H2O,model,0.0,135.29875626950604,0.4023924528414067,0.11530535859815572,0.1738639212850504,0.30843826727538726
M3-split,short,0.5 % H2O,model,0.0,141.02293393257435,0.40239241577239404,0.11530535562694483,0.17386392834134481,0.30843830025931623
M3-split,short,0.5 % H2O,model,0.0,146.9892883223311,0.4023923771350807,0.1153053525300282,0.17386393569617312,0.30843833463871806
M3-split,short,0.5 % H2O,model,0.0,153.20806537634184,0.40239233686311154,0.11530534930208737,0.17386394336216626,0.3084383704726349
M3-split,short,0.5 % H2O,model,0.0,159.68994451410924,0.40239229488732914,0.11530534593757887,0.17386395135248855,0.3084384078226034
M3-split,short,0.5 % H2O,model,0.0,166.4460569766914,0.40239225113564975,0.11530534243072481,0.17386395968086146,0.308438446752764
M3-split,short,0.5 % H2O,model,0.0,173.48800494222866,0.4023922055329381,0.11530533877550259,0.17386396836158724,0.30843848732997214
M3-split,short,0.5 % H2O,model,0.0,180.82788145020223,0.4023921580008826,0.11530533496563525,0.17386397740957274,0.3084385296239094
M3-split,short,0.5 % H2O,model,0.0,188.4782911686432,0.4023921084578565,0.11530533099457987,0.1738639868403559,0.3084385737072078
M3-split,short,0.5 % H2O,model,0.0,196.45237203995435,0.4023920568187806,0.11530532685551684,0.1738639966701317,0.3084386196555708
M3-split,short,0.5 % H2O,model,0.0,204.76381784251524,0.4023920029949761,0.1153053225413381,0.17386400691578055,0.3084386675479052
M3-split,short,0.5 % H2O,model,0.0,213.42690170681885,0.402391946894012,0.11530531804463476,0.17386401759489684,0.30843871746645635
M3-split,short,0.5 % H2O,model,0.0,222.45650062652007,0.4023918884195472,0.11530531335768439,0.17386402872581946,0.3084387694969488
M3-split,short,0.5 % H2O,model,0.0,231.86812100648996,0.4023918274711645,0.11530530847243808,0.1738640403276631,0.3084388237287344
M3-split,short,0.5 % H2O,model,0.0,241.67792529175034,0.40239176394419834,0.11530530338050599,0.17386405242035094,0.30843888025494476
M3-split,short,0.5 % H2O,model,0.0,251.90275972301498,0.40239169772955485,0.11530529807314369,0.17386406502464935,0.30843893917265214
M3-split,short,0.5 % H2O,model,0.0,262.5601832665064,0.4023916287135248,0.11530529254123663,0.1738640781622031,0.3084390005830355
M3-split,short,0.5 % H2O,model,0.0,273.668497767724,0.40239155677758814,0.11530528677528455,0.17386409185557256,0.3084390645915548
M3-split,short,0.5 % H2O,model,0.0,285.2467793809492,0.40239148179821066,0.11530528076538529,0.17386410612827297,0.3084391313081311
M3-split,short,0.5 % H2O,model,0.0,297.314911328461,0.4023914036466315,0.11530527450121787,0.17386412100481385,0.3084392008473368
M3-split,short,0.5 % H2O,model,0.0,309.89361804571615,0.4023913221886425,0.11530526797202433,0.1738641365107421,0.30843927332859117
M3-split,short,0.5 % H2O,model,0.0,323.00450077113646,0.40239123728435716,0.11530526116659187,0.17386415267268526,0.30843934887636576
M3-split,short,0.5 % H2O,model,0.0,336.6700746416139,0.4023911487879711,0.11530525407323304,0.17386416951839703,0.30843942762039883
M3-split,short,0.5 % H2O,model,0.0,350.91380735744417,0.40239105654751095,0.11530524667976597,0.17386418707680606,0.30843950969591705
M3-split,short,0.5 % H2O,model,0.0,365.7601594830805,0.4023909604045739,0.11530523897349347,0.1738642053780642,0.30843959524386844
M3-split,short,0.5 % H2O,model,0.0,381.23462645292375,0.40239086019405573,0.11530523094118099,0.17386422445359886,0.3084396844111644
M3-split,short,0.5 % H2O,model,0.0,397.3637823542767,0.4023907557438667,0.11530522256903389,0.1738642443361676,0.3084397773509318
M3-split,short,0.5 % H2O,model,0.0,414.1753255626552,0.4023906468746363,0.11530521384267436,0.17386426505991345,0.3084398742227759
M3-split,short,0.5 % H2O,model,0.0,431.6981263078251,0.40239053339940584,0.1153052047471157,0.17386428666042383,0.30843997519305466
M3-split,short,0.5 % H2O,model,0.0,449.9622762522443,0.4023904151233064,0.11530519526673748,0.17386430917479181,0.3084400804351642
M3-split,short,0.5 % H2O,model,0.0,468.99914016706043,0.40239029184322506,0.11530518538525808,0.17386433264167986,0.30844019012983687
M3-split,short,0.5 % H2O,model,0.0,488.8414097943947,0.40239016334745514,0.11530517508570727,0.17386435710138584,0.3084403044654516
M3-split,short,0.5 % H2O,model,0.0,509.52315998841743,0.40239002941533364,0.1153051643503966,0.1738643825959126,0.308440423638357
M3-split,short,0.5 % H2O,model,0.0,531.0799072316224,0.40238988981686175,0.11530515316088923,0.17386440916903995,0.308440547853209
M3-split,short,0.5 % H2O,model,0.0,553.5486706267875,0.40238974431231,0.11530514149796822,0.1738644368663997,0.308440677323322
M3-split,short,0.5 % H2O,model,0.0,576.9680354693685,0.4023895926518066,0.11530512934160357,0.1738644657355544,0.30844081227103554
M3-split,short,0.5 % H2O,model,0.0,601.3782195094898,0.40238943457490806,0.11530511667091771,0.17386449582607824,0.30844095292809587
M3-split,short,0.5 % H2O,model,0.0,626.8211420173293,0.4023892698101527,0.11530510346414978,0.1738645271896432,0.30844109953605425
M3-split,short,0.5 % H2O,model,0.0,653.3404957704963,0.4023890980745935,0.1153050896986181,0.173864559880107,0.30844125234668135
M3-split,short,0.5 % H2O,model,0.0,680.9818220870363,0.4023889190733131,0.11530507535068132,0.17386459395360582,0.30844141162239974
M3-split,short,0.5 % H2O,model,0.0,709.7925890329016,0.4023887324989167,0.11530506039569768,0.1738646294686507,0.30844157763673485
M3-split,short,0.5 % H2O,model,0.0,739.822272938202,0.40238853803100466,0.11530504480798283,0.17386466648622795,0.3084417506747845
M3-split,short,0.5 % H2O,model,0.0,771.1224433622212,0.4023883353356217,0.11530502856076562,0.17386470506990395,0.30844193103370865
M3-split,short,0.5 % H2O,model,0.0,803.7468516531015,0.40238812406468416,0.11530501162614211,0.17386474528593415,0.30844211902323954
M3-split,short,0.5 % H2O,model,0.0,837.7515232542927,0.40238790385538176,0.11530499397502762,0.1738647872033769,0.30844231496621366
M3-split,short,0.5 % H2O,model,0.0,873.1948539162647,0.40238767432955463,0.1153049755771069,0.17386483089421206,0.30844251919912646
M3-split,short,0.5 % H2O,model,0.0,910.1377099787206,0.4023874350930439,0.11530495640078174,0.17386487643346446,0.3084427320727098
M3-split,short,0.5 % H2O,model,0.0,948.6435328955174,0.4023871857350154,0.115304936413117,0.1738649238993329,0.3084429539525346
M3-split,short,0.5 % H2O,model,0.0,988.7784481817904,0.4023869258272531,0.1153049155797839,0.17386497337332416,0.30844318521963876
M3-split,short,0.5 % H2O,model,0.0,1030.6113789703877,0.40238665492342457,0.11530489386500099,0.17386502494039305,0.30844342627118126
M3-split,short,0.5 % H2O,model,0.0,1074.214164372607,0.4023863725583144,0.1153048712314728,0.1738650786890884,0.30844367752112434
M3-split,short,0.5 % H2O,model,0.0,1119.6616828464998,0.402386078247025,0.1153048476403256,0.17386513471170478,0.3084439394009445
M3-split,short,0.5 % H2O,model,0.0,1167.0319807846197,0.40238577148414434,0.11530482305104069,0.17386519310444118,0.3084442123603737
M3-split,short,0.5 % H2O,model,0.0,1216.4064065419916,0.4023854517428777,0.11530479742138477,0.1738652539675661,0.3084444968681713
M3-split,short,0.5 % H2O,model,0.0,1267.8697501345325,0.40238511847414327,0.11530477070733744,0.17386531740558964,0.3084447934129296
M3-split,short,0.5 % H2O,model,0.0,1321.51038884775,0.4023847711056291,0.11530474286301537,0.17386538352744293,0.3084451025039125
M3-split,short,0.5 % H2O,model,0.0,1377.4204390058364,0.4023844090408106,0.11530471384059364,0.1738654524466652,0.3084454246719307
M3-split,short,0.5 % H2O,model,0.0,1435.6959141617613,0.40238403165792547,0.11530468359022344,0.1738655242815984,0.30844576047025263
M3-split,short,0.5 % H2O,model,0.0,1496.4368899799936,0.40238363830890755,0.11530465205994649,0.17386559915559083,0.3084461104755551
M3-split,short,0.5 % H2O,model,0.0,1559.747676095074,0.4023832283182719,0.11530461919560564,0.17386567719720838,0.30844647528891406
M3-split,short,0.5 % H2O,model,0.0,1625.7369952410816,0.40238280098195606,0.11530458494075194,0.17386575854045566,0.3084468555368363
M3-split,short,0.5 % H2O,model,0.0,1694.5181699596842,0.40238235556611096,0.11530454923654747,0.17386584332500563,0.30844725187233585
M3-split,short,0.5 % H2O,model,0.0,1766.2093172073767,0.4023818913058408,0.11530451202166428,0.1738659316964396,0.3084476649760553
M3-split,short,0.5 % H2O,model,0.0,1840.933551196067,0.40238140740388906,0.11530447323217903,0.17386602380649702,0.30844809555743485
M3-split,short,0.5 % H2O,model,0.0,1918.8191948154297,0.4023809030292701,0.11530443280146298,0.17386611981333588,0.308448544355931
M3-split,short,0.5 % H2O,model,0.0,2000.0,0.402380377315842,0.11530439066006765,0.17386621988180428,0.30844901214228604
M3-split,short,0.5 % H2O,model,1e-06,0.1,0.9681065758059008,0.027992910925476885,0.0034772991433547405,0.00042321412526760937
M3-split,short,0.5 % H2O,model,1e-06,0.10423076887097628,0.9668488368354384,0.02889509832361716,0.0037674217564814057,0.0004886430844628539
M3-split,short,0.5 % H2O,model,1e-06,0.10864053179434878,0.9655447167853696,0.02981625742358066,0.004076282961456906,0.000562742829592876
M3-split,short,0.5 % H2O,model,1e-06,0.11323686159476715,0.964192135388705,0.03075702250944968,0.004404538837661567,0.0006463032641836415
M3-split,short,0.5 % H2O,model,1e-06,0.11802765148558905,0.9627888503826509,0.031718126086946824,0.004752893481038737,0.0007401300493634018
M3-split,short,0.5 % H2O,model,1e-06,0.12302112862378574,0.9613324586434765,0.032700381358200525,0.005122115235323866,0.0008450447629989861
M3-split,short,0.5 % H2O,model,1e-06,0.12822586823832455,0.9598204015084776,0.03370465919812947,0.005513050324963428,0.0009618889684295666
M3-split,short,0.5 % H2O,model,1e-06,0.13365080835629065,0.95824997377933,0.03473186112477404,0.005926632498998514,0.0010915325968974096
M3-split,short,0.5 % H2O,model,1e-06,0.13930526515203676,0.9566183360972607,0.035782888898763916,0.00636388840605914,0.0012348865979162202
M3-split,short,0.5 % H2O,model,1e-06,0.1451989489457201,0.9549225292447714,0.03685861302643774,0.00682593860257003,0.0013929191262207282
M3-split,short,0.5 % H2O,model,1e-06,0.15134198087870035,0.9531594888433013,0.03795984226435614,0.007313994692425194,0.001566674199917356
M3-split,short,0.5 % H2O,model,1e-06,0.15774491029443527,0.9513260581158397,0.039087297030497625,0.007829353878768713,0.0017572909748939766
M3-split,short,0.5 % H2O,model,1e-06,0.1644187328547217,0.9494189967457494,0.04024158912382802,0.00837339206887145,0.0019660220615512042
M3-split,short,0.5 % H2O,model,1e-06,0.17137490942239292,0.9474349840206269,0.04142320987202929,0.008947556725353478,0.002194249381990354
M3-split,short,0.5 % H2O,model,1e-06,0.17862538574289932,0.9453706154105037,0.042632527481569336,0.00955336040886272,0.002443496699064113
M3-split,short,0.5 % H2O,model,1e-06,0.18618261295857116,0.943222392829807,0.04386979279429016,0.010192375737475508,0.0027154386384274014
M3-split,short,0.5 % H2O,model,1e-06,0.19405956899079269,0.9409867099193303,0.045135151381757686,0.010866231790751775,0.003011906908160404
M3-split,short,0.5 % H2O,model,1e-06,0.20226978082680583,0.9386598345905057,0.04642865845069602,0.011576612163297808,0.0033348947955004317
M3-split,short,0.5 % H2O,model,1e-06,0.21082734774941828,0.936237891054435,0.04775029346664227,0.012325254132888463,0.003686561346034099
M3-split,short,0.5 % H2O,model,1e-06,0.2197469655495056,0.933716843083379,0.04909997204995253,0.01311394861202538,0.0040692362546432695
M3-split,short,0.5 % H2O,model,1e-06,0.22904395176288905,0.9310924798779474,0.0504775533673251,0.013944540367099766,0.004485426387627758
M3-split,short,0.5 % H2O,model,1e-06,0.23873427197492728,0.928360404424393,0.05188284345844501,0.014818928127860379,0.004937823989301744
M3-split,short,0.5 % H2O,model,1e-06,0.24883456723799433,0.9255160241198548,0.05331559502958748,0.015739064347598766,0.005429316502958898
M3-split,short,0.5 % H2O,model,1e-06,0.25936218264892796,0.9225545428756259,0.05477550514585362,0.016706954381735032,0.00596299759678564
M3-split,short,0.5 % H2O,model,1e-06,0.2703351971355234,0.9194709547507103,0.05626221068326395,0.017724655356480407,0.006542179209545303
M3-split,short,0.5 % H2O,model,1e-06,0.28177245450322547,0.9162600379782518,0.05777528369663601,0.01879427417085265,0.007170404154259389
M3-split,short,0.5 % H2O,model,1e-06,0.2936935957953338,0.9129163498483666,0.05931422602794882,0.019917964961705177,0.00785145916197946
M3-split,short,0.5 % H2O,model,1e-06,0.3061190930222936,0.9094342225438695,0.060878463136061545,0.021097926053094716,0.008589388266974264
M3-split,short,0.5 % H2O,model,1e-06,0.3190702843179958,0.9058077597198233,0.06246733800478136,0.02233639585743404,0.009388506417961212
M3-split,short,0.5 % H2O,model,1e-06,0.33256941058345696,0.902030834500117,0.06408010410849245,0.02363564823410801,0.010253413157282386
M3-split,short,0.5 % H2O,model,1e-06,0.34663965368081123,0.8980970887820952,0.06571591830510949,0.024997986554966437,0.011189006357828874
M3-split,short,0.5 % H2O,model,1e-06,0.36130517624319886,0.8939999343537771,0.06737383314095642,0.02642573678296819,0.012200495722298477
M3-split,short,0.5 % H2O,model,1e-06,0.37659116316892216,0.8897325561932996,0.06905278858816286,0.027921239300532297,0.013293415918005291
M3-split,short,0.5 % H2O,model,1e-06,0.39252386487112034,0.8852879182920492,0.07075160326818057,0.02948683933795707,0.014473639101813054
M3-split,short,0.5 % H2O,model,1e-06,0.4091306423572408,0.880658772393922,0.0724689653186111,0.031124875756731913,0.015747386530734996
M3-split,short,0.5 % H2O,model,1e-06,0.4264400142157162,0.8758376702823514,0.0742034226911736,0.03283766811282456,0.01712123891365039
M3-split,short,0.5 % H2O,model,1e-06,0.44448170559054145,0.870816980119221,0.0759533730475877,0.03462750174235693,0.018602145090834292
M3-split,short,0.5 % H2O,model,1e-06,0.46328669922785054,0.8655889074923468,0.07771705328668595,0.036496610675146854,0.020197428545820597
M3-split,short,0.5 % H2O,model,1e-06,0.4828872886821559,0.8601455218769327,0.07949252874872857,0.038447158177099976,0.021914791197238676
M3-split,short,0.5 % H2O,model,1e-06,0.503317133773622,0.8544787893399948,0.08127768217940091,0.04048121470522587,0.023762313775378442
M3-split,short,0.5 % H2O,model,1e-06,0.5246113183916065,0.8485806122394292,0.08307020286195077,0.04260073288108048,0.025748452017539582
M3-split,short,0.5 % H2O,model,1e-06,0.5468064107437368,0.8424428771256202,0.08486757551949276,0.04480751956761503,0.0278820277872722
M3-split,short,0.5 % H2O,model,1e-06,0.5699405261539854,0.8360575116604659,0.0866670696062646,0.04710320460930705,0.030172214123962347
M3-split,short,0.5 % H2O,model,1e-06,0.5940533925175866,0.8294165515770717,0.08846572950518033,0.049489205911145584,0.03262851300660224
M3-split,short,0.5 % H2O,model,1e-06,0.6191864185251992,0.822512219269661,0.09026036503178914,0.05196669110059914,0.03526072459795079
M3-split,short,0.5 % H2O,model,1e-06,0.6453827647734762,0.8153370147514553,0.0920475437289791,0.05453653510142961,0.038078906418136105
M3-split,short,0.5 % H2O,model,1e-06,0.6726874178841584,0.8078838206343578,0.09382358442443987,0.057199274000625584,0.041093320940576744
M3-split,short,0.5 % H2O,model,1e-06,0.7011472677589756,0.8001460221245843,0.09558455310801311,0.05995505497131687,0.04431436979608572
M3-split,short,0.5 % H2O,model,1e-06,0.7308111881030229,0.7921176432863084,0.0973262618015968,0.06280358225855637,0.04775251265353847
M3-split,short,0.5 % H2O,model,1e-06,0.7617301203548975,0.7837935008643465,0.09904427060115659,0.06574405970831644,0.0514181688261803
M3-split,short,0.5 % H2O,model,1e-06,0.7939571611677227,0.7751693765252885,0.10073389388693996,0.06877513009311113,0.05532159949466037
M3-split,short,0.5 % H2O,model,1e-06,0.8275476535912937,0.7662422078925666,0.10239021199370182,0.07189481169122179,0.059472768422510036
M3-split,short,0.5 % H2O,model,1e-06,0.8625592821119288,0.7570102993036998,0.1040080882154067,0.07510043329546984,0.06388117918542364
M3-split,short,0.5 % H2O,model,1e-06,0.8990521717132368,0.7474735513476838,0.10558219358628913,0.07838856820948142,0.06855568685654564
M3-split,short,0.5 % H2O,model,1e-06,0.9370889911279167,0.7376337092742908,0.10710703853287708,0.08175496936771273,0.0735042828251194
M3-split,short,0.5 % H2O,model,1e-06,0.9767350604579019,0.7274946274028051,0.10857701457249408,0.08519450662541794,0.07873385139928273
M3-split,short,0.5 % H2O,model,1e-06,1.0180584633476666,0.7170625477751407,0.10998644528339488,0.08870110898807368,0.08424989795339086
M3-split,short,0.5 % H2O,model,1e-06,1.0611301639033188,0.706346388502938,0.11132964839883425,0.09226771404413361,0.09005624905409423
M3-split,short,0.5 % H2O,model,1e-06,1.1060241285582797,0.6953580363167199,0.11260100938102777,0.09588622782052901,0.09615472648172327
M3-split,short,0.5 % H2O,model,1e-06,1.1528174530948103,0.6841126363292993,0.11379506670990137,0.09954749844719,0.1025447985136094
M3-split,short,0.5 % H2O,model,1e-06,1.2015904950395269,0.6726288690598,0.1149066097497368,0.10324130732597837,0.1092232138644848
M3-split,short,0.5 % H2O,model,1e-06,1.2524270116602694,0.6609292047105882,0.11593078723007483,0.10695638203663012,0.11618362602270658
M3-split,short,0.5 % H2O,model,1e-06,1.3054143038012902,0.6490401191271149,0.11686322680079621,0.11068043510097045,0.12341621897111846
M3-split,short,0.5 % H2O,model,1e-06,1.3606433658037873,0.6369922583661881,0.11770016207842836,0.1144002324610139,0.1309073470943697
M3-split,short,0.5 % H2O,model,1e-06,1.4182090417692177,0.6248205326930506,0.11843856539330483,0.11810169533285592,0.13863920658078863
M3-split,short,0.5 % H2O,model,1e-06,1.4782101884337602,0.6125641223260421,0.11907628145479755,0.12177003823476129,0.14658955798439915
M3-split,short,0.5 % H2O,model,1e-06,1.540749844933616,0.6002663731982699,0.11961215707348381,0.12538994537658177,0.1547315243516645
M3-split,short,0.5 % H2O,model,1e-06,1.6059354097526826,0.5879745662605901,0.12004616041348043,0.12894578459652467,0.16303348872940485
M3-split,short,0.5 % H2O,model,1e-06,1.6738788251564845,0.5757395454648823,0.12037948236412332,0.13242185665685605,0.1714591155141383
M3-split,short,0.5 % H2O,model,1e-06,1.7446967694290683,0.5636151832111087,0.12061461264135347,0.1358026762818448,0.17996752786569303
M3-split,short,0.5 % H2O,model,1e-06,1.8185108572430024,0.5516576845420739,0.12075538177044019,0.13907327689346036,0.18851365679402565
M3-split,short,0.5 % H2O,model,1e-06,1.895447848506563,0.5399247235449831,0.120806961548933,0.14221952882270616,0.19704878608337784
M3-split,short,0.5 % H2O,model,1e-06,1.9756398660467678,0.5284744221652031,0.12077581732194406,0.14522845944190219,0.20552130107095062
M3-split,short,0.5 % H2O,model,1e-06,2.0592246225020725,0.5173641964388074,0.12066960749231986,0.1480885587552035,0.2138776373136693
M3-split,short,0.5 % H2O,model,1e-06,2.1463456568143684,0.5066494982206821,0.12049702877610725,0.15079005617023195,0.2220634168329788
M3-split,short,0.5 % H2O,model,1e-06,2.2371525807264225,0.49638249979188376,0.12026760936190545,0.1533251522492649,0.23002473859694592
M3-split,short,0.5 % H2O,model,1e-06,2.3318013357080383,0.4866107764259432,0.11999145635204199,0.1556881914064277,0.23770957581558713
M3-split,short,0.5 % H2O,model,1e-06,2.4304544607521823,0.4773760503627725,0.11967896838321684,0.157875765235299,0.24506921601871168
M3-split,short,0.5 % H2O,model,1e-06,2.533281371500941,0.4687130627160145,0.11934052781870068,0.15988673927200825,0.25205967019327663
M3-split,short,0.5 % H2O,model,1e-06,2.640458651180643,0.460648639722056,0.11898619027710053,0.16172220237072668,0.2586429676301168
M3-split,short,0.5 % H2O,model,1e-06,2.7521703538457944,0.45320101109851224,0.1186253902921036,0.16338534268889804,0.2647882559204861
M3-split,short,0.5 % H2O,model,1e-06,2.868608320452539,0.44637942146458726,0.11826668133332699,0.16488126027967392,0.27047263692241175
M3-split,short,0.5 % H2O,model,1e-06,2.9899725083044815,0.4401840650713977,0.11791752624377012,0.16621672879002228,0.2756816798948099
M3-split,short,0.5 % H2O,model,1e-06,3.1164713344365755,0.4346063465048441,0.11758414958673172,0.1673999224449109,0.28040958146351336
M3-split,short,0.5 % H2O,model,1e-06,3.2483220335268164,0.4296294557135175,0.11727145855786705,0.16844012356018137,0.28465896216843417
M3-split,short,0.5 % H2O,model,1e-06,3.385751030950334,0.42522921121851676,0.11698303218099997,0.1693474279068056,0.2884403286936777
M3-split,short,0.5 % H2O,model,1e-06,3.528994331616538,0.42137512493213614,0.11672117393206928,0.17013245949170142,0.29177124164409307
M3-split,short,0.5 % H2O,model,1e-06,3.678297925257089,0.41803162138713884,0.11648701769293193,0.17080610535180396,0.2946752555681252
M3-split,short,0.5 % H2O,model,1e-06,3.833918208860631,0.41515933869378113,0.11628067363619728,0.17137927769744737,0.2971807099725743
M3-split,short,0.5 % H2O,model,1e-06,3.9961224269797992,0.4127164484000067,0.11610140020015212,0.1718627063269561,0.29931944507288516
M3-split,short,0.5 % H2O,model,1e-06,4.165189130666562,0.4106599223549651,0.11594778675715672,0.172266764361726,0.30112552652615215
M3-split,short,0.5 % H2O,model,1e-06,4.341408655824089,0.40894669951440316,0.11581793523451044,0.17260132664392777,0.3026340386071586
M3-split,short,0.5 % H2O,model,1e-06,4.525083621796566,0.4075347128109015,0.11570962924578136,0.17287565841951177,0.3038799995238054
M3-split,short,0.5 % H2O,model,1e-06,4.716529451053179,0.4063837456253687,0.11562048432396767,0.17309833446137388,0.3048974355892898
M3-split,short,0.5 % H2O,model,1e-06,4.916074910858767,0.40545610795244474,0.11554807412575963,0.17327718481890228,0.3057186331028934
M3-split,short,0.5 % H2O,model,1e-06,5.124062677861254,0.4047171269227409,0.11549003072215694,0.17341926569554808,0.306373576659554
M3-split,short,0.5 % H2O,model,1e-06,5.34084992656552,0.40413546524491767,0.11544411969758002,0.173530851799601,0.30688956325790134
M3-split,short,0.5 % H2O,model,1e-06,5.566808942704215,0.4036832760700806,0.11540829149540589,0.17361744889601374,0.3072909835384998
M3-split,short,0.5 % H2O,model,1e-06,5.802327762558867,0.40333622080027265,0.11538071231460302,0.1736838224846967,0.30759924440042774
M3-split,short,0.5 % H2O,model,1e-06,6.047810839329224,0.4030733706533468,0.11535977775855552,0.17373404012227625,0.30783281146582137
M3-split,short,0.5 % H2O,model,1e-06,6.303679737695092,0.4028770174895777,0.11534411296984487,0.17377152426749196,0.30800734527308543
M3-split,short,0.5 % H2O,model,1e-06,6.570373857763537,0.4027324202173071,0.11533256279008955,0.17379911214617652,0.3081359048464269
M3-split,short,0.5 % H2O,model,1e-06,6.848351189644559,0.40262750510210676,0.11532417470052965,0.17381912052904108,0.30822919966832263
M3-split,short,0.5 % H2O,model,1e-06,7.138089099951173,0.40255254805375323,0.11531817785415371,0.17383341122891507,0.308295862863178
M3-split,short,0.5 % H2O,model,1e-06,7.440085151574459,0.40249984672806444,0.11531395958285555,0.17384345665046472,0.30834273703861526
M3-split,short,0.5 % H2O,model,1e-06,7.7548579581413986,0.402463406678609,0.11531104193241552,0.17385040144915814,0.3083751499398173
M3-split,short,0.5 % H2O,model,1e-06,8.082948074622873,0.4024386447665168,0.11530905887390223,0.17385512011891657,0.3083971762406646
M3-split,short,0.5 % H2O,model,1e-06,8.424918925621194,0.40242211936400635,0.11530773523716518,0.17385826900463422,0.30841187639419426
M3-split,short,0.5 % H2O,model,1e-06,8.781357772931367,0.40241129730197883,0.115306868334797,0.17386033103280116,0.308421503330423
M3-split,short,0.5 % H2O,model,1e-06,9.1528767240376,0.4024043470901811,0.11530631155131213,0.17386165528108277,0.308427686077424
M3-split,short,0.5 % H2O,model,1e-06,9.540113783277015,0.4023999736082511,0.11530596117586069,0.1738624885596987,0.3084315766561895
M3-split,short,0.5 % H2O,model,1e-06,9.943733947475618,0.4023972795635587,0.11530574534057557,0.17386300184913117,0.3084339732467346
M3-split,short,0.5 % H2O,model,1e-06,10.36443034793812,0.40239565531393556,0.11530561521065931,0.17386331131080227,0.308435418164603
M3-split,short,0.5 % H2O,model,1e-06,10.802925440752704,0.4023946982615338,0.11530553853373694,0.1738634936530732,0.30843626955165615
M3-split,short,0.5 % H2O,model,1e-06,11.259972247454842,0.4023941473945214,0.11530549439916599,0.17386359860643077,0.30843675959988187
M3-split,short,0.5 % H2O,model,1e-06,11.736355648180727,0.40239383691376457,0.11530546952390307,0.17386365776015092,0.30843703580218157
M3-split,short,0.5 % H2O,model,1e-06,12.23289372953102,0.4023936658265915,0.11530545581655706,0.17386369035590224,0.3084371880009493
M3-split,short,0.5 % H2O,model,1e-06,12.750439189459637,0.4023935737789082,0.11530544844165579,0.17386370789264546,0.30843726988679065
M3-split,short,0.5 % H2O,model,1e-06,13.289880801600054,0.40239352423695285,0.11530544447231186,0.1738637173310082,0.308437313959727
M3-split,short,0.5 % H2O,model,1e-06,13.852144941543997,0.4023934971902884,0.11530544230534914,0.17386372248347554,0.30843733802088696
M3-split,short,0.5 % H2O,model,1e-06,14.438197177693354,0.4023934819489631,0.11530544108420994,0.17386372538670988,0.30843735158011715
M3-split,short,0.5 % H2O,model,1e-06,15.049043929417392,0.4023934723192895,0.11530544031245775,0.17386372722070903,0.3084373601475438
M3-split,short,0.5 % H2O,model,1e-06,15.685734195362725,0.40239346556925976,0.11530543977157635,0.17386372850607912,0.30843736615308487
M3-split,short,0.5 % H2O,model,1e-06,16.34936135488421,0.402393460353791,0.11530543935354169,0.17386372949902135,0.308437370793646
M3-split,short,0.5 % H2O,model,1e-06,17.041065045690072,0.4023934556373432,0.11530543897542256,0.17386373039683078,0.3084373749904035
M3-split,short,0.5 % H2O,model,1e-06,17.762033120925942,0.4023934508056501,0.11530543858803056,0.17386373131654906,0.30843737928977033
M3-split,short,0.5 % H2O,model,1e-06,18.51350368905859,0.40239344579036945,0.11530543818617396,0.1738637322713155,0.30843738375214114
M3-split,short,0.5 % H2O,model,1e-06,19.29676724006232,0.40239344060195315,0.11530543776980491,0.17386373325867063,0.3084373883695714
M3-split,short,0.5 % H2O,model,1e-06,20.113168861559622,0.4023934353452409,0.11530543734796797,0.17386373425902388,0.30843739304776735
M3-split,short,0.5 % H2O,model,1e-06,20.964110548721372,0.40239342997113275,0.1153054369175951,0.1738637352822323,0.30843739782903995
M3-split,short,0.5 % H2O,model,1e-06,21.851053611893725,0.4023934242882581,0.11530543646273886,0.17386373636436442,0.3084374028846387
M3-split,short,0.5 % H2O,model,1e-06,22.77552118608608,0.4023934182784342,0.11530543598120828,0.1738637375084917,0.30843740823186583
M3-split,short,0.5 % H2O,model,1e-06,23.739100846629615,0.4023934119621953,0.11530543547466619,0.1738637387106714,0.30843741385246704
M3-split,short,0.5 % H2O,model,1e-06,24.74344733549848,0.4023934054228159,0.11530543495017785,0.17386373995528348,0.30843741967172295
M3-split,short,0.5 % H2O,model,1e-06,25.79028540297515,0.40239339869689067,0.11530543441177463,0.17386374123600934,0.30843742565532545
M3-split,short,0.5 % H2O,model,1e-06,26.88141276954016,0.4023933916883938,0.1153054338495291,0.17386374256980305,0.3084374318922741
M3-split,short,0.5 % H2O,model,1e-06,28.01870321307253,0.40239338433960703,0.11530543326094747,0.17386374396900753,0.308437438430438
M3-split,short,0.5 % H2O,model,1e-06,29.204109786662425,0.40239337662820485,0.11530543264296984,0.1738637454369847,0.30843744529184053
M3-split,short,0.5 % H2O,model,1e-06,30.439668172562268,0.4023933685996827,0.11530543199892866,0.17386374696489618,0.3084374524364925
M3-split,short,0.5 % H2O,model,1e-06,31.727500178035505,0.40239336026879086,0.11530543133079275,0.17386374855049733,0.30843745984991916
M3-split,short,0.5 % H2O,model,1e-06,33.069817379106794,0.40239335160105244,0.11530543063658115,0.17386375020077527,0.30843746756159124
M3-split,short,0.5 % H2O,model,1e-06,34.46892491847074,0.40239334255458864,0.1153054299116804,0.17386375192296935,0.3084374756107617
M3-split,short,0.5 % H2O,model,1e-06,35.92722546408158,0.4023933331033385,0.11530542915421735,0.17386375372215837,0.30843748402028587
M3-split,short,0.5 % H2O,model,1e-06,37.4472233352214,0.40239332323637406,0.11530542836313167,0.17386375560025683,0.3084374928002375
M3-split,short,0.5 % H2O,model,1e-06,39.03152880313289,0.40239331297596725,0.11530542754062051,0.17386375755328118,0.30843750193013114
M3-split,short,0.5 % H2O,model,1e-06,40.68286257360202,0.4023933022946807,0.11530542668451946,0.17386375958656694,0.30843751143423304
M3-split,short,0.5 % H2O,model,1e-06,42.404060459188024,0.40239329115396316,0.11530542579167982,0.17386376170735832,0.3084375213469988
M3-split,short,0.5 % H2O,model,1e-06,44.1980782491253,0.4023932795304545,0.1153054248600255,0.17386376391996713,0.3084375316895528
M3-split,short,0.5 % H2O,model,1e-06,46.06799678525902,0.40239326741520237,0.1153054238888701,0.17386376622612407,0.30843754246980337
M3-split,short,0.5 % H2O,model,1e-06,48.01702725273211,0.40239325479630333,0.11530542287740594,0.17386376862819114,0.3084375536980997
M3-split,short,0.5 % H2O,model,1e-06,50.048516694508926,0.4023932416446947,0.11530542182331742,0.17386377113171766,0.3084375654002702
M3-split,short,0.5 % H2O,model,1e-06,52.165953759205564,0.40239322793021554,0.11530542072406859,0.1738637737423606,0.3084375776033554
M3-split,short,0.5 % H2O,model,1e-06,54.372974692097905,0.4023932136356038,0.115305419578274,0.1738637764633995,0.3084375903227226
M3-split,short,0.5 % H2O,model,1e-06,56.67336957959499,0.4023931987404605,0.11530541838438717,0.17386377929878294,0.30843760357636935
M3-split,short,0.5 % H2O,model,1e-06,59.07108885790181,0.4023931832142384,0.11530541713993726,0.1738637822543122,0.30843761739151215
M3-split,short,0.5 % H2O,model,1e-06,61.57025009704871,0.40239316702835237,0.11530541584258239,0.17386378533539004,0.30843763179367517
M3-split,short,0.5 % H2O,model,1e-06,64.17514507193687,0.4023931501594459,0.1153054144904738,0.1738637885464781,0.3084376468036022
M3-split,short,0.5 % H2O,model,1e-06,66.89024713254423,0.40239313257765524,0.11530541308125002,0.17386379189328657,0.3084376624478081
M3-split,short,0.5 % H2O,model,1e-06,69.72021888594699,0.40239311425084434,0.11530541161230275,0.17386379538190877,0.3084376787549442
M3-split,short,0.5 % H2O,model,1e-06,72.66992020335023,0.40239309514858934,0.11530541008119016,0.17386379901813273,0.30843769575208774
M3-split,short,0.5 % H2O,model,1e-06,75.74441656587685,0.40239307523900386,0.11530540848537676,0.17386380280804353,0.3084377134675759
M3-split,short,0.5 % H2O,model,1e-06,78.94898776344854,0.4023930544865093,0.11530540682200235,0.17386380675840807,0.30843773193308033
M3-split,short,0.5 % H2O,model,1e-06,82.28913696169538,0.40239303285596817,0.11530540508824282,0.1738638108759087,0.30843775117988037
M3-split,short,0.5 % H2O,model,1e-06,85.7706001524658,0.4023930103106578,0.1153054032811667,0.17386381516754448,0.3084377712406311
M3-split,short,0.5 % H2O,model,1e-06,89.39935600416594,0.4023929868112744,0.11530540139761801,0.17386381964079356,0.30843779215031414
M3-split,short,0.5 % H2O,model,1e-06,93.18163612884342,0.40239296231766825,0.11530539943437616,0.1738638243032963,0.30843781394465936
M3-split,short,0.5 % H2O,model,1e-06,97.1239357836489,0.4023929367879193,0.11530539738808596,0.17386382916303622,0.30843783666095853
M3-split,short,0.5 % H2O,model,1e-06,101.23302502505048,0.40239291017797035,0.11530539525521342,0.17386383422839785,0.3084378603384184
M3-split,short,0.5 % H2O,model,1e-06,105.51596033495792,0.40239288244223936,0.1153053930321045,0.17386383950805767,0.30843788501759845
M3-split,short,0.5 % H2O,model,1e-06,109.98009673872109,0.40239285353310034,0.11530539071494372,0.17386384501108276,0.3084379107408731
M3-split,short,0.5 % H2O,model,1e-06,114.63310043581247,0.4023928234008489,0.11530538829974557,0.17386385074693375,0.30843793755247184
M3-split,short,0.5 % H2O,model,1e-06,119.48296196488577,0.40239279199379535,0.11530538578236722,0.17386385672544993,0.30843796549838737
M3-split,short,0.5 % H2O,model,1e-06,124.53800992581655,0.40239275925797563,0.11530538315848368,0.17386386295690426,0.30843799462663657
M3-split,short,0.5 % H2O,model,1e-06,129.80692528229133,0.40239272513717567,0.11530538042358829,0.17386386945199653,0.3084380249872393
M3-split,short,0.5 % H2O,model,1e-06,135.29875626950604,0.40239268957281,0.11530537757298594,0.17386387622187932,0.3084380566323247
M3-split,short,0.5 % H2O,model,1e-06,141.02293393257435,0.40239265250379375,0.11530537460177981,0.17386388327818011,0.30843808961624625
M3-split,short,0.5 % H2O,model,1e-06,146.9892883223311,0.40239261386647646,0.11530537150486828,0.17386389063301508,0.30843812399564013
M3-split,short,0.5 % H2O,model,1e-06,153.20806537634184,0.4023925735945033,0.11530536827693275,0.17386389829901525,0.30843815982954886
M3-split,short,0.5 % H2O,model,1e-06,159.68994451410924,0.40239253161871674,0.11530536491242967,0.17386390628934476,0.30843819717950893
M3-split,short,0.5 % H2O,model,1e-06,166.4460569766914,0.40239248786703297,0.11530536140558129,0.17386391461772527,0.30843823610966054
M3-split,short,0.5 % H2O,model,1e-06,173.48800494222866,0.40239244226431675,0.11530535775036502,0.1738639232984589,0.3084382766868594
M3-split,short,0.5 % H2O,model,1e-06,180.82788145020223,0.40239239473225646,0.11530535394050391,0.17386393234645262,0.3084383189807871
M3-split,short,0.5 % H2O,model,1e-06,188.4782911686432,0.4023923451892253,0.11530534996945498,0.17386394177724426,0.30843836306407535
M3-split,short,0.5 % H2O,model,1e-06,196.45237203995435,0.4023922935501444,0.11530534583039877,0.1738639516070291,0.30843840901242786
M3-split,short,0.5 % H2O,model,1e-06,204.76381784251524,0.4023922397263344,0.115305341516227,0.17386396185268718,0.30843845690475147
M3-split,short,0.5 % H2O,model,1e-06,213.42690170681885,0.4023921836253646,0.11530533701953097,0.1738639725318133,0.30843850682329105
M3-split,short,0.5 % H2O,model,1e-06,222.45650062652007,0.40239212515089406,0.1153053323325882,0.17386398366274597,0.3084385588537717
M3-split,short,0.5 % H2O,model,1e-06,231.86812100648996,0.4023920642025052,0.1153053274473498,0.17386399526460014,0.3084386130855449
M3-split,short,0.5 % H2O,model,1e-06,241.67792529175034,0.40239200067553266,0.11530532235542607,0.17386400735729893,0.30843866961174227
M3-split,short,0.5 % H2O,model,1e-06,251.90275972301498,0.4023919344608826,0.11530531704807245,0.17386401996160886,0.3084387285294362
M3-split,short,0.5 % H2O,model,1e-06,262.5601832665064,0.40239186544484556,0.11530531151617426,0.1738640330991745,0.3084387899398057
M3-split,short,0.5 % H2O,model,1e-06,273.668497767724,0.40239179350890164,0.11530530575023164,0.1738640467925565,0.3084388539483102
M3-split,short,0.5 % H2O,model,1e-06,285.2467793809492,0.4023917185295167,0.11530529974034212,0.17386406106526975,0.3084389206648714
M3-split,short,0.5 % H2O,model,1e-06,297.314911328461,0.40239164037792974,0.1153052934761849,0.1738640759418242,0.3084389902040611
M3-split,short,0.5 % H2O,model,1e-06,309.89361804571615,0.4023915589199325,0.11530528694700201,0.17386409144776654,0.3084390626852989
M3-split,short,0.5 % H2O,model,1e-06,323.00450077113646,0.40239147401563874,0.11530528014158059,0.17386410760972434,0.3084391382330564
M3-split,short,0.5 % H2O,model,1e-06,336.6700746416139,0.40239138551924375,0.11530527304823335,0.17386412445545152,0.3084392169770715
M3-split,short,0.5 % H2O,model,1e-06,350.91380735744417,0.4023912932787743,0.11530526565477836,0.17386414201387645,0.3084392990525709
M3-split,short,0.5 % H2O,model,1e-06,365.7601594830805,0.4023911971358277,0.11530525794851834,0.1738641603151512,0.30843938460050285
M3-split,short,0.5 % H2O,model,1e-06,381.23462645292375,0.4023910969252994,0.11530524991621889,0.17386417939070326,0.3084394737677785
M3-split,short,0.5 % H2O,model,1e-06,397.3637823542767,0.40239099247509974,0.11530524154408553,0.17386419927329008,0.3084395667075247
M3-split,short,0.5 % H2O,model,1e-06,414.1753255626552,0.40239088360585856,0.11530523281774012,0.17386421999705476,0.30843966357934655
M3-split,short,0.5 % H2O,model,1e-06,431.6981263078251,0.4023907701306167,0.11530522372219634,0.17386424159758473,0.3084397645496022
M3-split,short,0.5 % H2O,model,1e-06,449.9622762522443,0.40239065185450545,0.11530521424183353,0.1738642641119732,0.3084398697916878
M3-split,short,0.5 % H2O,model,1e-06,468.99914016706043,0.40239052857441177,0.1153052043603702,0.1738642875788826,0.30843997948633556
M3-split,short,0.5 % H2O,model,1e-06,488.8414097943947,0.40239040007862886,0.11530519406083616,0.17386431203861083,0.3084400938219242
M3-split,short,0.5 % H2O,model,1e-06,509.52315998841743,0.402390266146494,0.11530518332554296,0.17386433753316072,0.3084402129948024
M3-split,short,0.5 % H2O,model,1e-06,531.0799072316224,0.40239012654800815,0.11530517213605376,0.17386436410631215,0.3084403372096259
M3-split,short,0.5 % H2O,model,1e-06,553.5486706267875,0.40238998104344165,0.11530516047315172,0.17386439180369712,0.3084404666797094
M3-split,short,0.5 % H2O,model,1e-06,576.9680354693685,0.4023898293829229,0.11530514831680687,0.17386442067287797,0.30844060162739223
M3-split,short,0.5 % H2O,model,1e-06,601.3782195094898,0.4023896713060085,0.11530513564614162,0.17386445076342927,0.30844074228442064
M3-split,short,0.5 % H2O,model,1e-06,626.8211420173293,0.4023895065412365,0.11530512243939516,0.17386448212702274,0.3084408888923455
M3-split,short,0.5 % H2O,model,1e-06,653.3404957704963,0.4023893348056603,0.11530510867388592,0.1738645148175162,0.30844104170293757
M3-split,short,0.5 % H2O,model,1e-06,680.9818220870363,0.402389155804362,0.11530509432597245,0.173864548891046,0.3084412009786195
M3-split,short,0.5 % H2O,model,1e-06,709.7925890329016,0.4023889692299469,0.11530507937101317,0.17386458440612315,0.3084413669929168
M3-split,short,0.5 % H2O,model,1e-06,739.822272938202,0.4023887747620152,0.11530506378332371,0.17386462142373407,0.308441540030927
M3-split,short,0.5 % H2O,model,1e-06,771.1224433622212,0.40238857206661194,0.11530504753613297,0.17386466000744516,0.3084417203898101
M3-split,short,0.5 % H2O,model,1e-06,803.7468516531015,0.4023883607956531,0.11530503060153696,0.17386470022351186,0.308441908379298
M3-split,short,0.5 % H2O,model,1e-06,837.7515232542927,0.4023881405863286,0.11530501295045124,0.17386474214099276,0.3084421043222275
M3-split,short,0.5 % H2O,model,1e-06,873.1948539162647,0.40238791106047833,0.11530499455256042,0.17386478583186762,0.3084423085550937
M3-split,short,0.5 % H2O,model,1e-06,910.1377099787206,0.40238767182394375,0.1153049753762665,0.17386483137116143,0.3084425214286285
M3-split,short,0.5 % H2O,model,1e-06,948.6435328955174,0.40238742246589,0.11530495538863426,0.17386487883707297,0.3084427433084027
M3-split,short,0.5 % H2O,model,1e-06,988.7784481817904,0.40238716255810153,0.11530493455533508,0.1738649283111092,0.30844297457545417
M3-split,short,0.5 % H2O,model,1e-06,1030.6113789703877,0.40238689165424574,0.11530491284058754,0.173864979878225,0.30844321562694166
M3-split,short,0.5 % H2O,model,1e-06,1074.214164372607,0.4023866092891071,0.1153048902070962,0.1738650336269692,0.30844346687682744
M3-split,short,0.5 % H2O,model,1e-06,1119.6616828464998,0.4023863149777882,0.1153048666159874,0.17386508964963654,0.308443728756588
M3-split,short,0.5 % H2O,model,1e-06,1167.0319807846197,0.40238600821487663,0.11530484202674247,0.17386514804242598,0.3084440017159549
M3-split,short,0.5 % H2O,model,1e-06,1216.4064065419916,0.40238568847357786,0.11530481639712828,0.17386520890560622,0.3084442862236876
M3-split,short,0.5 % H2O,model,1e-06,1267.8697501345325,0.4023853552048099,0.1153047896831244,0.17386527234368743,0.3084445827683782
M3-split,short,0.5 % H2O,model,1e-06,1321.51038884775,0.4023850078362609,0.1153047618388476,0.17386533846560082,0.3084448918592906
M3-split,short,0.5 % H2O,model,1e-06,1377.4204390058364,0.402384645771406,0.11530473281647308,0.17386540738488565,0.30844521402723524
M3-split,short,0.5 % H2O,model,1e-06,1435.6959141617613,0.4023842683884832,0.11530470256615209,0.1738654792198842,0.30844554982548067
M3-split,short,0.5 % H2O,model,1e-06,1496.4368899799936,0.4023838750394256,0.11530467103592641,0.1738655540939446,0.3084458998307033
M3-split,short,0.5 % H2O,model,1e-06,1559.747676095074,0.4023834650487488,0.11530463817163907,0.17386563213563316,0.3084462646439791
M3-split,short,0.5 % H2O,model,1e-06,1625.7369952410816,0.4023830377123899,0.11530460391684111,0.17386571347895438,0.3084466448918147
M3-split,short,0.5 % H2O,model,1e-06,1694.5181699596842,0.40238259229650003,0.1153045682126947,0.17386579826358142,0.3084470412272239
M3-split,short,0.5 % H2O,model,1e-06,1766.2093172073767,0.402382128036183,0.11530453099787205,0.17386588663509572,0.30844745433084914
M3-split,short,0.5 % H2O,model,1e-06,1840.933551196067,0.40238164413418254,0.11530449220844989,0.17386597874523688,0.3084478849121306
M3-split,short,0.5 % H2O,model,1e-06,1918.8191948154297,0.4023811397595129,0.11530445177779966,0.17386607475216304,0.3084483337105245
M3-split,short,0.5 % H2O,model,1e-06,2000.0,0.40238061404603176,0.11530440963647282,0.17386617482072236,0.30844880149677295
M3-split,short,0.5 % H2O,measured,,19.863611111111112,0.9299932391087324,0.0602067459778262,-0.0127888361282447,0.0225283334121302
M3-split,short,2 % H2O,model,0.0,0.1,0.8756128481989364,0.07493561179844686,0.03264846209491887,0.016803077907698166
M3-split,short,2 % H2O,model,0.0,0.10423076887097628,0.8705153235550289,0.07666963163279783,0.034480650718646554,0.01833439409352678
M3-split,short,2 % H2O,model,0.0,0.10864053179434878,0.8651882569616896,0.07842509425510182,0.03639897455823187,0.019987674224976593
M3-split,short,2 % H2O,model,0.0,0.11323686159476715,0.8596209714900703,0.08020010727924547,0.03840665226784124,0.021772268962842792
M3-split,short,2 % H2O,model,0.0,0.11802765148558905,0.8538023100665428,0.08199260121109142,0.04050691865639653,0.02369817006596917
M3-split,short,2 % H2O,model,0.0,0.12302112862378574,0.8477206330076807,0.08380030952575084,0.042703009207280894,0.025776048259287615
M3-split,short,2 % H2O,model,0.0,0.12822586823832455,0.8413638187606849,0.08562074789726476,0.0449981417638047,0.02801729157824577
M3-split,short,2 % H2O,model,0.0,0.13365080835629065,0.8347192683888156,0.08745119274066514,0.04739549520711728,0.030434043663401956
M3-split,short,2 % H2O,model,0.0,0.13930526515203676,0.8277739140458148,0.08928865994445084,0.049898184863271494,0.033039241146463
M3-split,short,2 % H2O,model,0.0,0.1451989489457201,0.8205142337224587,0.09112988195679653,0.05250923394491193,0.03584665037583285
M3-split,short,2 % H2O,model,0.0,0.15134198087870035,0.8129262728413953,0.0929712840616745,0.05523154059614459,0.03887090250078554
M3-split,short,2 % H2O,model,0.0,0.15774491029443527,0.8049956737973851,0.09480896016732901,0.05806784012637154,0.04212752590891429
M3-split,short,2 % H2O,model,0.0,0.1644187328547217,0.7967077153943977,0.09663864752306803,0.061020661871576114,0.04563297521095818
M3-split,short,2 % H2O,model,0.0,0.17137490942239292,0.7880473636318217,0.09845570084026256,0.06409228006352445,0.04940465546439127
M3-split,short,2 % H2O,model,0.0,0.17862538574289932,0.7789993356552507,0.10025506621811944,0.06728465802308416,0.05346094010354563
M3-split,short,2 % H2O,model,0.0,0.18618261295857116,0.769548179154767,0.10203125472769956,0.07059938533944374,0.057821180778089835
M3-split,short,2 % H2O,model,0.0,0.19405956899079269,0.7596783693813829,0.10377831670721664,0.07403760696623374,0.06250570694516677
M3-split,short,2 % H2O,model,0.0,0.20226978082680583,0.7493744265687132,0.10548981656630352,0.07759994417336803,0.06753581269161532
M3-split,short,2 % H2O,model,0.0,0.21082734774941828,0.7386210563218539,0.10715880951549604,0.08128640626977812,0.07293372789287195
M3-split,short,2 % H2O,model,0.0,0.2197469655495056,0.7274033163829607,0.10877782047637807,0.08509629297132898,0.07872257016933228
M3-split,short,2 % H2O,model,0.0,0.22904395176288905,0.7157068128021877,0.11033882696744385,0.08902808660972493,0.0849262736206435
M3-split,short,2 % H2O,model,0.0,0.23873427197492728,0.7035179295009355,0.11183324622773401,0.09307933446116974,0.09156948981016078
M3-split,short,2 % H2O,model,0.0,0.24883456723799433,0.6908240944863393,0.11325192883304303,0.09724652088107899,0.09867745579953884
M3-split,short,2 % H2O,model,0.0,0.25936218264892796,0.6776140864925513,0.11458516099249595,0.10152492942694627,0.10627582308800654
M3-split,short,2 % H2O,model,0.0,0.2703351971355234,0.6638783862308298,0.11582267655419454,0.10590849618753925,0.11439044102743637
M3-split,short,2 % H2O,model,0.0,0.28177245450322547,0.6496095753865749,0.11695368229384458,0.11038965522298003,0.12304708709660032
M3-split,short,2 % H2O,model,0.0,0.2936935957953338,0.6348027865369927,0.11796689911708894,0.11495917829151131,0.13227113605440716
M3-split,short,2 % H2O,model,0.0,0.3061190930222936,0.6194562063142284,0.1188506222908217,0.11960601199794042,0.14208715939700958
M3-split,short,2 % H2O,model,0.0,0.3190702843179958,0.6035716332623611,0.11959280486074149,0.12431711618448203,0.15251844569241543
M3-split,short,2 % H2O,model,0.0,0.33256941058345696,0.5871550898324939,0.12018116868588173,0.12907730909137805,0.16358643239024628
M3-split,short,2 % H2O,model,0.0,0.34663965368081123,0.5702174867034208,0.12060334623303891,0.13386912679423155,0.1753100402693087
M3-split,short,2 % H2O,model,0.0,0.36130517624319886,0.5527753325888315,0.12084706057330524,0.1386727054867443,0.18770490135111886
M3-split,short,2 % H2O,model,0.0,0.37659116316892216,0.534851482057889,0.12090034530942423,0.1434656986585654,0.20078247397412138
M3-split,short,2 % H2O,model,0.0,0.39252386487112034,0.5164759058191525,0.1207518122535482,0.1482232426200898,0.21454903930720964
M3-split,short,2 % H2O,model,0.0,0.4091306423572408,0.49768646485326135,0.12039096796930218,0.15291798750122992,0.22900457967620647
M3-split,short,2 % H2O,model,0.0,0.4264400142157162,0.47852965937972874,0.11980858483652197,0.15752021317673348,0.24414154260701582
M3-split,short,2 % H2O,model,0.0,0.44448170559054145,0.45906131813091416,0.11899712590923106,0.1619980523471462,0.25994350361270857
M3-split,short,2 % H2O,model,0.0,0.46328669922785054,0.4393471814585992,0.11795122278731242,0.16631784519448573,0.2763837505596028
M3-split,short,2 % H2O,model,0.0,0.4828872886821559,0.4194633221669011,0.11666819993528846,0.17044465062966946,0.2934238272681409
M3-split,short,2 % H2O,model,0.0,0.503317133773622,0.3994963358012342,0.11514863505300779,0.17434293890435712,0.31101209024140086
M3-split,short,2 % H2O,model,0.0,0.5246113183916065,0.37954322411366637,0.11339693562743604,0.17797748485280748,0.32908235540609027
M3-split,short,2 % H2O,model,0.0,0.5468064107437368,0.3597108817810236,0.11142190528124288,0.18131447559630182,0.3475527373414317
M3-split,short,2 % H2O,model,0.0,0.5699405261539854,0.3401151004075069,0.10923725934974286,0.18432282711695078,0.36632481312579945
M3-split,short,2 % H2O,model,0.0,0.5940533925175866,0.3208789990700526,0.10686204166469589,0.18697568929656477,0.38528326996868684
M3-split,short,2 % H2O,model,0.0,0.6191864185251992,0.3021308101103784,0.10432087790106058,0.189252081997154,0.40429622999140713
M3-split,short,2 % H2O,model,0.0,0.6453827647734762,0.28400098039076827,0.10164399531534467,0.1911385700070777,0.4232164542868094
M3-split,short,2 % H2O,model,0.0,0.6726874178841584,0.2666185848238549,0.09886693114193111,0.19263084035431455,0.44188364367989946
M3-split,short,2 % H2O,model,0.0,0.7011472677589756,0.25010713316928895,0.09602985942162663,0.19373499818781742,0.460128009221267
M3-split,short,2 % H2O,model,0.0,0.7308111881030229,0.23457993496405297,0.0931764858142435,0.19446836584513902,0.47777521337656464
M3-split,short,2 % H2O,model,0.0,0.7617301203548975,0.22013528563764279,0.09035249767163868,0.19485956228688275,0.4946526544038358
M3-split,short,2 % H2O,model,0.0,0.7939571611677227,0.20685184148205496,0.08760361567034307,0.19494767551355818,0.5105968673340437
M3-split,short,2 % H2O,model,0.0,0.8275476535912937,0.1947846234830606,0.08497336663326818,0.1947804336714097,0.5254615762122614
M3-split,short,2 % H2O,model,0.0,0.8625592821119288,0.18396211049191513,0.08250077345525156,0.19441143110523273,0.5391256849476005
M3-split,short,2 % H2O,model,0.0,0.8990521717132368,0.1743848261385035,0.08021821602065947,0.19389664879035673,0.5515003090504802
M3-split,short,2 % H2O,model,0.0,0.9370889911279167,0.1660256812123335,0.07814973605088009,0.1932906827677086,0.5625338999690778
M3-split,short,2 % H2O,model,0.0,0.9767350604579019,0.1588321189399844,0.07631002025590049,0.19264319745906355,0.5722146633450514
M3-split,short,2 % H2O,model,0.0,1.0180584633476666,0.15272986309255487,0.07470419950308509,0.19199610596326294,0.5805698314410971
M3-split,short,2 % H2O,model,0.0,1.0611301639033188,0.14762785729035502,0.07332847015414605,0.19138183915941154,0.5876618333960874
M3-split,short,2 % H2O,model,0.0,1.1060241285582797,0.14342383448444682,0.0721714055590907,0.190822833928042,0.5935819260284204
M3-split,short,2 % H2O,model,0.0,1.1528174530948103,0.14000993486046776,0.07121572894320836,0.19033212952377868,0.5984422066725452
M3-split,short,2 % H2O,model,0.0,1.2015904950395269,0.13727786172336764,0.07044027649520214,0.1899147762885218,0.6023670854929084
M3-split,short,2 % H2O,model,0.0,1.2524270116602694,0.13512319649396892,0.0698218964437921,0.1895696796061255,0.6054852274561134
M3-split,short,2 % H2O,model,0.0,1.3054143038012902,0.13344868249977476,0.06933709721295951,0.18929152559136375,0.607922694695902
M3-split,short,2 % H2O,model,0.0,1.3606433658037873,0.13216642881909754,0.06896333461053399,0.18907252271948108,0.6097977138508874
M3-split,short,2 % H2O,model,0.0,1.4182090417692177,0.13119912426677385,0.06867990935623586,0.18890381001150366,0.6112171563654868
M3-split,short,2 % H2O,model,0.0,1.4782101884337602,0.1304804123887754,0.06846849970672081,0.18877648254107957,0.6122746053634243
M3-split,short,2 % H2O,model,0.0,1.540749844933616,0.12995461709761602,0.06831338933247393,0.1886822572865843,0.6130497362833258
M3-split,short,2 % H2O,model,0.0,1.6059354097526826,0.12957601312689296,0.06820146552507148,0.18861384327217914,0.6136086780758564
M3-split,short,2 % H2O,model,0.0,1.6738788251564845,0.12930780780786127,0.06812205853652685,0.18856509012913017,0.6140050435264818
M3-split,short,2 % H2O,model,0.0,1.7446967694290683,0.12912097985390883,0.06806668608480375,0.18853098766497214,0.6142813463963154
M3-split,short,2 % H2O,model,0.0,1.8185108572430024,0.12899308263427728,0.06802875181122194,0.18850757480022814,0.6144705907542726
M3-split,short,2 % H2O,model,0.0,1.895447848506563,0.12890709156547983,0.068003234156678,0.18849180249001135,0.6145978717878309
M3-split,short,2 % H2O,model,0.0,1.9756398660467678,0.12885034728984365,0.06798638981028306,0.1884813809948754,0.614681881904998
M3-split,short,2 % H2O,model,0.0,2.0592246225020725,0.12881362289120063,0.0679754859174159,0.18847463053760502,0.6147362606537784
M3-split,short,2 % H2O,model,0.0,2.1463456568143684,0.12879033070836812,0.0679685692331156,0.1884703467628422,0.6147707532956741
M3-split,short,2 % H2O,model,0.0,2.2371525807264225,0.12877586476466077,0.06796427314839569,0.18846768534592792,0.6147921767410156
M3-split,short,2 % H2O,model,0.0,2.3318013357080383,0.12876707488177638,0.06796166259375423,0.1884660678558408,0.6148051946686287
M3-split,short,2 % H2O,model,0.0,2.4304544607521823,0.12876185382821637,0.06796011191403123,0.18846510696831256,0.6148129272894399
M3-split,short,2 % H2O,model,0.0,2.533281371500941,0.12875882489425264,0.06795921228745785,0.18846454947746774,0.6148174133408219
M3-split,short,2 % H2O,model,0.0,2.640458651180643,0.1287571103098719,0.06795870303118785,0.18846423388469477,0.6148199527742455
M3-split,short,2 % H2O,model,0.0,2.7521703538457944,0.1287561634860846,0.06795842180888122,0.18846405960349003,0.6148213551015442
M3-split,short,2 % H2O,model,0.0,2.868608320452539,0.12875565421104368,0.06795827054488346,0.18846396585899639,0.6148221093850764
M3-split,short,2 % H2O,model,0.0,2.9899725083044815,0.128755386886841,0.06795819114426166,0.1884639166498573,0.61482250531904
M3-split,short,2 % H2O,model,0.0,3.1164713344365755,0.12875524964179125,0.06795815037936118,0.1884638913842749,0.6148227085945727
M3-split,short,2 % H2O,model,0.0,3.2483220335268164,0.12875518077138662,0.06795812992283265,0.18846387870424247,0.6148228106015383
M3-split,short,2 % H2O,model,0.0,3.385751030950334,0.12875514610491318,0.0679581196254912,0.1884638723201212,0.6148228619494743
M3-split,short,2 % H2O,model,0.0,3.528994331616538,0.128755128025614,0.067958114254847,0.18846386898917225,0.6148228887303667
M3-split,short,2 % H2O,model,0.0,3.678297925257089,0.12875511790017335,0.06795811124656397,0.1884638671220992,0.6148229037311634
M3-split,short,2 % H2O,model,0.0,3.833918208860631,0.12875511127188813,0.06795810927701261,0.188463865898693,0.6148229135524064
M3-split,short,2 % H2O,model,0.0,3.9961224269797992,0.1287551063120613,0.06795810780292293,0.1884638649821619,0.6148229209028538
M3-split,short,2 % H2O,model,0.0,4.165189130666562,0.12875510197158024,0.06795810651273826,0.18846386417946617,0.6148229273362152
M3-split,short,2 % H2O,model,0.0,4.341408655824089,0.12875509781397113,0.06795810527682374,0.18846386341026955,0.6148229334989355
M3-split,short,2 % H2O,model,0.0,4.525083621796566,0.12875509345776887,0.06795810398188416,0.18846386260436584,0.614822939955981
M3-split,short,2 % H2O,model,0.0,4.716529451053179,0.12875508896338686,0.06795810264586861,0.1884638617728675,0.6148229466178771
M3-split,short,2 % H2O,model,0.0,4.916074910858767,0.1287550841463574,0.06795810121407164,0.18846386088189895,0.614822953757672
M3-split,short,2 % H2O,model,0.0,5.124062677861254,0.12875507918858545,0.0679580997407385,0.18846385996514406,0.6148229611055319
M3-split,short,2 % H2O,model,0.0,5.34084992656552,0.12875507407605447,0.06795809822086801,0.18846385901921311,0.6148229686838643
M3-split,short,2 % H2O,model,0.0,5.566808942704215,0.1287550687890041,0.06795809664897336,0.1884638580408261,0.6148229765211964
M3-split,short,2 % H2O,model,0.0,5.802327762558867,0.12875506328671582,0.06795809501336234,0.18846385702286175,0.61482298467706
M3-split,short,2 % H2O,model,0.0,6.047810839329224,0.12875505755621205,0.06795809330991733,0.1884638559626766,0.614822993171194
M3-split,short,2 % H2O,model,0.0,6.303679737695092,0.1287550515542638,0.06795809152579521,0.18846385485231312,0.6148230020676279
M3-split,short,2 % H2O,model,0.0,6.570373857763537,0.1287550452817765,0.06795808966127889,0.1884638536919414,0.6148230113650032
M3-split,short,2 % H2O,model,0.0,6.848351189644559,0.12875503873769578,0.0679580877160652,0.18846385248136752,0.6148230210648715
M3-split,short,2 % H2O,model,0.0,7.138089099951173,0.1287550319219779,0.06795808568996532,0.18846385122036344,0.6148230311676934
M3-split,short,2 % H2O,model,0.0,7.440085151574459,0.1287550248379141,0.0679580835839593,0.18846384990953044,0.6148230416685961
M3-split,short,2 % H2O,model,0.0,7.7548579581413986,0.12875501745753687,0.06795808139006852,0.18846384854412468,0.61482305260827
M3-split,short,2 % H2O,model,0.0,8.082948074622873,0.1287550097710804,0.06795807910508624,0.1884638471219551,0.6148230640018784
M3-split,short,2 % H2O,model,0.0,8.424918925621194,0.12875500174534452,0.06795807671948362,0.18846384563731813,0.6148230758978537
M3-split,short,2 % H2O,model,0.0,8.781357772931367,0.12875499337375781,0.067958074231148,0.18846384408880046,0.6148230883062938
M3-split,short,2 % H2O,model,0.0,9.1528767240376,0.1287549846460928,0.06795807163684667,0.1884638424742751,0.6148231012427854
M3-split,short,2 % H2O,model,0.0,9.540113783277015,0.12875497554467985,0.06795806893135885,0.18846384079049805,0.6148231147334634
M3-split,short,2 % H2O,model,0.0,9.943733947475618,0.12875496606597528,0.06795806611361646,0.18846383903674796,0.6148231287836604
M3-split,short,2 % H2O,model,0.0,10.36443034793812,0.1287549561920162,0.06795806317832423,0.18846383720978077,0.6148231434198788
M3-split,short,2 % H2O,model,0.0,10.802925440752704,0.1287549459018636,0.06795806011945339,0.18846383530602223,0.6148231586726608
M3-split,short,2 % H2O,model,0.0,11.259972247454842,0.12875493517649322,0.06795805693128353,0.18846383332185493,0.6148231745703684
M3-split,short,2 % H2O,model,0.0,11.736355648180727,0.12875492399222577,0.06795805360669706,0.18846383125278843,0.6148231911482887
M3-split,short,2 % H2O,model,0.0,12.23289372953102,0.12875491233505149,0.06795805014161199,0.18846382909634965,0.614823208426987
M3-split,short,2 % H2O,model,0.0,12.750439189459637,0.12875490018333438,0.06795804652928628,0.18846382684808,0.6148232264392993
M3-split,short,2 % H2O,model,0.0,13.289880801600054,0.1287548875167076,0.0679580427639502,0.18846382450462057,0.6148232452147215
M3-split,short,2 % H2O,model,0.0,13.852144941543997,0.12875487431868923,0.06795803884066037,0.18846382206284254,0.6148232647778079
M3-split,short,2 % H2O,model,0.0,14.438197177693354,0.12875486056202093,0.06795803475131536,0.18846381951772997,0.6148232851689338
M3-split,short,2 % H2O,model,0.0,15.049043929417392,0.12875484622338448,0.06795803048907102,0.18846381686510416,0.6148233064224403
M3-split,short,2 % H2O,model,0.0,15.685734195362725,0.12875483127684967,0.067958026046099,0.18846381409998236,0.614823328577069
M3-split,short,2 % H2O,model,0.0,16.34936135488421,0.12875481569649214,0.06795802141469724,0.18846381121757402,0.6148233516712367
M3-split,short,2 % H2O,model,0.0,17.041065045690072,0.1287547994578023,0.0679580165875512,0.1884638082132875,0.6148233757413589
M3-split,short,2 % H2O,model,0.0,17.762033120925942,0.1287547825326168,0.06795801155634562,0.18846380508200894,0.6148234008290288
M3-split,short,2 % H2O,model,0.0,18.51350368905859,0.12875476489193935,0.06795800631243806,0.18846380181833405,0.6148234269772885
M3-split,short,2 % H2O,model,0.0,19.29676724006232,0.12875474650443358,0.06795800084660529,0.18846379841661803,0.6148234542323431
M3-split,short,2 % H2O,model,0.0,20.113168861559622,0.12875472733927748,0.06795799514959838,0.18846379487101603,0.6148234826401081
M3-split,short,2 % H2O,model,0.0,20.964110548721372,0.12875470736239392,0.06795798921125679,0.18846379117517925,0.61482351225117
M3-split,short,2 % H2O,model,0.0,21.851053611893725,0.12875468654048008,0.06795798302172391,0.18846378732301083,0.6148235431147852
M3-split,short,2 % H2O,model,0.0,22.77552118608608,0.12875466483801154,0.06795797657042416,0.18846378330791144,0.6148235752836528
M3-split,short,2 % H2O,model,0.0,23.739100846629615,0.12875464221752378,0.06795796984624876,0.1884637791229949,0.6148236088132325
M3-split,short,2 % H2O,model,0.0,24.74344733549848,0.12875461864000992,0.06795796283759087,0.18846377476102938,0.6148236437613698
M3-split,short,2 % H2O,model,0.0,25.79028540297515,0.128754594064687,0.06795795553232568,0.18846377021446944,0.6148236801885179
M3-split,short,2 % H2O,model,0.0,26.88141276954016,0.12875456844966332,0.06795794791798841,0.18846376547553942,0.6148237181568088
M3-split,short,2 % H2O,model,0.0,28.01870321307253,0.1287545417510449,0.06795793998153993,0.1884637605361352,0.6148237577312801
M3-split,short,2 % H2O,model,0.0,29.204109786662425,0.12875451392292178,0.06795793170933413,0.1884637553877648,0.6148237989799794
M3-split,short,2 % H2O,model,0.0,30.439668172562268,0.12875448491740052,0.0679579230871397,0.18846375002157748,0.6148238419738823
M3-split,short,2 % H2O,model,0.0,31.727500178035505,0.12875445468465668,0.067957914100135,0.1884637444283367,0.6148238867868716
M3-split,short,2 % H2O,model,0.0,33.069817379106794,0.12875442317289654,0.06795790473292555,0.18846373859846308,0.614823933495715
M3-split,short,2 % H2O,model,0.0,34.46892491847074,0.12875439032796504,0.06795789496941733,0.18846373252194465,0.6148239821806731
M3-split,short,2 % H2O,model,0.0,35.92722546408158,0.12875435609342098,0.06795788479283087,0.18846372618833623,0.614824032925412
M3-split,short,2 % H2O,model,0.0,37.4472233352214,0.12875432041048868,0.06795787418569268,0.1884637195867609,0.6148240858170577
M3-split,short,2 % H2O,model,0.0,39.03152880313289,0.12875428321790483,0.06795786312979225,0.1884637127058854,0.6148241409464175
M3-split,short,2 % H2O,model,0.0,40.68286257360202,0.12875424445179529,0.06795785160614244,0.18846370553389283,0.6148241984081694
M3-split,short,2 % H2O,model,0.0,42.404060459188024,0.12875420404557883,0.06795783959495086,0.18846369805846427,0.614824258301006
M3-split,short,2 % H2O,model,0.0,44.1980782491253,0.1287541619298727,0.067957827075592,0.1884636902667619,0.6148243207277734
M3-split,short,2 % H2O,model,0.0,46.06799678525902,0.1287541180323548,0.06795781402656736,0.18846368214540582,0.6148243857956721
M3-split,short,2 % H2O,model,0.0,48.01702725273211,0.12875407227763572,0.06795780042546633,0.18846367368044725,0.6148244536164507
M3-split,short,2 % H2O,model,0.0,50.048516694508926,0.12875402458714494,0.06795778624893227,0.18846366485734903,0.6148245243065739
M3-split,short,2 % H2O,model,0.0,52.165953759205564,0.12875397487898566,0.06795777147262036,0.18846365566095902,0.6148245979874349
M3-split,short,2 % H2O,model,0.0,54.372974692097905,0.12875392306779304,0.06795775607115437,0.18846364607548285,0.6148246747855697
M3-split,short,2 % H2O,model,0.0,56.67336957959499,0.12875386906459446,0.06795774001808565,0.1884636360844588,0.6148247548328611
M3-split,short,2 % H2O,model,0.0,59.07108885790181,0.1287538127766515,0.06795772328584625,0.18846362567072825,0.614824838266774
M3-split,short,2 % H2O,model,0.0,61.57025009704871,0.1287537541073022,0.06795770584570167,0.1884636148164068,0.6148249252305893
M3-split,short,2 % H2O,model,0.0,64.17514507193687,0.1287536929557955,0.06795768766770195,0.1884636035028529,0.6148250158736496
M3-split,short,2 % H2O,model,0.0,66.89024713254423,0.12875362921711764,0.06795766872062986,0.1884635917106369,0.6148251103516157
M3-split,short,2 % H2O,model,0.0,69.72021888594699,0.1287535627818119,0.06795764897194737,0.1884635794195064,0.6148252088267343
M3-split,short,2 % H2O,model,0.0,72.66992020335023,0.1287534935357913,0.06795762838774001,0.18846356660835242,0.6148253114681163
M3-split,short,2 % H2O,model,0.0,75.74441656587685,0.12875342136014126,0.06795760693265822,0.18846355325517283,0.6148254184520276
M3-split,short,2 % H2O,model,0.0,78.94898776344854,0.12875334613091718,0.06795758456985704,0.18846353933703447,0.6148255299621914
M3-split,short,2 % H2O,model,0.0,82.28913696169538,0.12875326771893014,0.0679575612609325,0.1884635248300336,0.6148256461901038
M3-split,short,2 % H2O,model,0.0,85.7706001524658,0.12875318598952587,0.06795753696585598,0.18846350970925538,0.6148257673353629
M3-split,short,2 % H2O,model,0.0,89.39935600416594,0.12875310080235325,0.06795751164290513,0.1884634939487307,0.6148258936060109
M3-split,short,2 % H2O,model,0.0,93.18163612884342,0.12875301201112316,0.06795748524859246,0.18846347752139128,0.6148260252188932
M3-split,short,2 % H2O,model,0.0,97.1239357836489,0.1287529194633577,0.06795745773759064,0.18846346039902395,0.6148261624000276
M3-split,short,2 % H2O,model,0.0,101.23302502505048,0.1287528230001278,0.06795742906265449,0.18846344255222136,0.6148263053849963
M3-split,short,2 % H2O,model,0.0,105.51596033495792,0.12875272245578095,0.06795739917454004,0.18846342395033217,0.6148264544193469
M3-split,short,2 % H2O,model,0.0,109.98009673872109,0.12875261765765594,0.0679573680219198,0.18846340456140753,0.6148266097590167
M3-split,short,2 % H2O,model,0.0,114.63310043581247,0.12875250842578725,0.06795733555129471,0.18846338435214716,0.6148267716707708
M3-split,short,2 % H2O,model,0.0,119.48296196488577,0.12875239457259527,0.06795730170690223,0.1884633632878416,0.614826940432661
M3-split,short,2 % H2O,model,0.0,124.53800992581655,0.1287522759025647,0.06795726643062047,0.18846334133231238,0.6148271163345025
M3-split,short,2 % H2O,model,0.0,129.80692528229133,0.12875215221190844,0.06795722966186864,0.1884633184478504,0.6148272996783726
M3-split,short,2 % H2O,model,0.0,135.29875626950604,0.128752023288218,0.06795719133750264,0.1884632945951507,0.6148274907791287
M3-split,short,2 % H2O,model,0.0,141.02293393257435,0.1287518889100986,0.06795715139170694,0.18846326973324531,0.6148276899649492
M3-split,short,2 % H2O,model,0.0,146.9892883223311,0.12875174884678883,0.06795710975588136,0.18846324381943227,0.6148278975778976
M3-split,short,2 % H2O,model,0.0,153.20806537634184,0.12875160285776466,0.06795706635852329,0.18846321680920297,0.6148281139745091
M3-split,short,2 % H2O,model,0.0,159.68994451410924,0.12875145069232627,0.06795702112510478,0.18846318865616504,0.6148283395264038
M3-split,short,2 % H2O,model,0.0,166.4460569766914,0.12875129208916786,0.06795697397794498,0.18846315931196306,0.614828574620924
M3-split,short,2 % H2O,model,0.0,173.48800494222866,0.12875112677592823,0.06795692483607599,0.1884631287261952,0.6148288196618005
M3-split,short,2 % H2O,model,0.0,180.82788145020223,0.12875095446872403,0.06795687361510452,0.18846309684632664,0.6148290750698447
M3-split,short,2 % H2O,model,0.0,188.4782911686432,0.12875077487166153,0.06795682022706645,0.18846306361759957,0.6148293412836725
M3-split,short,2 % H2O,model,0.0,196.45237203995435,0.12875058767632916,0.06795676458027604,0.18846302898293862,0.6148296187604562
M3-split,short,2 % H2O,model,0.0,204.76381784251524,0.12875039256126722,0.06795670657916823,0.18846299288285298,0.6148299079767116
M3-split,short,2 % H2O,model,0.0,213.42690170681885,0.12875018919141668,0.06795664612413466,0.18846295525533432,0.6148302094291143
M3-split,short,2 % H2O,model,0.0,222.45650062652007,0.12874997721754317,0.06795658311135265,0.18846291603574997,0.6148305236353543
M3-split,short,2 % H2O,model,0.0,231.86812100648996,0.12874975627563795,0.06795651743260656,0.18846287515673177,0.6148308511350238
M3-split,short,2 % H2O,model,0.0,241.67792529175034,0.12874952598629213,0.06795644897510239,0.18846283254806054,0.614831192490545
M3-split,short,2 % H2O,model,0.0,251.90275972301498,0.1287492859540459,0.06795637762127359,0.18846278813654516,0.6148315482881354
M3-split,short,2 % H2O,model,0.0,262.5601832665064,0.12874903576670918,0.06795630324857939,0.18846274184589676,0.6148319191388147
M3-split,short,2 % H2O,model,0.0,273.668497767724,0.12874877499465376,0.06795622572929433,0.1884626935965977,0.6148323056794542
M3-split,short,2 % H2O,model,0.0,285.2467793809492,0.12874850319007594,0.06795614493028862,0.1884626433057646,0.6148327085738707
M3-split,short,2 % H2O,model,0.0,297.314911328461,0.1287482198862272,0.06795606071279992,0.18846259088700612,0.6148331285139669
M3-split,short,2 % H2O,model,0.0,309.89361804571615,0.12874792459661333,0.06795597293219455,0.18846253625027423,0.614833566220918
M3-split,short,2 % H2O,model,0.0,323.00450077113646,0.12874761681415836,0.06795588143771925,0.1884624793017093,0.6148340224464132
M3-split,short,2 % H2O,model,0.0,336.6700746416139,0.128747296010335,0.06795578607224229,0.18846241994347904,0.6148344979739437
M3-split,short,2 % H2O,model,0.0,350.91380735744417,0.12874696163425567,0.06795568667198348,0.18846235807360978,0.614834993620151
M3-split,short,2 % H2O,model,0.0,365.7601594830805,0.12874661311172853,0.0679555830662328,0.18846229358581146,0.6148355102362273
M3-split,short,2 % H2O,model,0.0,381.23462645292375,0.12874624984426958,0.06795547507705718,0.18846222636929458,0.6148360487093787
M3-split,short,2 % H2O,model,0.0,397.3637823542767,0.12874587120807668,0.06795536251899517,0.18846215630857982,0.6148366099643483
M3-split,short,2 % H2O,model,0.0,414.1753255626552,0.12874547655295784,0.06795524519873773,0.18846208328329922,0.6148371949650052
M3-split,short,2 % H2O,model,0.0,431.6981263078251,0.1287450652012149,0.06795512291479673,0.18846200716798925,0.614837804715999
M3-split,short,2 % H2O,model,0.0,449.9622762522443,0.12874463644648002,0.06795499545715859,0.18846192783187474,0.6148384402644868
M3-split,short,2 % H2O,model,0.0,468.99914016706043,0.128744189552503,0.06795486260692342,0.18846184513864409,0.6148391027019295
M3-split,short,2 % H2O,model,0.0,488.8414097943947,0.1287437237518874,0.06795472413592919,0.1884617589462147,0.6148397931659687
M3-split,short,2 % H2O,model,0.0,509.52315998841743,0.12874323824477257,0.06795457980635963,0.1884616691064883,0.6148405128423795
M3-split,short,2 % H2O,model,0.0,531.0799072316224,0.1287427321974609,0.06795442937033579,0.1884615754650961,0.6148412629671072
M3-split,short,2 % H2O,model,0.0,553.5486706267875,0.1287422047409862,0.06795427256949021,0.18846147786113326,0.6148420448283903
M3-split,short,2 % H2O,model,0.0,576.9680354693685,0.12874165496962198,0.06795410913452295,0.18846137612688166,0.6148428597689735
M3-split,short,2 % H2O,model,0.0,601.3782195094898,0.12874108193932648,0.0679539387847386,0.18846127008752145,0.6148437091884134
M3-split,short,2 % H2O,model,0.0,626.8211420173293,0.12874048466612206,0.06795376122756468,0.18846115956082987,0.6148445945454832
M3-split,short,2 % H2O,model,0.0,653.3404957704963,0.12873986212440594,0.06795357615804878,0.18846104435686753,0.6148455173606778
M3-split,short,2 % H2O,model,0.0,680.9818220870363,0.12873921324518942,0.0679533832583344,0.188460924277651,0.6148464792188252
M3-split,short,2 % H2O,model,0.0,709.7925890329016,0.128738536914263,0.06795318219711499,0.1884607991168125,0.6148474817718094
M3-split,short,2 % H2O,model,0.0,739.822272938202,0.1287378319702835,0.0679529726290647,0.18846066865924385,0.6148485267414079
M3-split,short,2 % H2O,model,0.0,771.1224433622212,0.12873709720278037,0.06795275419424501,0.1884605326807261,0.6148496159222484
M3-split,short,2 % H2O,model,0.0,803.7468516531015,0.12873633135007803,0.0679525265174863,0.18846039094754316,0.6148507511848924
M3-split,short,2 % H2O,model,0.0,837.7515232542927,0.1287355330971299,0.06795228920774316,0.18846024321607915,0.6148519344790477
M3-split,short,2 % H2O,model,0.0,873.1948539162647,0.12873470107326146,0.0679520418574225,0.18846008923239824,0.6148531678369177
M3-split,short,2 % H2O,model,0.0,910.1377099787206,0.12873383384981682,0.06795178404168307,0.18845992873180742,0.6148544533766926
M3-split,short,2 % H2O,model,0.0,948.6435328955174,0.1287329299377067,0.06795151531770552,0.18845976143839982,0.6148557933061879
M3-split,short,2 % H2O,model,0.0,988.7784481817904,0.1287319877848528,0.06795123522393129,0.18845958706457902,0.6148571899266368
M3-split,short,2 % H2O,model,0.0,1030.6113789703877,0.12873100577352356,0.06795094327926957,0.18845940531056307,0.6148586456366437
M3-split,short,2 % H2O,model,0.0,1074.214164372607,0.12872998221755744,0.06795063898227037,0.1884592158638675,0.6148601629363046
M3-split,short,2 % H2O,model,0.0,1119.6616828464998,0.12872891535946906,0.06795032181026286,0.18845901839876597,0.6148617444315021
M3-split,short,2 % H2O,model,0.0,1167.0319807846197,0.12872780336743284,0.06794999121845692,0.18845881257572852,0.6148633928383818
M3-split,short,2 % H2O,model,0.0,1216.4064065419916,0.1287266443321389,0.06794964663900686,0.18845859804083526,0.614865110988019
M3-split,short,2 % H2O,model,0.0,1267.8697501345325,0.1287254362635166,0.06794928748003547,0.18845837442516566,0.6148669018312822
M3-split,short,2 % H2O,model,0.0,1321.51038884775,0.12872417708732126,0.06794891312461704,0.18845814134416067,0.614868768443901
M3-split,short,2 % H2O,model,0.0,1377.4204390058364,0.12872286464156885,0.06794852292971569,0.18845789839696062,0.6148707140317549
M3-split,short,2 % H2O,model,0.0,1435.6959141617613,0.12872149667283037,0.06794811622508105,0.18845764516571104,0.6148727419363774
M3-split,short,2 % H2O,model,0.0,1496.4368899799936,0.12872007083236423,0.06794769231209585,0.188457381214841,0.6148748556406989
M3-split,short,2 % H2O,model,0.0,1559.747676095074,0.1287185846720856,0.06794725046257476,0.18845710609031052,0.6148770587750291
M3-split,short,2 % H2O,model,0.0,1625.7369952410816,0.12871703564036577,0.06794678991751255,0.18845681931882538,0.6148793551232963
M3-split,short,2 % H2O,model,0.0,1694.5181699596842,0.1287154210776537,0.06794630988577915,0.18845652040701877,0.6148817486295483
M3-split,short,2 % H2O,model,0.0,1766.2093172073767,0.12871373821191628,0.06794580954275997,0.1884562088405969,0.6148842434047267
M3-split,short,2 % H2O,model,0.0,1840.933551196067,0.12871198415387441,0.06794528802893644,0.18845588408345162,0.6148868437337375
M3-split,short,2 % H2O,model,0.0,1918.8191948154297,0.12871015589205195,0.06794474444840924,0.18845554557673042,0.6148895540828083
M3-split,short,2 % H2O,model,0.0,2000.0,0.1287082502876081,0.06794417786735736,0.1884551927378692,0.6148923791071652
M3-split,short,2 % H2O,model,1e-06,0.1,0.8756069592245428,0.07493761676898368,0.03265058801327224,0.01680483599320122
M3-split,short,2 % H2O,model,1e-06,0.10423076887097628,0.8705094149577317,0.07667158427725475,0.03448278697401395,0.018336213790999596
M3-split,short,2 % H2O,model,1e-06,0.10864053179434878,0.8651823284136716,0.07842699356875878,0.036401120410700906,0.019989557606868602
M3-split,short,2 % H2O,model,1e-06,0.11323686159476715,0.8596150229045801,0.08020195196591134,0.03840880691029068,0.02177421821921778
M3-split,short,2 % H2O,model,1e-06,0.11802765148558905,0.8537963411611057,0.08199439036750858,0.04050908122164624,0.023700187249739397
M3-split,short,2 % H2O,model,1e-06,0.12302112862378574,0.8477146436622314,0.08380204214155887,0.042705178706658936,0.025778135489550925
M3-split,short,2 % H2O,model,1e-06,0.12822586823832455,0.841357808868618,0.08562242306564297,0.04500031713482623,0.028019450930912848
M3-split,short,2 % H2O,model,1e-06,0.13365080835629065,0.8347132378209857,0.08745280972872845,0.04739767533133107,0.03043627711895476
M3-split,short,2 % H2O,model,1e-06,0.13930526515203676,0.8277678629294603,0.08929021783727735,0.04990036846699322,0.033041550766269176
M3-split,short,2 % H2O,model,1e-06,0.1451989489457201,0.8205081622058772,0.09113137999498683,0.05251141967446552,0.03584903812467031
M3-split,short,2 % H2O,model,1e-06,0.15134198087870035,0.8129201811452225,0.0929727215935062,0.05523372701554265,0.03887337024572851
M3-split,short,2 % H2O,model,1e-06,0.15774491029443527,0.8049895623611786,0.0948103364530741,0.05807002571375306,0.042130075471994224
M3-split,short,2 % H2O,model,1e-06,0.1644187328547217,0.7967015848432598,0.09663996186814125,0.06102284490649057,0.045635608382108464
M3-split,short,2 % H2O,model,1e-06,0.17137490942239292,0.7880412147604671,0.09845695264073943,0.06409445868884939,0.049407373909944
M3-split,short,2 % H2O,model,1e-06,0.17862538574289932,0.7789931695395939,0.10025625477830734,0.06728683033482011,0.05346374534727856
M3-split,short,2 % H2O,model,1e-06,0.18618261295857116,0.7695419971510066,0.10203237943578498,0.07060154919969618,0.05782407421351237
M3-split,short,2 % H2O,model,1e-06,0.19405956899079269,0.7596721731750702,0.10377937688696029,0.07403976014217666,0.06250868979579294
M3-split,short,2 % H2O,model,1e-06,0.20226978082680583,0.7493682181165643,0.10549081165570529,0.07760208422629725,0.06753888600143325
M3-split,short,2 % H2O,model,1e-06,0.21082734774941828,0.7386148380087436,0.10715973887654405,0.08128853063152283,0.07293689248318945
M3-split,short,2 % H2O,model,1e-06,0.2197469655495056,0.7273970910032982,0.10877868357851996,0.08509839884468967,0.07872582657349234
M3-split,short,2 % H2O,model,1e-06,0.22904395176288905,0.7157005836476049,0.11033962328431923,0.08903017101574935,0.08492962205232651
M3-split,short,2 % H2O,model,1e-06,0.23873427197492728,0.70351170037364,0.11183397515471626,0.0930813942921722,0.09157293017947161
M3-split,short,2 % H2O,model,1e-06,0.24883456723799433,0.6908178696539226,0.11325259001105714,0.09724855275535228,0.09868098757966795
M3-split,short,2 % H2O,model,1e-06,0.25936218264892796,0.6776078709042256,0.11458575406252812,0.10152692976450976,0.10627944526873646
M3-split,short,2 % H2O,model,1e-06,0.2703351971355234,0.6638721855342693,0.11582320120853831,0.1059104612059648,0.11439415205122754
M3-split,short,2 % H2O,model,1e-06,0.28177245450322547,0.649603395931112,0.11695413831113051,0.11039158094120595,0.1230508848165515
M3-split,short,2 % H2O,model,1e-06,0.2936935957953338,0.6347966352891057,0.11796728654642483,0.11496106050643808,0.1322750176580314
M3-split,short,2 % H2O,model,1e-06,0.3061190930222936,0.6194500911822153,0.11885094113449536,0.11960784636386931,0.14209112131942006
M3-split,short,2 % H2O,model,1e-06,0.3190702843179958,0.6035655629723297,0.1195930555237965,0.12431889809156255,0.15252248341231128
M3-split,short,2 % H2O,model,1e-06,0.33256941058345696,0.5871490741347538,0.12018135149722958,0.1290790338508612,0.16359054051715538
M3-split,short,2 % H2O,model,1e-06,0.34663965368081123,0.5702115360243831,0.12060346208373235,0.13387078954792375,0.17531421234396075
M3-split,short,2 % H2O,model,1e-06,0.36130517624319886,0.5527694584088517,0.12084711050600037,0.1386743013155175,0.18770912976963053
M3-split,short,2 % H2O,model,1e-06,0.37659116316892216,0.5348456968452524,0.12090033076418795,0.14346722258319863,0.20078674980736091
M3-split,short,2 % H2O,model,1e-06,0.39252386487112034,0.516470223048518,0.1207517349654615,0.14822468969541264,0.21455335229060782
M3-split,short,2 % H2O,model,1e-06,0.4091306423572408,0.49768089882593086,0.12039083012916629,0.15291935289363315,0.22900891815126953
M3-split,short,2 % H2O,model,1e-06,0.4264400142157162,0.4785242251742713,0.11980838925486613,0.15752149228960424,0.24414589328125821
M3-split,short,2 % H2O,model,1e-06,0.44448170559054145,0.45905603174817944,0.1189968757692491,0.16199924084615103,0.2599478516364203
M3-split,short,2 % H2O,model,1e-06,0.46328669922785054,0.43934205935890414,0.11795092191261114,0.1663189392404747,0.27638807948801
M3-split,short,2 % H2O,model,1e-06,0.4828872886821559,0.41945838144977204,0.11666785273833423,0.17044564691331657,0.2934281188985771
M3-split,short,2 % H2O,model,1e-06,0.503317133773622,0.39949159370292675,0.11514824663481518,0.17434383492444328,0.31101632473781476
M3-split,short,2 % H2O,model,1e-06,0.5246113183916065,0.37953869741021146,0.1133965117571118,0.17797827919585976,0.32908651163681696
M3-split,short,2 % H2O,model,1e-06,0.5468064107437368,0.3597065868994436,0.11142145216813022,0.18131516770883788,0.3475567932235883
M3-split,short,2 % H2O,model,1e-06,0.5699405261539854,0.3401110525803616,0.10923678391769856,0.1843234179792608,0.366328745522679
M3-split,short,2 % H2O,model,1e-06,0.5940533925175866,0.32087521281082587,0.10686155137338672,0.18697618119050896,0.38528705462527846
M3-split,short,2 % H2O,model,1e-06,0.6191864185251992,0.302127299180858,0.10432038077436465,0.18925247861273536,0.40429984143204195
M3-split,short,2 % H2O,model,1e-06,0.6453827647734762,0.28399775546339495,0.10164349958218676,0.19113887688126868,0.4232198680731496
M3-split,short,2 % H2O,model,1e-06,0.6726874178841584,0.26661565315018365,0.09886644500592648,0.19263106474476172,0.4418868370991281
M3-split,short,2 % H2O,model,1e-06,0.7011472677589756,0.2501044987276315,0.09602939088307674,0.1937351488571211,0.46013096153217065
M3-split,short,2 % H2O,model,1e-06,0.7308111881030229,0.23457759791873176,0.09317604247128937,0.1944684529407608,0.4777779066692181
M3-split,short,2 % H2O,model,1e-06,0.7617301203548975,0.2201332417857985,0.09035208621348789,0.194859596867459,0.49465507513325474
M3-split,short,2 % H2O,model,1e-06,0.7939571611677227,0.20685008244430075,0.08760324173558026,0.19494766914267508,0.5105990066774438
M3-split,short,2 % H2O,model,1e-06,0.8275476535912937,0.19478313665229546,0.08497303453385659,0.19478039793829463,0.5254634308755534
M3-split,short,2 % H2O,model,1e-06,0.8625592821119288,0.18396087948727888,0.08250048594910515,0.1944113769258367,0.5391272576377792
M3-split,short,2 % H2O,model,1e-06,0.8990521717132368,0.17438383142076186,0.08021797425804496,0.1938965859098557,0.5515016084113374
M3-split,short,2 % H2O,model,1e-06,0.9370889911279167,0.16602490037610537,0.07814953948507862,0.19329061930520466,0.5625349408336113
M3-split,short,2 % H2O,model,1e-06,0.9767350604579019,0.15883152868375824,0.07630986703971017,0.1926431395774512,0.5722154646990804
M3-split,short,2 % H2O,model,1e-06,1.0180584633476666,0.15272943993305765,0.07470408675294465,0.19199605811685774,0.5805704151971398
M3-split,short,2 % H2O,model,1e-06,1.0611301639033188,0.14762757682686398,0.07332839374780313,0.19138180376025554,0.5876622256650773
M3-split,short,2 % H2O,model,1e-06,1.1060241285582797,0.14342367323502692,0.0721713608381121,0.19082281181674485,0.5935821541101163
M3-split,short,2 % H2O,model,1e-06,1.1528174530948103,0.14000987141546908,0.07121571110840806,0.19033212034138866,0.5984422971347343
M3-split,short,2 % H2O,model,1e-06,1.2015904950395269,0.1372778775479663,0.07044028106761735,0.18991477900193626,0.6023670623824802
M3-split,short,2 % H2O,model,1e-06,1.2524270116602694,0.13512327630372675,0.06982191951258405,0.18956969287876232,0.6054851113049268
M3-split,short,2 % H2O,model,1e-06,1.3054143038012902,0.13344881218384638,0.06933713497323454,0.1892915477403675,0.6079225051025516
M3-split,short,2 % H2O,model,1e-06,1.3606433658037873,0.13216659693691096,0.06896338382882136,0.18907255204011633,0.6097974671941514
M3-split,short,2 % H2O,model,1e-06,1.4182090417692177,0.1311993214574109,0.06867996733273073,0.18890384497622353,0.6112168662336349
M3-split,short,2 % H2O,model,1e-06,1.4782101884337602,0.13048063122984294,0.06846856425348435,0.18877652182581803,0.6122742826908546
M3-split,short,2 % H2O,model,1e-06,1.540749844933616,0.12995485179412444,0.06831345871840666,0.18868229980197734,0.6130493896854915
M3-split,short,2 % H2O,model,1e-06,1.6059354097526826,0.12957625925614544,0.06820153841462985,0.188613888151962,0.6136083141772626
M3-split,short,2 % H2O,model,1e-06,1.6738788251564845,0.1293080619541242,0.0681221338940104,0.18856513669381025,0.6140046674580553
M3-split,short,2 % H2O,model,1e-06,1.7446967694290683,0.12912123963293373,0.06806676317784356,0.18853103541748234,0.6142809617717404
M3-split,short,2 % H2O,model,1e-06,1.8185108572430024,0.12899334624304834,0.06802883008628054,0.1885076233652665,0.6144702003054047
M3-split,short,2 % H2O,model,1e-06,1.895447848506563,0.12890735777595483,0.06800331323520004,0.1884918516081947,0.6145974773806504
M3-split,short,2 % H2O,model,1e-06,1.9756398660467678,0.12885061519566296,0.06798646941300929,0.18848143047508356,0.6146814849162442
M3-split,short,2 % H2O,model,1e-06,2.0592246225020725,0.12881389188958256,0.0679755658582959,0.18847468025191647,0.614735862000205
M3-split,short,2 % H2O,model,1e-06,2.1463456568143684,0.128790600389021,0.06796864938529053,0.18847039662366827,0.6147703536020203
M3-split,short,2 % H2O,model,1e-06,2.2371525807264225,0.12877613487414763,0.06796435343337842,0.18846773529883556,0.6147917763936385
M3-split,short,2 % H2O,model,1e-06,2.3318013357080383,0.12876734521833977,0.0679617429494738,0.18846611785851272,0.6148047939736736
M3-split,short,2 % H2O,model,1e-06,2.4304544607521823,0.12876212434418052,0.06796019232498775,0.18846515700872815,0.6148125263221035
M3-split,short,2 % H2O,model,1e-06,2.533281371500941,0.12875909548409117,0.06795929272149973,0.1884645995342421,0.6148170122601669
M3-split,short,2 % H2O,model,1e-06,2.640458651180643,0.12875738097561393,0.06795878348839841,0.18846428395696152,0.6148195515790262
M3-split,short,2 % H2O,model,1e-06,2.7521703538457944,0.12875643416674126,0.06795850227089817,0.18846410967940064,0.61482095388296
M3-split,short,2 % H2O,model,1e-06,2.868608320452539,0.1287559248819584,0.06795835100418827,0.18846401593356057,0.6148217081802928
M3-split,short,2 % H2O,model,1e-06,2.9899725083044815,0.1287556575940305,0.0679582716144387,0.18846396673133678,0.6148221040601941
M3-split,short,2 % H2O,model,1e-06,3.1164713344365755,0.1287555203498579,0.06795823084986569,0.1884639414660666,0.6148223073342098
M3-split,short,2 % H2O,model,1e-06,3.2483220335268164,0.12875545145322198,0.06795821038556175,0.18846392878125276,0.6148224093799636
M3-split,short,2 % H2O,model,1e-06,3.385751030950334,0.12875541681867847,0.06795820009770863,0.18846392240302634,0.6148224606805865
M3-split,short,2 % H2O,model,1e-06,3.528994331616538,0.12875539874102518,0.06795819472758077,0.18846391907243018,0.6148224874589638
M3-split,short,2 % H2O,model,1e-06,3.678297925257089,0.12875538862331143,0.06795819172159534,0.1884639172067866,0.6148225024483066
M3-split,short,2 % H2O,model,1e-06,3.833918208860631,0.12875538198880526,0.06795818975022111,0.18846391598227497,0.6148225122786987
M3-split,short,2 % H2O,model,1e-06,3.9961224269797992,0.12875537701121323,0.06795818827084972,0.1884639150624677,0.6148225196554694
M3-split,short,2 % H2O,model,1e-06,4.165189130666562,0.1287553726709545,0.06795818698072888,0.18846391425981157,0.614822526088505
M3-split,short,2 % H2O,model,1e-06,4.341408655824089,0.12875536849580152,0.06795818573959678,0.18846391348737748,0.6148225322772242
M3-split,short,2 % H2O,model,1e-06,4.525083621796566,0.12875536417944924,0.06795818445648415,0.18846391268879883,0.6148225386752677
M3-split,short,2 % H2O,model,1e-06,4.716529451053179,0.12875535966697363,0.06795818311509026,0.18846391185396827,0.6148225453639679
M3-split,short,2 % H2O,model,1e-06,4.916074910858767,0.12875535485612297,0.06795818168505562,0.18846391096407006,0.6148225524947514
M3-split,short,2 % H2O,model,1e-06,5.124062677861254,0.12875534990106774,0.06795818021216887,0.18846391004747656,0.6148225598392869
M3-split,short,2 % H2O,model,1e-06,5.34084992656552,0.12875534478254028,0.06795817869068711,0.18846390910060926,0.6148225674261634
M3-split,short,2 % H2O,model,1e-06,5.566808942704215,0.12875533949540027,0.0679581771190651,0.18846390812249517,0.6148225752630394
M3-split,short,2 % H2O,model,1e-06,5.802327762558867,0.12875533399137423,0.06795817548294202,0.18846390710421942,0.6148225834214642
M3-split,short,2 % H2O,model,1e-06,6.047810839329224,0.12875532825867633,0.06795817377881783,0.18846390604360597,0.6148225919188999
M3-split,short,2 % H2O,model,1e-06,6.303679737695092,0.12875532226319517,0.06795817199663846,0.18846390493445977,0.6148226008057065
M3-split,short,2 % H2O,model,1e-06,6.570373857763537,0.12875531598855913,0.06795817013151983,0.18846390377373543,0.6148226101061856
M3-split,short,2 % H2O,model,1e-06,6.848351189644559,0.12875530944609404,0.06795816818679058,0.18846390256346876,0.6148226198036466
M3-split,short,2 % H2O,model,1e-06,7.138089099951173,0.12875530262839802,0.06795816616012033,0.18846390130212481,0.6148226299093568
M3-split,short,2 % H2O,model,1e-06,7.440085151574459,0.12875529554327556,0.06795816405375506,0.18846389999104382,0.6148226404119255
M3-split,short,2 % H2O,model,1e-06,7.7548579581413986,0.1287552881615594,0.06795816185942358,0.1884638986253406,0.6148226513536764
M3-split,short,2 % H2O,model,1e-06,8.082948074622873,0.12875528047427184,0.06795815957422345,0.18846389720305828,0.6148226627484464
M3-split,short,2 % H2O,model,1e-06,8.424918925621194,0.12875527245261367,0.0679581571897919,0.18846389571912625,0.6148226746384681
M3-split,short,2 % H2O,model,1e-06,8.781357772931367,0.12875526407878551,0.0679581547008655,0.18846389417029302,0.6148226870500559
M3-split,short,2 % H2O,model,1e-06,9.1528767240376,0.12875525535268492,0.06795815210706546,0.188463892556105,0.6148226999841446
M3-split,short,2 % H2O,model,1e-06,9.540113783277015,0.12875524625134613,0.06795814940159808,0.18846389087235033,0.6148227134747054
M3-split,short,2 % H2O,model,1e-06,9.943733947475618,0.12875523677134346,0.06795814658347779,0.18846388911838072,0.6148227275267981
M3-split,short,2 % H2O,model,1e-06,10.36443034793812,0.12875522689775992,0.06795814364825911,0.18846388729142954,0.6148227421625514
M3-split,short,2 % H2O,model,1e-06,10.802925440752704,0.12875521660710434,0.06795814058920545,0.1884638853875324,0.6148227574161578
M3-split,short,2 % H2O,model,1e-06,11.259972247454842,0.12875520588180955,0.06795813740108535,0.18846388340342116,0.614822773313684
M3-split,short,2 % H2O,model,1e-06,11.736355648180727,0.12875519469770996,0.06795813407654726,0.18846388133438688,0.6148227898913559
M3-split,short,2 % H2O,model,1e-06,12.23289372953102,0.12875518304040798,0.06795813061146552,0.1884638791779887,0.6148228071701377
M3-split,short,2 % H2O,model,1e-06,12.750439189459637,0.1287551708891617,0.06795812699926955,0.18846387692979868,0.61482282518177
M3-split,short,2 % H2O,model,1e-06,13.289880801600054,0.12875515822251,0.06795812323391616,0.18846387458632816,0.6148228439572456
M3-split,short,2 % H2O,model,1e-06,13.852144941543997,0.1287551450243784,0.06795811931059664,0.18846387214453725,0.6148228635204877
M3-split,short,2 % H2O,model,1e-06,14.438197177693354,0.12875513126778906,0.06795811522126974,0.1884638695994325,0.6148228839115086
M3-split,short,2 % H2O,model,1e-06,15.049043929417392,0.12875511692892008,0.06795811095897572,0.1884638669467968,0.6148229051653074
M3-split,short,2 % H2O,model,1e-06,15.685734195362725,0.12875510198262205,0.06795810651609552,0.188463864181756,0.6148229273195264
M3-split,short,2 % H2O,model,1e-06,16.34936135488421,0.12875508640212335,0.06795810188465128,0.18846386129932954,0.6148229504138958
M3-split,short,2 % H2O,model,1e-06,17.041065045690072,0.12875507016348434,0.06795809705752445,0.1884638582950637,0.6148229744839275
M3-split,short,2 % H2O,model,1e-06,17.762033120925942,0.128755053238214,0.06795809202629034,0.18846385516376898,0.6148229995717266
M3-split,short,2 % H2O,model,1e-06,18.51350368905859,0.12875503559769014,0.0679580867824387,0.18846385190014264,0.6148230257197286
M3-split,short,2 % H2O,model,1e-06,19.29676724006232,0.12875501721022745,0.06795808131661779,0.18846384849843864,0.6148230529747161
M3-split,short,2 % H2O,model,1e-06,20.113168861559622,0.1287549980448584,0.06795807561957408,0.18846384495284682,0.6148230813827207
M3-split,short,2 % H2O,model,1e-06,20.964110548721372,0.12875497806796338,0.06795806968123551,0.18846384125702448,0.6148231109937767
M3-split,short,2 % H2O,model,1e-06,21.851053611893725,0.12875495724598368,0.06795806349168752,0.18846383740485825,0.6148231418574706
M3-split,short,2 % H2O,model,1e-06,22.77552118608608,0.12875493554359346,0.06795805704041263,0.18846383338978268,0.6148231740262113
M3-split,short,2 % H2O,model,1e-06,23.739100846629615,0.12875491292308128,0.06795805031623983,0.18846382920488386,0.6148232075557951
M3-split,short,2 % H2O,model,1e-06,24.74344733549848,0.12875488934556936,0.06795804330759514,0.18846382484294535,0.6148232425038902
M3-split,short,2 % H2O,model,1e-06,25.79028540297515,0.12875486477019446,0.06795803600232335,0.1884638202963984,0.6148232789310839
M3-split,short,2 % H2O,model,1e-06,26.88141276954016,0.12875483915517266,0.06795802838799467,0.18846381555748978,0.614823316899343
M3-split,short,2 % H2O,model,1e-06,28.01870321307253,0.12875481245652778,0.06795802045154725,0.18846381061810305,0.6148233564738219
M3-split,short,2 % H2O,model,1e-06,29.204109786662425,0.1287547846284192,0.0679580121793569,0.1884638054697613,0.6148233977224628
M3-split,short,2 % H2O,model,1e-06,30.439668172562268,0.12875475562286565,0.06795800355716496,0.1884638001035967,0.6148234407163727
M3-split,short,2 % H2O,model,1e-06,31.727500178035505,0.12875472539010555,0.06795799457016641,0.18846379451037976,0.6148234855293483
M3-split,short,2 % H2O,model,1e-06,33.069817379106794,0.12875469387833297,0.06795798520296464,0.18846378868053196,0.6148235322381704
M3-split,short,2 % H2O,model,1e-06,34.46892491847074,0.12875466103338395,0.06795797543946369,0.18846378260404026,0.614823580923112
M3-split,short,2 % H2O,model,1e-06,35.92722546408158,0.12875462679882044,0.06795796526288457,0.18846377627045982,0.6148236316678353
M3-split,short,2 % H2O,model,1e-06,37.4472233352214,0.12875459111586954,0.06795795465575417,0.18846376966891354,0.6148236845594627
M3-split,short,2 % H2O,model,1e-06,39.03152880313289,0.12875455392326704,0.06795794359986203,0.18846376278806826,0.6148237396888028
M3-split,short,2 % H2O,model,1e-06,40.68286257360202,0.1287545151571371,0.06795793207622086,0.18846375561610734,0.6148237971505347
M3-split,short,2 % H2O,model,1e-06,42.404060459188024,0.12875447475089902,0.06795792006503805,0.18846374814071162,0.6148238570433514
M3-split,short,2 % H2O,model,1e-06,44.1980782491253,0.12875443263517106,0.06795790754568848,0.18846374034904362,0.614823919470097
M3-split,short,2 % H2O,model,1e-06,46.06799678525902,0.12875438873762995,0.06795789449667351,0.18846373222772322,0.6148239845379734
M3-split,short,2 % H2O,model,1e-06,48.01702725273211,0.12875434298288677,0.06795788089558251,0.1884637237628019,0.6148240523587287
M3-split,short,2 % H2O,model,1e-06,50.048516694508926,0.12875429529237098,0.06795786671905894,0.1884637149397425,0.6148241230488277
M3-split,short,2 % H2O,model,1e-06,52.165953759205564,0.12875424558418563,0.06795785194275795,0.18846370574339294,0.6148241967296636
M3-split,short,2 % H2O,model,1e-06,54.372974692097905,0.1287541937729658,0.06795783654130336,0.18846369615795894,0.6148242735277719
M3-split,short,2 % H2O,model,1e-06,56.67336957959499,0.1287541397697388,0.06795782048824651,0.18846368616697887,0.6148243535750358
M3-split,short,2 % H2O,model,1e-06,59.07108885790181,0.1287540834817664,0.0679578037560195,0.18846367575329417,0.6148244370089199
M3-split,short,2 % H2O,model,1e-06,61.57025009704871,0.1287540248123862,0.06795778631588784,0.1884636648990204,0.6148245239727056
M3-split,short,2 % H2O,model,1e-06,64.17514507193687,0.12875396366084738,0.06795776813790151,0.1884636535855164,0.6148246146157347
M3-split,short,2 % H2O,model,1e-06,66.89024713254423,0.12875389992213604,0.06795774919084348,0.18846364179335223,0.6148247090936682
M3-split,short,2 % H2O,model,1e-06,69.72021888594699,0.12875383348679556,0.06795772944217557,0.1884636295022758,0.6148248075687531
M3-split,short,2 % H2O,model,1e-06,72.66992020335023,0.12875376424073837,0.06795770885798347,0.18846361669117828,0.6148249102100999
M3-split,short,2 % H2O,model,1e-06,75.74441656587685,0.12875369206505058,0.06795768740291754,0.1884636033380574,0.6148250171939744
M3-split,short,2 % H2O,model,1e-06,78.94898776344854,0.1287536168357869,0.06795766504013291,0.18846358941998018,0.6148251287041
M3-split,short,2 % H2O,model,1e-06,82.28913696169538,0.12875353842375867,0.06795764173122562,0.1884635749130432,0.6148252449319725
M3-split,short,2 % H2O,model,1e-06,85.7706001524658,0.1287534566943115,0.06795761743616707,0.18846355979233156,0.6148253660771897
M3-split,short,2 % H2O,model,1e-06,89.39935600416594,0.12875337150709412,0.06795759211323492,0.18846354403187615,0.6148254923477948
M3-split,short,2 % H2O,model,1e-06,93.18163612884342,0.1287532827158174,0.0679575657189418,0.18846352760460913,0.6148256239606317
M3-split,short,2 % H2O,model,1e-06,97.1239357836489,0.1287531901680034,0.06795753820796034,0.18846351048231708,0.614825761141719
M3-split,short,2 % H2O,model,1e-06,101.23302502505048,0.1287530937047228,0.0679575095330454,0.18846349263559303,0.6148259041266386
M3-split,short,2 % H2O,model,1e-06,105.51596033495792,0.12875299316032318,0.06795747964495308,0.18846347403378572,0.6148260531609381
M3-split,short,2 % H2O,model,1e-06,109.98009673872109,0.1287528883621431,0.06795744849235587,0.18846345464494638,0.6148262085005547
M3-split,short,2 % H2O,model,1e-06,114.63310043581247,0.128752779130217,0.06795741602175479,0.18846343443577493,0.6148263704122532
M3-split,short,2 % H2O,model,1e-06,119.48296196488577,0.1287526652769652,0.06795738217738732,0.18846341337156203,0.6148265391740854
M3-split,short,2 % H2O,model,1e-06,124.53800992581655,0.12875254660687224,0.06795734690113167,0.18846339141612944,0.6148267150758666
M3-split,short,2 % H2O,model,1e-06,129.80692528229133,0.12875242291615102,0.06795731013240704,0.18846336853176815,0.6148268984196738
M3-split,short,2 % H2O,model,1e-06,135.29875626950604,0.12875229399239288,0.06795727180806943,0.18846334467917353,0.6148270895203642
M3-split,short,2 % H2O,model,1e-06,141.02293393257435,0.1287521596142028,0.06795723186230324,0.1884633198173775,0.6148272887061165
M3-split,short,2 % H2O,model,1e-06,146.9892883223311,0.1287520195508194,0.06795719022650838,0.1884632939036785,0.6148274963189937
M3-split,short,2 % H2O,model,1e-06,153.20806537634184,0.12875187356171858,0.06795714682918243,0.18846326689356804,0.614827712715531
M3-split,short,2 % H2O,model,1e-06,159.68994451410924,0.12875172139620034,0.06795710159579745,0.1884632387406539,0.6148279382673483
M3-split,short,2 % H2O,model,1e-06,166.4460569766914,0.12875156279295855,0.06795705444867246,0.18846320939658115,0.6148281733617879
M3-split,short,2 % H2O,model,1e-06,173.48800494222866,0.12875139747963205,0.06795700530683982,0.18846317881094773,0.6148284184025803
M3-split,short,2 % H2O,model,1e-06,180.82788145020223,0.12875122517233725,0.06795695408590625,0.18846314693121966,0.6148286738105369
M3-split,short,2 % H2O,model,1e-06,188.4782911686432,0.12875104557518055,0.06795690069790766,0.18846311370263874,0.6148289400242731
M3-split,short,2 % H2O,model,1e-06,196.45237203995435,0.12875085837974956,0.0679568450511584,0.1884630790681301,0.6148292175009619
M3-split,short,2 % H2O,model,1e-06,204.76381784251524,0.12875066326458529,0.06795678705009349,0.18846304296820335,0.6148295067171179
M3-split,short,2 % H2O,model,1e-06,213.42690170681885,0.12875045989462783,0.06795672659510464,0.18846300534085028,0.6148298081694172
M3-split,short,2 % H2O,model,1e-06,222.45650062652007,0.12875024792064307,0.06795666358236921,0.18846296612143848,0.6148301223755492
M3-split,short,2 % H2O,model,1e-06,231.86812100648996,0.12875002697862173,0.06795659790367176,0.1884629252426002,0.6148304498751064
M3-split,short,2 % H2O,model,1e-06,241.67792529175034,0.1287497966891549,0.06795652944621822,0.18846288263411645,0.6148307912305105
M3-split,short,2 % H2O,model,1e-06,251.90275972301498,0.12874955665678256,0.0679564580924421,0.18846283822279639,0.614831147027979
M3-split,short,2 % H2O,model,1e-06,262.5601832665064,0.1287493064693144,0.06795638371980299,0.18846279193235174,0.6148315178785309
M3-split,short,2 % H2O,model,1e-06,273.668497767724,0.12874904569712203,0.0679563062005752,0.18846274368326502,0.6148319044190379
M3-split,short,2 % H2O,model,1e-06,285.2467793809492,0.1287487738924013,0.0679562254016293,0.18846269339265317,0.6148323073133163
M3-split,short,2 % H2O,model,1e-06,297.314911328461,0.12874849058840376,0.0679561411842029,0.1884626409741253,0.614832727253268
M3-split,short,2 % H2O,model,1e-06,309.89361804571615,0.12874819529863468,0.06795605340366241,0.1884625863376338,0.6148331649600691
M3-split,short,2 % H2O,model,1e-06,323.00450077113646,0.12874788751601804,0.06795596190925479,0.1884625293893195,0.6148336211854076
M3-split,short,2 % H2O,model,1e-06,336.6700746416139,0.12874756671202608,0.06795586654384837,0.18846247003135036,0.6148340967127751
M3-split,short,2 % H2O,model,1e-06,350.91380735744417,0.12874723233577118,0.06795576714366308,0.18846240816175341,0.6148345923588123
M3-split,short,2 % H2O,model,1e-06,365.7601594830805,0.12874688381306085,0.06795566353798897,0.1884623436742388,0.6148351089747113
M3-split,short,2 % H2O,model,1e-06,381.23462645292375,0.12874652054541108,0.06795555554889333,0.18846227645801766,0.6148356474476778
M3-split,short,2 % H2O,model,1e-06,397.3637823542767,0.12874614190901934,0.06795544299091452,0.18846220639761113,0.614836208702455
M3-split,short,2 % H2O,model,1e-06,414.1753255626552,0.12874574725369303,0.06795532567074385,0.1884621333726519,0.6148367937029111
M3-split,short,2 % H2O,model,1e-06,431.6981263078251,0.12874533590173393,0.0679552033868933,0.18846205725767684,0.6148374034536959
M3-split,short,2 % H2O,model,1e-06,449.9622762522443,0.12874490714677375,0.06795507592934939,0.18846197792191136,0.6148380390019654
M3-split,short,2 % H2O,model,1e-06,468.99914016706043,0.128744460252562,0.06795494307921246,0.18846189522904452,0.614838701439181
M3-split,short,2 % H2O,model,1e-06,488.8414097943947,0.1287439944517016,0.06795480460832068,0.1884618090369944,0.6148393919029833
M3-split,short,2 % H2O,model,1e-06,509.52315998841743,0.12874350894433165,0.06795466027885796,0.18846171919766322,0.6148401115791472
M3-split,short,2 % H2O,model,1e-06,531.0799072316224,0.12874300289675406,0.06795450984294552,0.18846162555668294,0.6148408617036175
M3-split,short,2 % H2O,model,1e-06,553.5486706267875,0.1287424754400022,0.06795435304221592,0.18846152795314952,0.6148416435646323
M3-split,short,2 % H2O,model,1e-06,576.9680354693685,0.12874192566834913,0.06795418960736936,0.1884614262193457,0.6148424585049358
M3-split,short,2 % H2O,model,1e-06,601.3782195094898,0.12874135263775258,0.06795401925771093,0.18846132018045214,0.6148433079240843
M3-split,short,2 % H2O,model,1e-06,626.8211420173293,0.1287407553642343,0.06795384170066833,0.18846120965424687,0.6148441932808505
M3-split,short,2 % H2O,model,1e-06,653.3404957704963,0.12874013282219102,0.06795365663128929,0.1884610944507913,0.6148451160957283
M3-split,short,2 % H2O,model,1e-06,680.9818220870363,0.12873948394263354,0.06795346373171754,0.1884609743721031,0.6148460779535458
M3-split,short,2 % H2O,model,1e-06,709.7925890329016,0.12873880761135173,0.06795326267064682,0.18846084921181525,0.6148470805061862
M3-split,short,2 % H2O,model,1e-06,739.822272938202,0.12873810266700172,0.06795305310275152,0.18846071875482057,0.6148481254754261
M3-split,short,2 % H2O,model,1e-06,771.1224433622212,0.12873736789911244,0.06795283466809336,0.1884605827769011,0.614849214655893
M3-split,short,2 % H2O,model,1e-06,803.7468516531015,0.12873660204600765,0.06795260699150302,0.1884604410443417,0.6148503499181477
M3-split,short,2 % H2O,model,1e-06,837.7515232542927,0.12873580379264002,0.06795236968193535,0.18846029331352765,0.614851533211897
M3-split,short,2 % H2O,model,1e-06,873.1948539162647,0.12873497176833432,0.06795212233179761,0.1884601393305242,0.6148527665693438
M3-split,short,2 % H2O,model,1e-06,910.1377099787206,0.12873410454443387,0.06795186451624885,0.18845997883063947,0.6148540521086778
M3-split,short,2 % H2O,model,1e-06,948.6435328955174,0.1287332006318487,0.06795159579247,0.18845981153796787,0.6148553920377134
M3-split,short,2 % H2O,model,1e-06,988.7784481817904,0.12873225847849967,0.0679513156989029,0.1884596371649142,0.6148567886576832
M3-split,short,2 % H2O,model,1e-06,1030.6113789703877,0.12873127646665425,0.06795102375445707,0.18845945541169787,0.6148582443671907
M3-split,short,2 % H2O,model,1e-06,1074.214164372607,0.12873025291015017,0.0679507194576829,0.1884592659658357,0.6148597616663313
M3-split,short,2 % H2O,model,1e-06,1119.6616828464998,0.12872918605150108,0.0679504022859099,0.18845906850160285,0.6148613431609862
M3-split,short,2 % H2O,model,1e-06,1167.0319807846197,0.12872807405888034,0.06795007169434841,0.18845886267947082,0.6148629915673004
M3-split,short,2 % H2O,model,1e-06,1216.4064065419916,0.12872691502297726,0.06794972711515315,0.18845864814552132,0.6148647097163482
M3-split,short,2 % H2O,model,1e-06,1267.8697501345325,0.12872570695371996,0.06794936795644733,0.18845842453083542,0.6148665005589973
M3-split,short,2 % H2O,model,1e-06,1321.51038884775,0.12872444777686276,0.0679489936013057,0.18845819145085577,0.6148683671709758
M3-split,short,2 % H2O,model,1e-06,1377.4204390058364,0.12872313533042043,0.06794860340669287,0.1884579485047244,0.6148703127581623
M3-split,short,2 % H2O,model,1e-06,1435.6959141617613,0.12872176736096283,0.06794819670235895,0.1884576952745887,0.6148723406620894
M3-split,short,2 % H2O,model,1e-06,1496.4368899799936,0.12872034151974715,0.06794777278968715,0.18845743132487974,0.6148744543656859
M3-split,short,2 % H2O,model,1e-06,1559.747676095074,0.12871885535868724,0.06794733094049274,0.1884571562015594,0.6148766574992606
M3-split,short,2 % H2O,model,1e-06,1625.7369952410816,0.12871730632615302,0.06794687039577103,0.1884568694313356,0.6148789538467403
M3-split,short,2 % H2O,model,1e-06,1694.5181699596842,0.12871569176259215,0.06794639036439254,0.18845657052084375,0.6148813473521716
M3-split,short,2 % H2O,model,1e-06,1766.2093172073767,0.1287140088959698,0.06794589002174324,0.18845625895579232,0.6148838421264945
M3-split,short,2 % H2O,model,1e-06,1840.933551196067,0.12871225483700566,0.06794536850830528,0.18845593420007545,0.6148864424546135
M3-split,short,2 % H2O,model,1e-06,1918.8191948154297,0.12871042657422194,0.06794482492817995,0.18845559569484305,0.614889152802755
M3-split,short,2 % H2O,model,1e-06,2000.0,0.12870852096877608,0.06794425834754694,0.18845524285753368,0.6148919778261432
M3-split,short,2 % H2O,measured,,1.0772222222222223,-0.0010711191791421,0.0474570978595056,0.3110819331643747,0.6646627372176465
M3-split,short,2 % H2O,measured,,34.08638888888889,-0.0098593038586997,0.0334572695449766,0.3194433195126915,0.6665102412244548
M3-split,short,2 % H2O,measured,,73.07861111111112,0.0002907167844127,0.0334362654249292,0.3148079220219537,0.6665862072580934
M3-split,short,2 % H2O,measured,,97.08305555555556,0.0086596375712932,0.0358955628262214,0.3164927413342183,0.6567827099376988
M3-split,short,2 % H2O,measured,,121.08472222222224,-0.0020310606665759,0.0397880334356645,0.3151206704105191,0.6581188452484922
M3-split,short,2 % H2O,measured,,146.09472222222223,-0.0011376573631658,0.0418159161497612,0.3143935369194698,0.6603572661300198
M3-split,middle,0.5 % H2O,model,0.0,0.1,0.9999999997746329,2.2097370376859662e-10,4.347841516155943e-12,4.550307965443481e-14
M3-split,middle,0.5 % H2O,model,0.0,0.10423076887097628,0.999999999764902,2.3032569622151793e-10,4.721994384599778e-12,5.0436862201961646e-14
M3-split,middle,0.5 % H2O,model,0.0,0.10864053179434878,0.9999999997547423,2.4007358438673535e-10,5.128438880184873e-12,5.581389101276902e-14
M3-split,middle,0.5 % H2O,model,0.0,0.11323686159476715,0.9999999997441343,2.5023413796116725e-10,5.569963598626882e-12,6.167318166475414e-14
M3-split,middle,0.5 % H2O,model,0.0,0.11802765148558905,0.9999999997330575,2.608248378797979e-10,6.049598018608064e-12,6.805715121299207e-14
M3-split,middle,0.5 % H2O,model,0.0,0.12302112862378574,0.9999999997214903,2.718639065578068e-10,6.5706333125317315e-12,7.501191337838091e-14
M3-split,middle,0.5 % H2O,model,0.0,0.12822586823832455,0.9999999997094103,2.833703394252459e-10,7.1366449553174815e-12,8.258759929643371e-14
M3-split,middle,0.5 % H2O,model,0.0,0.13365080835629065,0.9999999996967938,2.953639378100777e-10,7.751517286592452e-12,9.083870603704602e-14
M3-split,middle,0.5 % H2O,model,0.0,0.13930526515203676,0.9999999996836154,3.0786534322784783e-10,8.419470195057119e-12,9.982447529719206e-14
M3-split,middle,0.5 % H2O,model,0.0,0.1451989489457201,0.9999999996698493,3.208960731388362e-10,9.145088108387366e-12,1.0960930487614615e-13
M3-split,middle,0.5 % H2O,model,0.0,0.15134198087870035,0.9999999996554654,3.3448068583274456e-10,9.931460940884796e-12,1.2239067850659982e-13
M3-split,middle,0.5 % H2O,model,0.0,0.15774491029443527,0.999999999640435,3.4864289806642106e-10,1.0783702665055237e-11,1.385786135558519e-13
M3-split,middle,0.5 % H2O,model,0.0,0.1644187328547217,0.9999999996247289,3.634053813545294e-10,1.1709205530408414e-11,1.565519404188686e-13
M3-split,middle,0.5 % H2O,model,0.0,0.17137490942239292,0.9999999996083158,3.7879362687462134e-10,1.271428373592883e-11,1.7648128547823008e-13
M3-split,middle,0.5 % H2O,model,0.0,0.17862538574289932,0.9999999995911615,3.9483421249390866e-10,1.3805796386028262e-11,1.9855271025632413e-13
M3-split,middle,0.5 % H2O,model,0.0,0.18618261295857116,0.9999999995732312,4.115548494545712e-10,1.4991194544717154e-11,2.2296907437520891e-13
M3-split,middle,0.5 % H2O,model,0.0,0.19405956899079269,0.999999999554487,4.2898443109555826e-10,1.627857235429856e-11,2.4995151752229764e-13
M3-split,middle,0.5 % H2O,model,0.0,0.20226978082680583,0.9999999995348904,4.4715308370234304e-10,1.7676722569729783e-11,2.7974107075701066e-13
M3-split,middle,0.5 % H2O,model,0.0,0.21082734774941828,0.9999999995144,4.66092219580419e-10,1.9195196890135857e-11,3.1260040838877855e-13
M3-split,middle,0.5 % H2O,model,0.0,0.2197469655495056,0.9999999994929722,4.858345924528737e-10,2.084437150191843e-11,3.4881575262944217e-13
M3-split,middle,0.5 % H2O,model,0.0,0.22904395176288905,0.9999999994705614,5.064143552871642e-10,2.2635518283711993e-11,3.8869894427992505e-13
M3-split,middle,0.5 % H2O,model,0.0,0.23873427197492728,0.9999999994471194,5.278671206612532e-10,2.4580882162340796e-11,4.3258969385928347e-13
M3-split,middle,0.5 % H2O,model,0.0,0.24883456723799433,0.9999999994225938,5.502313978860262e-10,2.6692523066828904e-11,4.822320087573365e-13
M3-split,middle,0.5 % H2O,model,0.0,0.25936218264892796,0.999999999396927,5.735497818227604e-10,2.8981392100315045e-11,5.418997749043876e-13
M3-split,middle,0.5 % H2O,model,0.0,0.2703351971355234,0.9999999993700653,5.978597442155245e-10,3.146581676718842e-11,6.091231021359967e-13
M3-split,middle,0.5 % H2O,model,0.0,0.28177245450322547,0.9999999993419489,6.23203891337944e-10,3.416240142887548e-11,6.848764781914585e-13
M3-split,middle,0.5 % H2O,model,0.0,0.2936935957953338,0.9999999993125137,6.496267177601422e-10,3.7089146430227994e-11,7.702613356389866e-13
M3-split,middle,0.5 % H2O,model,0.0,0.3061190930222936,0.9999999992816933,6.77174697502174e-10,4.0265563595249856e-11,8.665226856402968e-13
M3-split,middle,0.5 % H2O,model,0.0,0.3190702843179958,0.9999999992494156,7.058963805277606e-10,4.371280102396089e-11,9.750679391371441e-13
M3-split,middle,0.5 % H2O,model,0.0,0.33256941058345696,0.9999999992156062,7.358424950000535e-10,4.745377790428015e-11,1.0974882037772037e-12
M3-split,middle,0.5 % H2O,model,0.0,0.34663965368081123,0.9999999991801849,7.670660182046658e-10,5.151347757413166e-11,1.2355446192810977e-12
M3-split,middle,0.5 % H2O,model,0.0,0.36130517624319886,0.999999999143067,7.996221754885534e-10,5.591956127812467e-11,1.3910787118915281e-12
M3-split,middle,0.5 % H2O,model,0.0,0.37659116316892216,0.9999999991041636,8.335690691351218e-10,6.070054979582214e-11,1.5665523366783852e-12
M3-split,middle,0.5 % H2O,model,0.0,0.39252386487112034,0.99999999906338,8.689672833410962e-10,6.588806975113437e-11,1.7645542529103647e-12
M3-split,middle,0.5 % H2O,model,0.0,0.4091306423572408,0.9999999990206152,9.058801945090227e-10,7.151637897930518e-11,1.9880117462329338e-12
M3-split,middle,0.5 % H2O,model,0.0,0.4264400142157162,0.999999998975763,9.443741195222572e-10,7.762258044459202e-11,2.2402350905428672e-12
M3-split,middle,0.5 % H2O,model,0.0,0.44448170559054145,0.9999999989287098,9.845184742681993e-10,8.424685286355477e-11,2.5249678655260624e-12
M3-split,middle,0.5 % H2O,model,0.0,0.46328669922785054,0.9999999988793349,1.026385943368229e-09,9.143269924205706e-11,2.84644390241629e-12
M3-split,middle,0.5 % H2O,model,0.0,0.4828872886821559,0.9999999988275108,1.0700526621827285e-09,9.922721460731673e-11,3.209451732575507e-12
M3-split,middle,0.5 % H2O,model,0.0,0.503317133773622,0.9999999987731009,1.1155984122833104e-09,1.0768137429178194e-10,3.619407529027669e-12
M3-split,middle,0.5 % H2O,model,0.0,0.5246113183916065,0.9999999987159603,1.163106831723723e-09,1.168503442028935e-10,4.082437661881314e-12
M3-split,middle,0.5 % H2O,model,0.0,0.5468064107437368,0.999999998655935,1.2126656415979373e-09,1.2679381459147358e-10,4.605472136671693e-12
M3-split,middle,0.5 % H2O,model,0.0,0.5699405261539854,0.9999999985928572,1.2643674589177916e-09,1.3757848530074403e-10,5.196914119386147e-12
M3-split,middle,0.5 % H2O,model,0.0,0.5940533925175866,0.9999999985265517,1.318308839403545e-09,1.4927388133761974e-10,5.865547988809164e-12
M3-split,middle,0.5 % H2O,model,0.0,0.6191864185251992,0.9999999984568326,1.374591184159534e-09,1.61955088213253e-10,6.621290246609337e-12
M3-split,middle,0.5 % H2O,model,0.0,0.6453827647734762,0.9999999983834992,1.4333212788213707e-09,1.7570405188580217e-10,7.475569690538978e-12
M3-split,middle,0.5 % H2O,model,0.0,0.6726874178841584,0.9999999983063378,1.494611448399404e-09,1.9060937260518777e-10,8.441319962430133e-12
M3-split,middle,0.5 % H2O,model,0.0,0.7011472677589756,0.99999999822512,1.558579926538537e-09,2.0676682352656752e-10,9.533178087951718e-12
M3-split,middle,0.5 % H2O,model,0.0,0.7308111881030229,0.9999999981396012,1.6253512582300502e-09,2.2427990667851737e-10,1.0767709241708852e-11
M3-split,middle,0.5 % H2O,model,0.0,0.7617301203548975,0.9999999980495192,1.6950567397484094e-09,2.4326044852672033e-10,1.2163661204398055e-11
M3-split,middle,0.5 % H2O,model,0.0,0.7939571611677227,0.9999999979545879,1.7678331378625095e-09,2.6383844984399034e-10,1.3740475576739331e-11
M3-split,middle,0.5 % H2O,model,0.0,0.8275476535912937,0.9999999978545094,1.8438275965864505e-09,2.861398743705028e-10,1.5523029457234752e-11
M3-split,middle,0.5 % H2O,model,0.0,0.8625592821119288,0.9999999977489605,1.9231945282636325e-09,3.1030665832885316e-10,1.7538285783001782e-11
M3-split,middle,0.5 % H2O,model,0.0,0.8990521717132368,0.9999999976375938,2.006097263460323e-09,3.3649219244579536e-10,1.9816732710026583e-11
M3-split,middle,0.5 % H2O,model,0.0,0.9370889911279167,0.9999999975200362,2.0927087609920007e-09,3.6486210613508545e-10,2.239286549617287e-11
M3-split,middle,0.5 % H2O,model,0.0,0.9767350604579019,0.9999999973958861,2.1832120210877916e-09,3.9559641564530403e-10,2.5305359570330176e-11
M3-split,middle,0.5 % H2O,model,0.0,1.0180584633476666,0.9999999972647077,2.277798686154501e-09,4.288983033861952e-10,2.8595409577404944e-11
M3-split,middle,0.5 % H2O,model,0.0,1.0611301639033188,0.9999999971260364,2.3766760685461347e-09,4.6497401626799064e-10,3.231353576296118e-11
M3-split,middle,0.5 % H2O,model,0.0,1.1060241285582797,0.9999999969793699,2.4800629736787203e-09,5.040520799217858e-10,3.65151057986066e-11
M3-split,middle,0.5 % H2O,model,0.0,1.1528174530948103,0.9999999968241654,2.5881922057831346e-09,5.463797740992664e-10,4.126256788607466e-11
M3-split,middle,0.5 % H2O,model,0.0,1.2015904950395269,0.9999999966598371,2.7013124897821522e-09,5.922232878552133e-10,4.662707428640117e-11
M3-split,middle,0.5 % H2O,model,0.0,1.2524270116602694,0.9999999964857514,2.8196891951241268e-09,6.418705641704207e-10,5.2688903114564774e-11
M3-split,middle,0.5 % H2O,model,0.0,1.3054143038012902,0.9999999963012226,2.9436043293936796e-09,6.956359753919386e-10,5.953714261563474e-11
M3-split,middle,0.5 % H2O,model,0.0,1.3606433658037873,0.9999999961055085,3.0733602226521966e-09,7.538583594041256e-10,6.72730287297806e-11
M3-split,middle,0.5 % H2O,model,0.0,1.4182090417692177,0.9999999958978042,3.2092805878719805e-09,8.169046375183172e-10,7.601066317285302e-11
M3-split,middle,0.5 % H2O,model,0.0,1.4782101884337602,0.9999999956772366,3.3517124871746835e-09,8.851722741241802e-10,8.587861753684512e-11
M3-split,middle,0.5 % H2O,model,0.0,1.540749844933616,0.9999999954428577,3.5010285079745573e-09,9.590919877456162e-10,9.70217316328002e-11
M3-split,middle,0.5 % H2O,model,0.0,1.6059354097526826,0.9999999951936328,3.6576356050900042e-09,1.039121985407867e-09,1.0960950825974558e-10
M3-split,middle,0.5 % H2O,model,0.0,1.6738788251564845,0.9999999949284414,3.821963863735931e-09,1.125770218690841e-09,1.2382457974181266e-10
M3-split,middle,0.5 % H2O,model,0.0,1.7446967694290683,0.9999999946460607,3.994479601551193e-09,1.2195842504747785e-09,1.398752967899098e-10
M3-split,middle,0.5 % H2O,model,0.0,1.8185108572430024,0.9999999943451585,4.17568696457971e-09,1.3211576460172168e-09,1.579968901745873e-10
M3-split,middle,0.5 % H2O,model,0.0,1.895447848506563,0.9999999940242794,4.366131304788317e-09,1.4311349000523532e-09,1.7845438236034994e-10
M3-split,middle,0.5 % H2O,model,0.0,1.9756398660467678,0.999999993681829,4.5664114033314275e-09,1.550205348449767e-09,2.0155423485649617e-10
M3-split,middle,0.5 % H2O,model,0.0,2.0592246225020725,0.9999999933160674,4.777170217243956e-09,1.679127706119301e-09,2.2763473126793744e-10
M3-split,middle,0.5 % H2O,model,0.0,2.1463456568143684,0.9999999929250892,4.9991066208902775e-09,1.818727263023668e-09,2.570771131210941e-10
M3-split,middle,0.5 % H2O,model,0.0,2.2371525807264225,0.9999999925068037,5.232983285333466e-09,1.9698999464849444e-09,2.9031287643972015e-10
M3-split,middle,0.5 % H2O,model,0.0,2.3318013357080383,0.9999999920589144,5.479636718324003e-09,2.1336156964274353e-09,3.278331512742532e-10
M3-split,middle,0.5 % H2O,model,0.0,2.4304544607521823,0.9999999915788953,5.739981394899837e-09,2.3109311417429913e-09,3.701922766750986e-10
M3-split,middle,0.5 % H2O,model,0.0,2.533281371500941,0.9999999910639705,6.015013635528166e-09,2.503004828665867e-09,4.1801111385395226e-10
M3-split,middle,0.5 % H2O,model,0.0,2.640458651180643,0.9999999905110801,6.305828325831448e-09,2.711098731704261e-09,4.719929520002084e-10
M3-split,middle,0.5 % H2O,model,0.0,2.7521703538457944,0.9999999899168402,6.613635547641959e-09,2.9365849713861585e-09,5.329392002225551e-10
M3-split,middle,0.5 % H2O,model,0.0,2.868608320452539,0.9999999892775204,6.939759201774e-09,3.180972613746776e-09,6.017476987321991e-10
M3-split,middle,0.5 % H2O,model,0.0,2.9899725083044815,0.999999988588991,7.285660597045744e-09,3.4459132559358948e-09,6.794351852761174e-10
M3-split,middle,0.5 % H2O,model,0.0,3.1164713344365755,0.9999999878466629,7.65296416514231e-09,3.733211061753963e-09,7.671617061599193e-10
M3-split,middle,0.5 % H2O,model,0.0,3.2483220335268164,0.9999999870454583,8.043455631098706e-09,4.044857201047576e-09,8.662287316506866e-10
M3-split,middle,0.5 % H2O,model,0.0,3.385751030950334,0.999999986179734,8.45911328391959e-09,4.383043924764602e-09,9.781089769049342e-10
M3-split,middle,0.5 % H2O,model,0.0,3.528994331616538,0.9999999852432075,8.902133346132288e-09,4.7501885060468094e-09,1.104470621708956e-09
M3-split,middle,0.5 % H2O,model,0.0,3.678297925257089,0.9999999842288395,9.374988120904458e-09,5.148939750939381e-09,1.2472328178019834e-09
M3-split,middle,0.5 % H2O,model,0.0,3.833918208860631,0.9999999831288159,9.88039248730732e-09,5.582257712910867e-09,1.4085339520909837e-09
M3-split,middle,0.5 % H2O,model,0.0,3.9961224269797992,0.9999999819343857,1.0421385998135775e-08,6.053418309808313e-09,1.5908101405052854e-09
M3-split,middle,0.5 % H2O,model,0.0,4.165189130666562,0.9999999806357018,1.100139703787898e-08,6.566044705410273e-09,1.7968563911320934e-09
M3-split,middle,0.5 % H2O,model,0.0,4.341408655824089,0.9999999792217354,1.1624248383234005e-08,7.124183268059391e-09,2.0298327672030744e-09
M3-split,middle,0.5 % H2O,model,0.0,4.525083621796566,0.9999999776801022,1.2294216840028187e-08,7.73235930972428e-09,2.2933217418595942e-09
M3-split,middle,0.5 % H2O,model,0.0,4.716529451053179,0.9999999759967723,1.3016160929457059e-08,8.395617871402284e-09,2.5914490448902037e-09
M3-split,middle,0.5 % H2O,model,0.0,4.916074910858767,0.9999999741559569,1.3795523863692977e-08,9.119630094556819e-09,2.9288891786894087e-09
M3-split,middle,0.5 % H2O,model,0.0,5.124062677861254,0.9999999721397868,1.4638456416773914e-08,9.910774631413308e-09,3.3109821192001664e-09
M3-split,middle,0.5 % H2O,model,0.0,5.34084992656552,0.999999969927922,1.5551964851541318e-08,1.077624044068716e-08,3.743872817538708e-09
M3-split,middle,0.5 % H2O,model,0.0,5.566808942704215,0.9999999674973004,1.654397045522854e-08,1.172415717915662e-08,4.2345720592418884e-09
M3-split,middle,0.5 % H2O,model,0.0,5.802327762558867,0.9999999648216124,1.7623498294705147e-08,1.2763756764039828e-08,4.791132578720144e-09
M3-split,middle,0.5 % H2O,model,0.0,6.047810839329224,0.9999999618708117,1.880084792486189e-08,1.3905525534468558e-08,5.4228146510430355e-09
M3-split,middle,0.5 % H2O,model,0.0,6.303679737695092,0.9999999586104776,2.0087805823200893e-08,1.5161431430055046e-08,6.140285059349979e-09
M3-split,middle,0.5 % H2O,model,0.0,6.570373857763537,0.9999999550010528,2.1497904497052245e-08,1.654518284957208e-08,6.9558597894181575e-09
M3-split,middle,0.5 % H2O,model,0.0,6.848351189644559,0.999999950997023,2.3046705636861147e-08,1.8072496166504265e-08,7.883775267611842e-09
M3-split,middle,0.5 % H2O,model,0.0,7.138089099951173,0.9999999465457794,2.475218115476138e-08,1.976150453989931e-08,8.940534948104923e-09
M3-split,middle,0.5 % H2O,model,0.0,7.440085151574459,0.9999999415864272,2.6635131234411976e-08,2.163313399893161e-08,1.0145307624689328e-08
M3-split,middle,0.5 % H2O,model,0.0,7.7548579581413986,0.9999999360481598,2.8719732730857067e-08,2.371168867119193e-08,1.1520418833352789e-08
M3-split,middle,0.5 % H2O,model,0.0,8.082948074622873,0.9999999298484934,3.103415439403736e-08,2.602542589482893e-08,1.3091926293685768e-08
M3-split,middle,0.5 % H2O,model,0.0,8.424918925621194,0.9999999228908839,3.361137780634437e-08,2.8607393151961826e-08,1.4890345199721294e-08
M3-split,middle,0.5 % H2O,model,0.0,8.781357772931367,0.9999999150620743,3.649011906461482e-08,3.149631798565361e-08,1.6951488688486218e-08
M3-split,middle,0.5 % H2O,model,0.0,9.1528767240376,0.9999999062285525,3.971606785366562e-08,3.473783625443461e-08,1.931754340038796e-08
M3-split,middle,0.5 % H2O,model,0.0,9.540113783277015,0.9999998962324602,4.334332077039235e-08,3.8385886060611905e-08,2.203833291771925e-08
M3-split,middle,0.5 % H2O,model,0.0,9.943733947475618,0.999999884886271,4.743626343113045e-08,4.2504548003756476e-08,2.5172917511521082e-08
M3-split,middle,0.5 % H2O,model,0.0,10.36443034793812,0.9999998719662772,5.207188764475015e-08,4.7170292007559245e-08,2.879154318161042e-08
M3-split,middle,0.5 % H2O,model,0.0,10.802925440752704,0.9999998572044356,5.734271185757495e-08,5.247479652761595e-08,3.297805592660236e-08
M3-split,middle,0.5 % H2O,model,0.0,11.259972247454842,0.9999998402779743,6.336054068693976e-08,5.8528561247040286e-08,3.7832923881162324e-08
M3-split,middle,0.5 % H2O,model,0.0,11.736355648180727,0.9999998207962105,7.026127869948559e-08,6.546549802783707e-08,4.347701276368272e-08
M3-split,middle,0.5 % H2O,model,0.0,12.23289372953102,0.9999997982836819,7.821115658847787e-08,7.344883150441341e-08,5.0056329948898086e-08
M3-split,middle,0.5 % H2O,model,0.0,12.750439189459637,0.9999997721583265,8.74148832407501e-08,8.267876481441854e-08,5.774802553436973e-08
M3-split,middle,0.5 % H2O,model,0.0,13.289880801600054,0.9999997417032304,9.812632954903311e-08,9.340244754947216e-08,6.676799240356436e-08
M3-split,middle,0.5 % H2O,model,0.0,13.852144941543997,0.9999997060290537,1.106629876836549e-07,1.0592731940566873e-07,7.738063903324292e-08
M3-split,middle,0.5 % H2O,model,0.0,14.438197177693354,0.999999664024641,1.254252506016643e-07,1.2063873342432701e-07,8.991137484089593e-08
M3-split,middle,0.5 % H2O,model,0.0,15.049043929417392,0.9999996142905793,1.429228357392737e-07,1.3802381726102357e-07,1.0476276770298233e-07
M3-split,middle,0.5 % H2O,model,0.0,15.685734195362725,0.999999555048949,1.6381139956573934e-07,1.5870409896342663e-07,1.224355522876643e-07
M3-split,middle,0.5 % H2O,model,0.0,16.34936135488421,0.9999994840191787,1.8894400926949288e-07,1.8348069778363617e-07,1.4355611437879674e-07
M3-split,middle,0.5 % H2O,model,0.0,17.041065045690072,0.9999993982442937,2.194449552299245e-07,2.1339803162474508e-07,1.6891271948007732e-07
M3-split,middle,0.5 % H2O,model,0.0,17.762033120925942,0.9999992938448493,2.568169737757557e-07,2.498346773596966e-07,1.9950349953822466e-07
M3-split,middle,0.5 % H2O,model,0.0,18.51350368905859,0.9999991656636776,3.0310042138967205e-07,2.946354357141579e-07,2.3660046528673014e-07
M3-split,middle,0.5 % H2O,model,0.0,19.29676724006232,0.999999006741654,3.611154064277783e-07,3.5030743117392357e-07,2.818355084318487e-07
M3-split,middle,0.5 % H2O,model,0.0,20.113168861559622,0.9999988075277397,4.3483861615016465e-07,4.203171071460207e-07,3.3731653706539956e-07
M3-split,middle,0.5 % H2O,model,0.0,20.964110548721372,0.9999985546606132,5.300047749463475e-07,5.095497395209678e-07,4.0578487227431127e-07
M3-split,middle,0.5 % H2O,model,0.0,21.851053611893725,0.9999982290321389,6.55098664303141e-07,6.250401958495095e-07,4.90829000961672e-07
M3-split,middle,0.5 % H2O,model,0.0,22.77552118608608,0.9999978026175368,8.230437282540599e-07,7.771651596760086e-07,5.971735750142422e-07
M3-split,middle,0.5 % H2O,model,0.0,23.739100846629615,0.9999972330977416,1.054189774600076e-06,9.816481518298428e-07,7.310643318559276e-07
M3-split,middle,0.5 % H2O,model,0.0,24.74344733549848,0.9999964543678918,1.381829154528918e-06,1.2630412023856484e-06,9.007617514261864e-07
M3-split,middle,0.5 % H2O,model,0.0,25.79028540297515,0.9999953590019839,1.8628964628424256e-06,1.6609852693644883e-06,1.1171162839959584e-06
M3-split,middle,0.5 % H2O,model,0.0,26.88141276954016,0.9999937641105091,2.5999356823362767e-06,2.2418904892974413e-06,1.3940633190776498e-06
M3-split,middle,0.5 % H2O,model,0.0,28.01870321307253,0.9999913406577936,3.789301349922481e-06,3.1215725469911938e-06,1.7484683094090674e-06
M3-split,middle,0.5 % H2O,model,0.0,29.204109786662425,0.9999874561850491,5.835526162226973e-06,4.510709306505041e-06,2.197579482103179e-06
M3-split,middle,0.5 % H2O,model,0.0,30.439668172562268,0.999980793578568,9.648947235072426e-06,6.80835401919648e-06,2.7491201779034524e-06
M3-split,middle,0.5 % H2O,model,0.0,31.727500178035505,0.999968328117715,1.750897236900539e-05,1.0791839897424464e-05,3.3710700185567515e-06
M3-split,middle,0.5 % H2O,model,0.0,33.069817379106794,0.999942236571792,3.5896797591794066e-05,1.7951625742565617e-05,3.915004873605562e-06
M3-split,middle,0.5 % H2O,model,0.0,34.46892491847074,0.999879265023014,8.604017097838822e-05,3.0703756478975436e-05,3.991049528642587e-06
M3-split,middle,0.5 % H2O,model,0.0,35.92722546408158,0.9996998567853349,0.00024667692392039135,5.0381690172605906e-05,3.0846005722594145e-06
M3-split,middle,0.5 % H2O,model,0.0,37.4472233352214,0.9991070179631045,0.0008213705579721581,7.00708562956213e-05,1.540622627640634e-06
M3-split,middle,0.5 % H2O,model,0.0,39.03152880313289,0.996978318362421,0.002940753623583153,8.039749997719152e-05,5.305140185659304e-07
M3-split,middle,0.5 % H2O,model,0.0,40.68286257360202,0.9889442372805445,0.010967577101709407,8.801836970640221e-05,1.672480396437336e-07
M3-split,middle,0.5 % H2O,model,0.0,42.404060459188024,0.9573023948542256,0.04254075147350795,0.00015671691707751437,1.3675518881356403e-07
M3-split,middle,0.5 % H2O,model,0.0,44.1980782491253,0.8317249242132857,0.1669015849866254,0.0013708100953695092,2.680704719420018e-06
M3-split,middle,0.5 % H2O,model,0.0,46.06799678525902,0.41349776017817974,0.557202966073035,0.028941227157636668,0.00035804659114843965
M3-split,middle,0.5 % H2O,model,0.0,48.01702725273211,0.03946481955818469,0.5837018705034482,0.33188857517755826,0.044944734760808666
M3-split,middle,0.5 % H2O,model,0.0,50.048516694508926,0.008964251062062278,0.33688296677739094,0.4866921829195916,0.16746059924095505
M3-split,middle,0.5 % H2O,model,0.0,52.165953759205564,0.004388514272128507,0.239809756175645,0.5037626657558303,0.2520390637963963
M3-split,middle,0.5 % H2O,model,0.0,54.372974692097905,0.0031281155941933194,0.2017048642084476,0.49998799569683894,0.29517902450052025
M3-split,middle,0.5 % H2O,model,0.0,56.67336957959499,0.0026854296727649783,0.18617612622233737,0.4961851244870221,0.31495331961787554
M3-split,middle,0.5 % H2O,model,0.0,59.07108885790181,0.0025150715967504032,0.17981140273776977,0.49418961111062387,0.323483914554856
M3-split,middle,0.5 % H2O,model,0.0,61.57025009704871,0.0024482250090099326,0.17724769141320468,0.4933093359343179,0.3269947476434674
M3-split,middle,0.5 % H2O,model,0.0,64.17514507193687,0.0024223791452723906,0.17624594160234763,0.49295311495860145,0.32837856429377865
M3-split,middle,0.5 % H2O,model,0.0,66.89024713254423,0.002412691900066321,0.17586893868517653,0.492817249374591,0.32890112004016614
M3-split,middle,0.5 % H2O,model,0.0,69.72021888594699,0.002409202057952861,0.17573291581233202,0.4927679858017608,0.32908989632795427
M3-split,middle,0.5 % H2O,model,0.0,72.66992020335023,0.0024080012795352724,0.17568608787768855,0.49275099618368406,0.32915491465909213
M3-split,middle,0.5 % H2O,model,0.0,75.74441656587685,0.0024076104162166823,0.17567084218532128,0.4927454615971989,0.3291760858012632
M3-split,middle,0.5 % H2O,model,0.0,78.94898776344854,0.002407493304072855,0.17566627393675396,0.4927438028868518,0.3291824298723213
M3-split,middle,0.5 % H2O,model,0.0,82.28913696169538,0.0024074644602825553,0.17566514879481387,0.4927433943306121,0.3291839924142914
M3-split,middle,0.5 % H2O,model,0.0,85.7706001524658,0.0024074628399725,0.17566508558992772,0.49274337137978447,0.3291840801903153
M3-split,middle,0.5 % H2O,model,0.0,89.39935600416594,0.00240746940152526,0.17566534154506522,0.4927434643219446,0.3291837247314648
M3-split,middle,0.5 % H2O,model,0.0,93.18163612884342,0.002407478477560966,0.1756656955851801,0.49274359287986164,0.3291832330573973
M3-split,middle,0.5 % H2O,model,0.0,97.1239357836489,0.002407488535513005,0.17566608792727142,0.49274373534486815,0.3291826881923473
M3-split,middle,0.5 % H2O,model,0.0,101.23302502505048,0.002407499151266465,0.1756665020270822,0.49274388570921174,0.3291821131124395
M3-split,middle,0.5 % H2O,model,0.0,105.51596033495792,0.00240751025626521,0.1756669352105509,0.4927440430018671,0.32918151153131686
M3-split,middle,0.5 % H2O,model,0.0,109.98009673872109,0.002407521836417734,0.17566738692738498,0.492744207022657,0.3291808842135403
M3-split,middle,0.5 % H2O,model,0.0,114.63310043581247,0.002407533910360993,0.17566785790472822,0.4927443780355577,0.3291802301493532
M3-split,middle,0.5 % H2O,model,0.0,119.48296196488577,0.002407546494708773,0.1756683487903593,0.4927445562755353,0.32917954843939673
M3-split,middle,0.5 % H2O,model,0.0,124.53800992581655,0.0024075596123534,0.17566886047713992,0.49274474206660396,0.3291788378439026
M3-split,middle,0.5 % H2O,model,0.0,129.80692528229133,0.002407573284764138,0.17566939380229843,0.492744935712513,0.3291780972004245
M3-split,middle,0.5 % H2O,model,0.0,135.29875626950604,0.002407587536011979,0.17566994970459565,0.49274513755388083,0.3291773252055115
M3-split,middle,0.5 % H2O,model,0.0,141.02293393257435,0.002407602390250776,0.17567052912596431,0.4927453479324378,0.32917652055134716
M3-split,middle,0.5 % H2O,model,0.0,146.9892883223311,0.0024076178732049297,0.17567113306959956,0.49274556721213914,0.3291756818450564
M3-split,middle,0.5 % H2O,model,0.0,153.20806537634184,0.0024076340113756392,0.1756717625689591,0.4927457957678933,0.3291748076517719
M3-split,middle,0.5 % H2O,model,0.0,159.68994451410924,0.0024076508325739563,0.17567241870857492,0.49274603399312406,0.3291738964657271
M3-split,middle,0.5 % H2O,model,0.0,166.4460569766914,0.0024076683656794754,0.17567310261462438,0.4927462822963386,0.32917294672335756
M3-split,middle,0.5 % H2O,model,0.0,173.48800494222866,0.0024076866408517714,0.17567381546318372,0.4927465411041242,0.3291719567918402
M3-split,middle,0.5 % H2O,model,0.0,180.82788145020223,0.0024077056894997004,0.17567455847902272,0.4927468108607061,0.3291709249707716
M3-split,middle,0.5 % H2O,model,0.0,188.4782911686432,0.0024077255443783426,0.1756753329393853,0.49274709202931494,0.3291698494869215
M3-split,middle,0.5 % H2O,model,0.0,196.45237203995435,0.0024077462396224626,0.1756761401752898,0.4927473850926572,0.3291687284924305
M3-split,middle,0.5 % H2O,model,0.0,204.76381784251524,0.0024077678108177136,0.1756769815743033,0.4927476905539167,0.32916756006096237
M3-split,middle,0.5 % H2O,model,0.0,213.42690170681885,0.002407790295056406,0.1756778585827128,0.49274800893753706,0.32916634218469365
M3-split,middle,0.5 % H2O,model,0.0,222.45650062652007,0.0024078137310034084,0.1756787727080908,0.4927483407901494,0.3291650727707564
M3-split,middle,0.5 % H2O,model,0.0,231.86812100648996,0.0024078381589622403,0.17567972552186853,0.49274868668149996,0.32916374963766915
M3-split,middle,0.5 % H2O,model,0.0,241.67792529175034,0.0024078636209451487,0.17568071866206428,0.4927490472054342,0.3291623705115563
M3-split,middle,0.5 % H2O,model,0.0,251.90275972301498,0.00240789016074534,0.17568175383609475,0.4927494229809114,0.32916093302224847
M3-split,middle,0.5 % H2O,model,0.0,262.5601832665064,0.0024079178240129524,0.17568283282373184,0.49274981465306916,0.3291594346991859
M3-split,middle,0.5 % H2O,model,0.0,273.668497767724,0.002407946658333619,0.17568395748016083,0.49275022289432746,0.3291578729671781
M3-split,middle,0.5 % H2O,model,0.0,285.2467793809492,0.002407976713311113,0.1756851297391958,0.4927506484055452,0.32915624514194786
M3-split,middle,0.5 % H2O,model,0.0,297.314911328461,0.0024080080406527473,0.175686351616603,0.4927510919172188,0.32915454842552544
M3-split,middle,0.5 % H2O,model,0.0,309.89361804571615,0.002408040694259193,0.175687625213595,0.4927515541907389,0.32915277990140707
M3-split,middle,0.5 % H2O,model,0.0,323.00450077113646,0.002408074730317402,0.17568895272044574,0.492752036019692,0.3291509365295449
M3-split,middle,0.5 % H2O,model,0.0,336.6700746416139,0.0024081102073981427,0.1756903364202844,0.4927525382312254,0.32914901514109196
M3-split,middle,0.5 % H2O,model,0.0,350.91380735744417,0.0024081471865572248,0.17569177869303187,0.4927530616874631,0.3291470124329478
M3-split,middle,0.5 % H2O,model,0.0,365.7601594830805,0.0024081857314413335,0.17569328201951726,0.4927536072869846,0.3291449249620569
M3-split,middle,0.5 % H2O,model,0.0,381.23462645292375,0.0024082259083983404,0.17569484898576573,0.4927541759663663,0.32914274913946967
M3-split,middle,0.5 % H2O,model,0.0,397.3637823542767,0.0024082677865922245,0.1756964822874675,0.49275476870178614,0.329140481224154
M3-split,middle,0.5 % H2O,model,0.0,414.1753255626552,0.00240831143812309,0.17569818473464227,0.4927553865106987,0.3291381173165359
M3-split,middle,0.5 % H2O,model,0.0,431.6981263078251,0.002408356938152199,0.17569995925649884,0.49275603045357824,0.3291356533517706
M3-split,middle,0.5 % H2O,model,0.0,449.9622762522443,0.002408404365032413,0.1757018089065044,0.4927567016357362,0.32913308509272704
M3-split,middle,0.5 % H2O,model,0.0,468.99914016706043,0.002408453800444258,0.17570373686767027,0.49275740120921674,0.32913040812266875
M3-split,middle,0.5 % H2O,model,0.0,488.8414097943947,0.0024085053295377894,0.17570574645806358,0.49275813037477073,0.3291276178376279
M3-split,middle,0.5 % H2O,model,0.0,509.52315998841743,0.0024085590410805853,0.17570784113655483,0.4927588903839131,0.32912470943845157
M3-split,middle,0.5 % H2O,model,0.0,531.0799072316224,0.0024086150276120956,0.17571002450881162,0.4927596825410678,0.32912167792250846
M3-split,middle,0.5 % H2O,model,0.0,553.5486706267875,0.0024086733856046256,0.1757123003335491,0.49276050820580275,0.3291185180750436
M3-split,middle,0.5 % H2O,model,0.0,576.9680354693685,0.002408734215631264,0.17571467252904788,0.49276136879515947,0.32911522446016145
M3-split,middle,0.5 % H2O,model,0.0,601.3782195094898,0.002408797622541037,0.17571714517995232,0.4927622657860788,0.3291117914114277
M3-split,middle,0.5 % H2O,model,0.0,626.8211420173293,0.0024088637156416282,0.1757197225443598,0.4927632007179326,0.3291082130220659
M3-split,middle,0.5 % H2O,model,0.0,653.3404957704963,0.0024089326088899813,0.1757224090612143,0.4927641751951591,0.32910448313473656
M3-split,middle,0.5 % H2O,model,0.0,680.9818220870363,0.0024090044210911335,0.1757252093580181,0.4927651908900107,0.32910059533087993
M3-split,middle,0.5 % H2O,model,0.0,709.7925890329016,0.002409079276105659,0.17572812825887468,0.4927662495454183,0.3290965429196012
M3-split,middle,0.5 % H2O,model,0.0,739.822272938202,0.0024091573030660717,0.1757311707928772,0.4927673529779744,0.3290923189260822
M3-split,middle,0.5 % H2O,model,0.0,771.1224433622212,0.002409238636602593,0.1757343422028583,0.4927685030810409,0.3290879160794982
M3-split,middle,0.5 % H2O,model,0.0,803.7468516531015,0.0024093234170787466,0.17573764795451688,0.49276970182799196,0.32908332680041236
M3-split,middle,0.5 % H2O,model,0.0,837.7515232542927,0.0024094117908371533,0.17574109374593824,0.49277095127559045,0.3290785431876341
M3-split,middle,0.5 % H2O,model,0.0,873.1948539162647,0.0024095039104560082,0.1757446855175248,0.4927722535675071,0.3290735570045121
M3-split,middle,0.5 % H2O,model,0.0,910.1377099787206,0.0024095999350167074,0.17574842946235505,0.49277361093798727,0.3290683596646408
M3-split,middle,0.5 % H2O,model,0.0,948.6435328955174,0.0024097000303831407,0.17575233203699106,0.4927750257156733,0.32906294221695254
M3-split,middle,0.5 % H2O,model,0.0,988.7784481817904,0.0024098043694931485,0.17575639997275214,0.49277650032758574,0.32905729533016886
M3-split,middle,0.5 % H2O,model,0.0,1030.6113789703877,0.002409913132662711,0.1757606402874775,0.49277803730327435,0.3290514092765854
M3-split,middle,0.5 % H2O,model,0.0,1074.214164372607,0.002410026507903422,0.17576506029779787,0.49277963927914137,0.32904527391515737
M3-split,middle,0.5 % H2O,model,0.0,1119.6616828464998,0.0024101446912538596,0.17576966763193924,0.4927813090029478,0.3290388786738591
M3-split,middle,0.5 % H2O,model,0.0,1167.0319807846197,0.002410267887125476,0.1757744702430825,0.49278304933850875,0.32903221253128334
M3-split,middle,0.5 % H2O,model,0.0,1216.4064065419916,0.002410396308663671,0.17577947642330374,0.49278486327058585,0.3290252639974468
M3-split,middle,0.5 % H2O,model,0.0,1267.8697501345325,0.002410530178124725,0.1757846948181206,0.49278675390998533,0.32901802109376943
M3-split,middle,0.5 % H2O,model,0.0,1321.51038884775,0.002410669727269333,0.17579013444167213,0.49278872449886973,0.3290104713321889
M3-split,middle,0.5 % H2O,model,0.0,1377.4204390058364,0.0024108151977734736,0.17579580469256056,0.49279077841629243,0.3290026016933734
M3-split,middle,0.5 % H2O,model,0.0,1435.6959141617613,0.002410966841657433,0.17580171537038444,0.4927929191839653,0.32899439860399277
M3-split,middle,0.5 % H2O,model,0.0,1496.4368899799936,0.002411124921733804,0.1758078766929949,0.4927951504722663,0.32898584791300506
M3-split,middle,0.5 % H2O,model,0.0,1559.747676095074,0.0024112897120753276,0.175814299314506,0.49279747610650065,0.328976934866918
M3-split,middle,0.5 % H2O,model,0.0,1625.7369952410816,0.0024114614985035125,0.17582099434409537,0.49279990007342317,0.328967644083978
M3-split,middle,0.5 % H2O,model,0.0,1694.5181699596842,0.0024116405790989793,0.1758279733656291,0.49280242652803374,0.3289579595272381
M3-split,middle,0.5 % H2O,model,0.0,1766.2093172073767,0.0024118272647345655,0.17583524845815043,0.4928050598006581,0.32894786447645685
M3-split,middle,0.5 % H2O,model,0.0,1840.933551196067,0.002412021879632213,0.17584283221726835,0.4928078044043229,0.32893734149877657
M3-split,middle,0.5 % H2O,model,0.0,1918.8191948154297,0.002412224761944786,0.17585073777749002,0.4928106650424405,0.3289263724181246
M3-split,middle,0.5 % H2O,model,0.0,2000.0,0.002412436264364003,0.17585897883554039,0.4928136466168146,0.32891493828328094
M3-split,middle,0.5 % H2O,model,1e-06,0.1,0.999993038317753,6.696799734823369e-06,2.6234824139439663e-07,2.5342707257482705e-09
M3-split,middle,0.5 % H2O,model,1e-06,0.10423076887097628,0.999993026766197,6.697177532000425e-06,2.7330451730753794e-07,2.751753581231858e-09
M3-split,middle,0.5 % H2O,model,1e-06,0.10864053179434878,0.9999930147122099,6.697587689666059e-06,2.847122711538013e-07,2.9878293534598064e-09
M3-split,middle,0.5 % H2O,model,1e-06,0.11323686159476715,0.9999930021333147,6.698033003968644e-06,2.9658960344596123e-07,3.2440779986681644e-09
M3-split,middle,0.5 % H2O,model,1e-06,0.11802765148558905,0.9999929890059729,6.698516516056977e-06,3.0895529715175736e-07,3.5222139567044655e-09
M3-split,middle,0.5 % H2O,model,1e-06,0.12302112862378574,0.9999929753055307,6.69904153021728e-06,3.2182884450438367e-07,3.8240945649285665e-09
M3-split,middle,0.5 % H2O,model,1e-06,0.12822586823832455,0.9999929610061602,6.699611638057745e-06,3.352304688935161e-07,4.1517328114362895e-09
M3-split,middle,0.5 % H2O,model,1e-06,0.13365080835629065,0.9999929460807969,6.7002307446550245e-06,3.491811473771441e-07,4.5073109772391834e-09
M3-split,middle,0.5 % H2O,model,1e-06,0.13930526515203676,0.9999929305010693,6.700903103394424e-06,3.6370262834424325e-07,4.8931991314982165e-09
M3-split,middle,0.5 % H2O,model,1e-06,0.1451989489457201,0.9999929142372397,6.701633329103831e-06,3.78817471505728e-07,5.3119595608476145e-09
M3-split,middle,0.5 % H2O,model,1e-06,0.15134198087870035,0.9999928972581269,6.7024264393190225e-06,3.9454906513201754e-07,5.766368519036383e-09
M3-split,middle,0.5 % H2O,model,1e-06,0.15774491029443527,0.9999928795310228,6.703287892438046e-06,4.1092164924584827e-07,6.259435469575658e-09
M3-split,middle,0.5 % H2O,model,1e-06,0.1644187328547217,0.9999928610216117,6.704223624013912e-06,4.2796034386143743e-07,6.79442054358279e-09
M3-split,middle,0.5 % H2O,model,1e-06,0.17137490942239292,0.9999928416938806,6.7052400888084476e-06,4.4569117556924287e-07,7.3748549590344004e-09
M3-split,middle,0.5 % H2O,model,1e-06,0.17862538574289932,0.9999928215100258,6.706344306593095e-06,4.6414110458115784e-07,8.004563040246419e-09
M3-split,middle,0.5 % H2O,model,1e-06,0.18618261295857116,0.9999928004303221,6.707543938547677e-06,4.83338045176035e-07,8.68769423212884e-09
M3-split,middle,0.5 % H2O,model,1e-06,0.19405956899079269,0.9999927784130691,6.708847290970545e-06,5.03310907131133e-07,9.428732867803946e-09
M3-split,middle,0.5 % H2O,model,1e-06,0.20226978082680583,0.999992755414456,6.7102633931707115e-06,5.240896191600608e-07,1.0232531552415927e-08
M3-split,middle,0.5 % H2O,model,1e-06,0.21082734774941828,0.9999927313884235,6.711802077125896e-06,5.457051537533934e-07,1.1104345553216703e-08
M3-split,middle,0.5 % H2O,model,1e-06,0.2197469655495056,0.9999927062865398,6.71347403928852e-06,5.681895587828279e-07,1.2049862066343119e-08
M3-split,middle,0.5 % H2O,model,1e-06,0.22904395176288905,0.9999926800578425,6.71529093312634e-06,5.915759863972898e-07,1.3075237875490793e-08
M3-split,middle,0.5 % H2O,model,1e-06,0.23873427197492728,0.9999926526486606,6.717265476246565e-06,6.158987219968836e-07,1.4187141185803697e-08
M3-split,middle,0.5 % H2O,model,1e-06,0.24883456723799433,0.9999926240025813,6.719411429332523e-06,6.411932214150394e-07,1.539276801591979e-08
M3-split,middle,0.5 % H2O,model,1e-06,0.25936218264892796,0.9999925940601538,6.721743802817016e-06,6.674961363125662e-07,1.6699907117269522e-08
M3-split,middle,0.5 % H2O,model,1e-06,0.2703351971355234,0.999992562758738,6.7242789345227195e-06,6.948453480281529e-07,1.8116979340849462e-08
M3-split,middle,0.5 % H2O,model,1e-06,0.28177245450322547,0.9999925300322277,6.727034672950089e-06,7.232800014748248e-07,1.9653097853799005e-08
M3-split,middle,0.5 % H2O,model,1e-06,0.2936935957953338,0.9999924958109622,6.730030398418593e-06,7.528405370383931e-07,2.131810232087249e-08
M3-split,middle,0.5 % H2O,model,1e-06,0.3061190930222936,0.9999924600214292,6.733287219892686e-06,7.83568726185644e-07,2.3122624840659607e-08
M3-split,middle,0.5 % H2O,model,1e-06,0.3190702843179958,0.9999924225859995,6.736828140508501e-06,8.155077076274216e-07,2.507815221703755e-08
M3-split,middle,0.5 % H2O,model,1e-06,0.33256941058345696,0.999992383422667,6.74067821854041e-06,8.487020259894174e-07,2.719708839590503e-08
M3-split,middle,0.5 % H2O,model,1e-06,0.34663965368081123,0.9999923424447419,6.744864763217708e-06,8.831976672508203e-07,2.9492827607313914e-08
M3-split,middle,0.5 % H2O,model,1e-06,0.36130517624319886,0.9999922995605353,6.7494175357184905e-06,9.190421026629361e-07,3.197982628556066e-08
M3-split,middle,0.5 % H2O,model,1e-06,0.37659116316892216,0.9999922546730078,6.754368977243879e-06,9.562843314055889e-07,3.467368346810052e-08
M3-split,middle,0.5 % H2O,model,1e-06,0.39252386487112034,0.9999922076793819,6.759754464203423e-06,9.949749274550384e-07,3.7591226549666905e-08
M3-split,middle,0.5 % H2O,model,1e-06,0.4091306423572408,0.9999921584707356,6.765612574328026e-06,1.0351660888427494e-06,4.075060117575732e-08
M3-split,middle,0.5 % H2O,model,1e-06,0.4264400142157162,0.9999921069315606,6.771985381009144e-06,1.0769116911823393e-06,4.4171367174577415e-08
M3-split,middle,0.5 % H2O,model,1e-06,0.44448170559054145,0.9999920529392593,6.778918791091405e-06,1.1202673472816219e-06,4.7874602161997495e-08
M3-split,middle,0.5 % H2O,model,1e-06,0.46328669922785054,0.9999919963636057,6.786462911079409e-06,1.1652904725964269e-06,5.188301065014829e-08
M3-split,middle,0.5 % H2O,model,1e-06,0.4828872886821559,0.9999919370661715,6.794672433548884e-06,1.212040355835586e-06,5.62210390499334e-08
M3-split,middle,0.5 % H2O,model,1e-06,0.503317133773622,0.9999918748996823,6.803607079378168e-06,1.2605782397835743e-06,6.091499841443682e-08
M3-split,middle,0.5 % H2O,model,1e-06,0.5246113183916065,0.9999918097073052,6.813332087633736e-06,1.3109674132300367e-06,6.599319398592713e-08
M3-split,middle,0.5 % H2O,model,1e-06,0.5468064107437368,0.9999917413218794,6.823918745626163e-06,1.3632733128617661e-06,7.14860619692919e-08
M3-split,middle,0.5 % H2O,model,1e-06,0.5699405261539854,0.9999916695650815,6.835444967406886e-06,1.4175636374284603e-06,7.742631393464082e-08
M3-split,middle,0.5 % H2O,model,1e-06,0.5940533925175866,0.9999915942464634,6.847995962731613e-06,1.4739084856322465e-06,8.384908827427348e-08
M3-split,middle,0.5 % H2O,model,1e-06,0.6191864185251992,0.9999915151624323,6.86166495026012e-06,1.5323805078040893e-06,9.079210944533174e-08
M3-split,middle,0.5 % H2O,model,1e-06,0.6453827647734762,0.9999914320951178,6.876553946940246e-06,1.5930550806102264e-06,9.829585467824044e-08
M3-split,middle,0.5 % H2O,model,1e-06,0.6726874178841584,0.9999913448110903,6.892774667408305e-06,1.6560105135863533e-06,1.0640372871520968e-07
M3-split,middle,0.5 % H2O,model,1e-06,0.7011472677589756,0.9999912530599767,6.910449494483934e-06,1.7213282848226994e-06,1.1516224399740543e-07
M3-split,middle,0.5 % H2O,model,1e-06,0.7308111881030229,0.9999911565728962,6.929712578575486e-06,1.7890933155718082e-06,1.2462120972509404e-07
M3-split,middle,0.5 % H2O,model,1e-06,0.7617301203548975,0.9999910550607214,6.9507110619701056e-06,1.859394289913961e-06,1.348339266363546e-07
M3-split,middle,0.5 % H2O,model,1e-06,0.7939571611677227,0.9999909482121634,6.973606424462242e-06,1.9323240246367443e-06,1.4585738737964377e-07
M3-split,middle,0.5 % H2O,model,1e-06,0.8275476535912937,0.9999908356916095,6.998576006472311e-06,2.0079799016026185e-06,1.5775248244745209e-07
M3-split,middle,0.5 % H2O,model,1e-06,0.8625592821119288,0.9999907171367113,7.025814708666099e-06,2.0864643709584313e-06,1.7058420914827556e-07
M3-split,middle,0.5 % H2O,model,1e-06,0.8990521717132368,0.9999905921556871,7.055536890675008e-06,2.1678855362353207e-06,1.844218861000223e-07
M3-split,middle,0.5 % H2O,model,1e-06,0.9370889911279167,0.9999904603242842,7.087978512145749e-06,2.2523578378305815e-06,1.9933936585211473e-07
M3-split,middle,0.5 % H2O,model,1e-06,0.9767350604579019,0.999990321182366,7.12339953691789e-06,2.3400028481187458e-06,2.1541524887144674e-07
M3-split,middle,0.5 % H2O,model,1e-06,1.0180584633476666,0.9999901742300648,7.1620866424183394e-06,2.4309501968750226e-06,2.3273309591685331e-07
M3-split,middle,0.5 % H2O,model,1e-06,1.0611301639033188,0.9999900189234181,7.20435629625055e-06,2.5253386533743226e-06,2.5138163237484777e-07
M3-split,middle,0.5 % H2O,model,1e-06,1.1060241285582797,0.9999898546694618,7.250558210842842e-06,2.6233173793536286e-06,2.714549480337709e-07
M3-split,middle,0.5 % H2O,model,1e-06,1.1528174530948103,0.9999896808206107,7.301079310557404e-06,2.7250473971652846e-06,2.9305268172841194e-07
M3-split,middle,0.5 % H2O,model,1e-06,1.2015904950395269,0.9999894966683215,7.3563481962522635e-06,2.8307032894453422e-06,3.162801928275759e-07
M3-split,middle,0.5 % H2O,model,1e-06,1.2524270116602694,0.9999893014358091,7.416840294923244e-06,2.9404751866494198e-06,3.4124870920361803e-07
M3-split,middle,0.5 % H2O,model,1e-06,1.3054143038012902,0.999989094269804,7.4830836752587725e-06,3.0545710676666388e-06,3.680754530215424e-07
M3-split,middle,0.5 % H2O,model,1e-06,1.3606433658037873,0.9999888742309763,7.5556658424084206e-06,3.1732194560722483e-06,3.9688372531594896e-07
M3-split,middle,0.5 % H2O,model,1e-06,1.4182090417692177,0.9999886402831258,7.635241382396088e-06,3.2966725294878146e-06,4.2780296238404543e-07
M3-split,middle,0.5 % H2O,model,1e-06,1.4782101884337602,0.9999883912804883,7.72254101267934e-06,3.4252097732057062e-06,4.60968725849483e-07
M3-split,middle,0.5 % H2O,model,1e-06,1.540749844933616,0.9999881259533604,7.818381797225844e-06,3.5591421902965275e-06,4.965226520910298e-07
M3-split,middle,0.5 % H2O,model,1e-06,1.6059354097526826,0.9999878428911382,7.92367930621496e-06,3.698817245842763e-06,5.34612309757773e-07
M3-split,middle,0.5 % H2O,model,1e-06,1.6738788251564845,0.9999875405229429,8.039461487434898e-06,3.844624577981958e-06,5.753909916951784e-07
M3-split,middle,0.5 % H2O,model,1e-06,1.7446967694290683,0.999987217094735,8.16688518705428e-06,3.997002690093771e-06,6.190173877125683e-07
M3-split,middle,0.5 % H2O,model,1e-06,1.8185108572430024,0.9999868706428394,8.307255295448322e-06,4.156446713189046e-06,6.656551520009159e-07
M3-split,middle,0.5 % H2O,model,1e-06,1.895447848506563,0.9999864989627403,8.46204746332529e-06,4.32351747593045e-06,7.154723206307984e-07
M3-split,middle,0.5 % H2O,model,1e-06,1.9756398660467678,0.9999860995724054,8.632934951431813e-06,4.49885207941631e-06,7.686405637373408e-07
M3-split,middle,0.5 % H2O,model,1e-06,2.0592246225020725,0.999985669669031,8.821820485906666e-06,4.683176240452753e-06,8.253342425174355e-07
M3-split,middle,0.5 % H2O,model,1e-06,2.1463456568143684,0.9999852060777675,9.030874281967476e-06,4.87731871841594e-06,8.857292322440926e-07
M3-split,middle,0.5 % H2O,model,1e-06,2.2371525807264225,0.9999847051907319,9.262579605978363e-06,5.082228192214063e-06,9.500014698640198e-07
M3-split,middle,0.5 % H2O,model,1e-06,2.3318013357080383,0.9999841628942171,9.519787582721984e-06,5.298993024570564e-06,1.0183251755362119e-06
M3-split,middle,0.5 % H2O,model,1e-06,2.4304544607521823,0.9999835744813903,9.805783483779656e-06,5.528864442492415e-06,1.0908706833847324e-06
M3-split,middle,0.5 % H2O,model,1e-06,2.533281371500941,0.9999829345471761,1.0124367257726529e-05,5.773283760323415e-06,1.167801805703051e-06
M3-split,middle,0.5 % H2O,model,1e-06,2.640458651180643,0.9999822368610888,1.0479951876805526e-05,6.033914399168546e-06,1.249272635161707e-06
M3-split,middle,0.5 % H2O,model,1e-06,2.7521703538457944,0.9999814742126428,1.0877684081837276e-05,6.312679608691756e-06,1.3354236666312389e-06
M3-split,middle,0.5 % H2O,model,1e-06,2.868608320452539,0.9999806382225823,1.132359335040071e-05,6.611806974229679e-06,1.4263770931008378e-06
M3-split,middle,0.5 % H2O,model,1e-06,2.9899725083044815,0.9999797191110179,1.1824776876793667e-05,6.933881019063235e-06,1.5222310862777532e-06
M3-split,middle,0.5 % H2O,model,1e-06,3.1164713344365755,0.9999787054112126,1.23896304885291e-05,7.2819054696858036e-06,1.6230528292464257e-06
M3-split,middle,0.5 % H2O,model,1e-06,3.2483220335268164,0.9999775836140399,1.3028138893865679e-05,7.659377065824657e-06,1.7288700003792564e-06
M3-split,middle,0.5 % H2O,model,1e-06,3.385751030950334,0.999976337723689,1.3752242821573429e-05,8.070373157941652e-06,1.8396603315474032e-06
M3-split,middle,0.5 % H2O,model,1e-06,3.528994331616538,0.9999749486992442,1.4576306233057964e-05,8.519655758911647e-06,1.955338763743373e-06
M3-split,middle,0.5 % H2O,model,1e-06,3.678297925257089,0.9999733937474438,1.5517715803922338e-05,9.01279516641616e-06,2.075741585970629e-06
M3-split,middle,0.5 % H2O,model,1e-06,3.833918208860631,0.9999716454210885,1.6597655338961944e-05,9.556316774932111e-06,2.2006067975351234e-06
M3-split,middle,0.5 % H2O,model,1e-06,3.9961224269797992,0.9999696704609259,1.7842114181496983e-05,1.0157875154794439e-05,2.3295497376936215e-06
M3-split,middle,0.5 % H2O,model,1e-06,4.165189130666562,0.9999674282964545,1.928321092498178e-05,1.0826459811318577e-05,2.4620328093170976e-06
M3-split,middle,0.5 % H2O,model,1e-06,4.341408655824089,0.9999648690889356,2.096094609974419e-05,1.157263708444727e-05,2.59732788026129e-06
M3-split,middle,0.5 % H2O,model,1e-06,4.525083621796566,0.9999619311549969,2.29255431706749e-05,1.2408832119892679e-05,2.7344697122958937e-06
M3-split,middle,0.5 % H2O,model,1e-06,4.716529451053179,0.9999585375436196,2.5240604643790754e-05,1.3349653145772612e-05,2.8721985906655057e-06
M3-split,middle,0.5 % H2O,model,1e-06,4.916074910858767,0.9999545914451744,2.798740786310179e-05,1.4412256642115354e-05,3.0088903204773015e-06
M3-split,middle,0.5 % H2O,model,1e-06,5.124062677861254,0.9999499699725886,3.127081037536759e-05,1.5616744934713135e-05,3.1424721012834523e-06
M3-split,middle,0.5 % H2O,model,1e-06,5.34084992656552,0.9999445156517116,3.522744950393007e-05,1.698657495519122e-05,3.270323829085048e-06
M3-split,middle,0.5 % H2O,model,1e-06,5.566808942704215,0.9999380246506753,4.0037247969433706e-05,1.854893469036323e-05,3.3891666649758555e-06
M3-split,middle,0.5 % H2O,model,1e-06,5.802327762558867,0.9999302303207512,4.593972702062085e-05,2.0335007155862614e-05,3.494945072138485e-06
M3-split,middle,0.5 % H2O,model,1e-06,6.047810839329224,0.99992077992236,5.325737880827569e-05,2.2379982586145637e-05,3.582716245629512e-06
M3-split,middle,0.5 % H2O,model,1e-06,6.303679737695092,0.9999092013478117,6.242948986427125e-05,2.472258883107517e-05,3.64657349283581e-06
M3-split,middle,0.5 % H2O,model,1e-06,6.570373857763537,0.9998948550061397,7.406156746561372e-05,2.7403776840242255e-05,3.6796495543278656e-06
M3-split,middle,0.5 % H2O,model,1e-06,6.848351189644559,0.9998768635070652,8.89981975113757e-05,3.046402316023022e-05,3.674272263144577e-06
M3-split,middle,0.5 % H2O,model,1e-06,7.138089099951173,0.9998540078711136,0.00010843123686566446,3.393851663030623e-05,3.6223753904428294e-06
M3-split,middle,0.5 % H2O,model,1e-06,7.440085151574459,0.999824572962739,0.000134061376703614,3.7849370687931044e-05,3.516289869475692e-06
M3-split,middle,0.5 % H2O,model,1e-06,7.7548579581413986,0.9997861155878288,0.00016834021580733614,4.219417037988006e-05,3.3500259838537707e-06
M3-split,middle,0.5 % H2O,model,1e-06,8.082948074622873,0.9997351146158221,0.0002148332702044154,4.693105702349506e-05,3.121056949994968e-06
M3-split,middle,0.5 % H2O,model,1e-06,8.424918925621194,0.9996664409868612,0.0002787638301756484,5.1962808983911064e-05,2.8323739790987894e-06
M3-split,middle,0.5 % H2O,model,1e-06,8.781357772931367,0.9995725521250808,0.0003678272697878092,5.712640341789222e-05,2.49420171357177e-06
M3-split,middle,0.5 % H2O,model,1e-06,9.1528767240376,0.9994422609133048,0.0004934155383280044,6.219914883340176e-05,2.124399533754543e-06
M3-split,middle,0.5 % H2O,model,1e-06,9.540113783277015,0.9992588342835074,0.0006724864622025176,6.693266274018474e-05,1.7465915498509849e-06
M3-split,middle,0.5 % H2O,model,1e-06,9.943733947475618,0.9989970021722491,0.0009304985548669217,7.111343953315672e-05,1.3858333508785449e-06
M3-split,middle,0.5 % H2O,model,1e-06,10.36443034793812,0.9986181463376057,0.0013061670268261227,7.462355595542501e-05,1.0630796126742276e-06
M3-split,middle,0.5 % H2O,model,1e-06,10.802925440752704,0.9980624170177546,0.0018593278603025703,7.74641261624022e-05,7.909957803930635e-07
M3-split,middle,0.5 % H2O,model,1e-06,11.259972247454842,0.9972356654448281,0.0026840226027581835,7.973875285562047e-05,5.731995581149707e-07
M3-split,middle,0.5 % H2O,model,1e-06,11.736355648180727,0.9959875656094959,0.003930385669930546,8.164217507998544e-05,4.065454936021168e-07
M3-split,middle,0.5 % H2O,model,1e-06,12.23289372953102,0.9940745318327914,0.005841674087464699,8.350975418821153e-05,2.8432555563630484e-07
M3-split,middle,0.5 % H2O,model,1e-06,12.750439189459637,0.9910960505101065,0.008817745550325601,8.60050209919189e-05,1.9891857598263972e-07
M3-split,middle,0.5 % H2O,model,1e-06,13.289880801600054,0.9863841287334929,0.013525075768011511,9.065178563978144e-05,1.4371285569839694e-07
M3-split,middle,0.5 % H2O,model,1e-06,13.852144941543997,0.9788097894530302,0.021088778816034364,0.0001013166886086177,1.1504232685659146e-07
M3-split,middle,0.5 % H2O,model,1e-06,14.438197177693354,0.966443716107474,0.03342771052376375,0.00012845657421273164,1.1679454951450699e-07
M3-split,middle,0.5 % H2O,model,1e-06,15.049043929417392,0.9459670587765755,0.0538309871389955,0.00020177470300852788,1.7938142045848265e-07
M3-split,middle,0.5 % H2O,model,1e-06,15.685734195362725,0.9116839049085754,0.08790595226167305,0.00040968889967770046,4.53930073940527e-07
M3-split,middle,0.5 % H2O,model,1e-06,16.34936135488421,0.8540187272985992,0.14495031260651028,0.0010292204235791648,1.739671311341617e-06
M3-split,middle,0.5 % H2O,model,1e-06,17.041065045690072,0.7578432162141745,0.23916371849926793,0.0029841970482036282,8.868238353935981e-06
M3-split,middle,0.5 % H2O,model,1e-06,17.762033120925942,0.6032262225630121,0.38708685985138214,0.009629854621849732,5.706296375619565e-05
M3-split,middle,0.5 % H2O,model,1e-06,18.51350368905859,0.3804474694787175,0.5844718024588051,0.034593052207902694,0.0004876758545747806
M3-split,middle,0.5 % H2O,model,1e-06,19.29676724006232,0.1549775496594262,0.7134058207422513,0.12629173294014576,0.005324896658176756
M3-split,middle,0.5 % H2O,model,1e-06,20.113168861559622,0.052066455424612766,0.626353110686102,0.28967351411288417,0.031906919776401046
M3-split,middle,0.5 % H2O,model,1e-06,20.964110548721372,0.022303133669244104,0.487055149995757,0.4088870702386503,0.08175464609634864
M3-split,middle,0.5 % H2O,model,1e-06,21.851053611893725,0.011964626894663889,0.3820276478595788,0.46892253606330225,0.13708518918245508
M3-split,middle,0.5 % H2O,model,1e-06,22.77552118608608,0.007536723406896058,0.31129002088483393,0.49426281565787783,0.18691044005039217
M3-split,middle,0.5 % H2O,model,1e-06,23.739100846629615,0.005354527434885709,0.2645961628514977,0.502638599104455,0.22741071060916151
M3-split,middle,0.5 % H2O,model,1e-06,24.74344733549848,0.004172545974786448,0.23380564666986275,0.5036381664356872,0.25838364091966376
M3-split,middle,0.5 % H2O,model,1e-06,25.79028540297515,0.0034899100116129803,0.2134663674557896,0.5019429688409865,0.281100753691611
M3-split,middle,0.5 % H2O,model,1e-06,26.88141276954016,0.0030786287434641253,0.20003495943403138,0.4996479435161102,0.2972384683063944
M3-split,middle,0.5 % H2O,model,1e-06,28.01870321307253,0.0028243841428691628,0.1911995089145592,0.49757591782476224,0.3084001891178094
M3-split,middle,0.5 % H2O,model,1e-06,29.204109786662425,0.0026651762551675446,0.18543165858323965,0.4959653889645269,0.315937776197066
M3-split,middle,0.5 % H2O,model,1e-06,30.439668172562268,0.002565177271254858,0.18170804119376885,0.4948122329147956,0.3209145486201806
M3-split,middle,0.5 % H2O,model,1e-06,31.727500178035505,0.002502648883107217,0.17933788509335735,0.4940303928419314,0.32412907318160405
M3-split,middle,0.5 % H2O,model,1e-06,33.069817379106794,0.0024639468620412004,0.17785415546712158,0.4935216277400029,0.32616026993083425
M3-split,middle,0.5 % H2O,model,1e-06,34.46892491847074,0.002440337154391895,0.1769425990024955,0.49320158084456056,0.32741548299855205
M3-split,middle,0.5 % H2O,model,1e-06,35.92722546408158,0.0024261884784864385,0.17639396036142518,0.4930061881373371,0.32817366302275125
M3-split,middle,0.5 % H2O,model,1e-06,37.4472233352214,0.0024178806499829757,0.17607097657075665,0.4928901835489995,0.3286209592302608
M3-split,middle,0.5 % H2O,model,1e-06,39.03152880313289,0.002413111001117231,0.17588526651278877,0.4928231541683598,0.32887846831773415
M3-split,middle,0.5 % H2O,model,1e-06,40.68286257360202,0.00241043860330162,0.17578112496807313,0.4927854605440934,0.3290229758845318
M3-split,middle,0.5 % H2O,model,1e-06,42.404060459188024,0.002408980021011431,0.17572425780179393,0.4927648457476793,0.32910191642951525
M3-split,middle,0.5 % H2O,model,1e-06,44.1980782491253,0.0024082061802446013,0.1756940795137655,0.4927538967086869,0.329143817597303
M3-split,middle,0.5 % H2O,model,1e-06,46.06799678525902,0.0024078082890382057,0.17567856042148874,0.4927482637222755,0.32916536756719755
M3-split,middle,0.5 % H2O,model,1e-06,48.01702725273211,0.0024076110443212576,0.17567086668549567,0.4927454704926152,0.329176051777568
M3-split,middle,0.5 % H2O,model,1e-06,50.048516694508926,0.0024075177667984716,0.17566722817586516,0.49274414937878047,0.32918110467855577
M3-split,middle,0.5 % H2O,model,1e-06,52.165953759205564,0.002407476771165186,0.17566562901970437,0.49274356870865593,0.3291833255004746
M3-split,middle,0.5 % H2O,model,1e-06,54.372974692097905,0.0024074612860135913,0.17566502497191253,0.4927433493680684,0.32918416437400555
M3-split,middle,0.5 % H2O,model,1e-06,56.67336957959499,0.002407457907360149,0.17566489317619896,0.49274330151027723,0.3291843474061636
M3-split,middle,0.5 % H2O,model,1e-06,59.07108885790181,0.002407460154542171,0.17566498083562784,0.4927433333413304,0.32918422566849953
M3-split,middle,0.5 % H2O,model,1e-06,61.57025009704871,0.002407465015813237,0.17566517046619942,0.4927434022000561,0.3291839623179312
M3-split,middle,0.5 % H2O,model,1e-06,64.17514507193687,0.0024074711297441802,0.17566540895986013,0.4927434888014478,0.32918363110894794
M3-split,middle,0.5 % H2O,model,1e-06,66.89024713254423,0.002407477933322656,0.17566567435514285,0.4927435851708539,0.32918326254068053
M3-split,middle,0.5 % H2O,model,1e-06,69.72021888594699,0.0024074851883551006,0.1756659573608243,0.49274368793443346,0.32918286951638703
M3-split,middle,0.5 % H2O,model,1e-06,72.66992020335023,0.002407492808640785,0.1756662546144192,0.4927437958712072,0.3291824567057328
M3-split,middle,0.5 % H2O,model,1e-06,75.74441656587685,0.002407500776377282,0.1756665654199153,0.49274390872804436,0.329182025075663
M3-split,middle,0.5 % H2O,model,1e-06,78.94898776344854,0.0024075090876538364,0.17566688962728766,0.4927440264509568,0.32918157483410176
M3-split,middle,0.5 % H2O,model,1e-06,82.28913696169538,0.002407517753099598,0.1756672276455719,0.492744149186605,0.32918110541472334
M3-split,middle,0.5 % H2O,model,1e-06,85.7706001524658,0.0024075267868571416,0.17566758003341154,0.4927442771401929,0.3291806160395384
M3-split,middle,0.5 % H2O,model,1e-06,89.39935600416594,0.00240753620267933,0.175667947322741,0.4927444105032336,0.329180105971346
M3-split,middle,0.5 % H2O,model,1e-06,93.18163612884342,0.002407546017284435,0.1756683301671181,0.4927445495134798,0.32917957430211764
M3-split,middle,0.5 % H2O,model,1e-06,97.1239357836489,0.002407556247232067,0.17566872921230767,0.4927446944051578,0.32917902013530237
M3-split,middle,0.5 % H2O,model,1e-06,101.23302502505048,0.002407566909984343,0.17566914513887627,0.492744845425121,0.32917844252601836
M3-split,middle,0.5 % H2O,model,1e-06,105.51596033495792,0.0024075780240672886,0.17566957866982014,0.4927450028359161,0.3291778404701964
M3-split,middle,0.5 % H2O,model,1e-06,109.98009673872109,0.0024075896084049895,0.1756700305428285,0.49274516690507664,0.3291772129436899
M3-split,middle,0.5 % H2O,model,1e-06,114.63310043581247,0.0024076016829941115,0.17567050153794922,0.49274533791572694,0.32917655886332964
M3-split,middle,0.5 % H2O,model,1e-06,119.48296196488577,0.0024076142685571563,0.17567099246329732,0.4927455161610704,0.32917587710707513
M3-split,middle,0.5 % H2O,model,1e-06,124.53800992581655,0.0024076273867201185,0.17567150416222826,0.492745701947089,0.32917516650396267
M3-split,middle,0.5 % H2O,model,1e-06,129.80692528229133,0.0024076410600474677,0.17567203751478044,0.49274589559310167,0.32917442583207035
M3-split,middle,0.5 % H2O,model,1e-06,135.29875626950604,0.002407655312019084,0.17567259343655972,0.49274609743127007,0.32917365382015124
M3-split,middle,0.5 % H2O,model,1e-06,141.02293393257435,0.002407670167147311,0.17567317288352352,0.49274630780842105,0.32917284914090805
M3-split,middle,0.5 % H2O,model,1e-06,146.9892883223311,0.0024076856509549507,0.17567377685095498,0.4927465270856055,0.32917201041248456
M3-split,middle,0.5 % H2O,model,1e-06,153.20806537634184,0.0024077017900634473,0.17567440637700318,0.4927467556394231,0.32917113619351035
M3-split,middle,0.5 % H2O,model,1e-06,159.68994451410924,0.0024077186122124675,0.17567506254339132,0.4927469938622552,0.329170224982141
M3-split,middle,0.5 % H2O,model,1e-06,166.4460569766914,0.0024077361463207205,0.17567574647780504,0.4927472421631355,0.32916927521273887
M3-split,middle,0.5 % H2O,model,1e-06,173.48800494222866,0.0024077544225317906,0.17567645935568074,0.49274750096839837,0.32916828525338904
M3-split,middle,0.5 % H2O,model,1e-06,180.82788145020223,0.00240777347226537,0.17567720240218854,0.49274777072239023,0.32916725340315595
M3-split,middle,0.5 % H2O,model,1e-06,188.4782911686432,0.002407793328274056,0.17567797689445813,0.4927480518882782,0.32916617788898966
M3-split,middle,0.5 % H2O,model,1e-06,196.45237203995435,0.0024078140246968196,0.17567878416364927,0.49274834494879466,0.32916505686285935
M3-split,middle,0.5 % H2O,model,1e-06,204.76381784251524,0.002407835597120585,0.17567962559735764,0.492748650407108,0.32916388839841376
M3-split,middle,0.5 % H2O,model,1e-06,213.42690170681885,0.002407858082639768,0.17568050264192922,0.492748968787657,0.329162670487774
M3-split,middle,0.5 % H2O,model,1e-06,222.45650062652007,0.002407881519921387,0.1756814168049967,0.4927493006370667,0.32916140103801533
M3-split,middle,0.5 % H2O,model,1e-06,231.86812100648996,0.0024079059492713856,0.17568236965806133,0.4927496465250792,0.3291600778675881
M3-split,middle,0.5 % H2O,model,1e-06,241.67792529175034,0.0024079314127042543,0.17568336283920252,0.4927500070455326,0.3291586987025606
M3-split,middle,0.5 % H2O,model,1e-06,251.90275972301498,0.0024079579540158447,0.1756843980559138,0.4927503828173816,0.3291572611726888
M3-split,middle,0.5 % H2O,model,1e-06,262.5601832665064,0.0024079856188587356,0.175685477088034,0.49275077448575594,0.3291557628073513
M3-split,middle,0.5 % H2O,model,1e-06,273.668497767724,0.0024080144548214266,0.17568660179083098,0.49275118272307056,0.32915420103127707
M3-split,middle,0.5 % H2O,model,1e-06,285.2467793809492,0.0024080445115103885,0.1756877740981936,0.4927516082301766,0.3291525731601194
M3-split,middle,0.5 % H2O,model,1e-06,297.314911328461,0.0024080758406359788,0.17568899602597485,0.4927520517375638,0.3291508763958254
M3-split,middle,0.5 % H2O,model,1e-06,309.89361804571615,0.0024081084961018544,0.17569026967547108,0.4927525140066146,0.3291491078218125
M3-split,middle,0.5 % H2O,model,1e-06,323.00450077113646,0.002408142534098219,0.1756915972370482,0.4927529958309083,0.3291472643979453
M3-split,middle,0.5 % H2O,model,1e-06,336.6700746416139,0.002408178013199132,0.1756929809939277,0.492753498037584,0.32914534295528924
M3-split,middle,0.5 % H2O,model,1e-06,350.91380735744417,0.0024082149944638976,0.17569442332612958,0.4927540214887567,0.32914334019064995
M3-split,middle,0.5 % H2O,model,1e-06,365.7601594830805,0.0024082535415428244,0.1756959267145846,0.49275456708299753,0.32914125266087507
M3-split,middle,0.5 % H2O,model,1e-06,381.23462645292375,0.0024082937207875487,0.17569749374542437,0.4927551357568733,0.3291390767769149
M3-split,middle,0.5 % H2O,model,1e-06,397.3637823542767,0.0024083356013659997,0.17569912711445054,0.49275572848655275,0.32913680879763085
M3-split,middle,0.5 % H2O,model,1e-06,414.1753255626552,0.00240837925538237,0.17570082963179787,0.49275634628947973,0.3291344448233401
M3-split,middle,0.5 % H2O,model,1e-06,431.6981263078251,0.0024084247580022015,0.17570260422679565,0.49275699022611824,0.329131980789084
M3-split,middle,0.5 % H2O,model,1e-06,449.9622762522443,0.002408472187582815,0.17570445395303702,0.4927576614017689,0.3291294124576113
M3-split,middle,0.5 % H2O,model,1e-06,468.99914016706043,0.0024085216258093746,0.17570638199366395,0.4927583609684642,0.32912673541206244
M3-split,middle,0.5 % H2O,model,1e-06,488.8414097943947,0.0024085731578367847,0.17570839166688015,0.49275909012694286,0.3291239450483403
M3-split,middle,0.5 % H2O,model,1e-06,509.52315998841743,0.0024086268724376725,0.17571048643169826,0.4927598501287076,0.32912103656715647
M3-split,middle,0.5 % H2O,model,1e-06,531.0799072316224,0.0024086828621567463,0.17571266989393416,0.4927606422781693,0.3291180049657398
M3-split,middle,0.5 % H2O,model,1e-06,553.5486706267875,0.002408741223471797,0.17571494581245742,0.4927614679348821,0.32911484502918864
M3-split,middle,0.5 % H2O,model,1e-06,576.9680354693685,0.0024088020569616297,0.1757173181057098,0.49276232851587287,0.3291115513214557
M3-split,middle,0.5 % H2O,model,1e-06,601.3782195094898,0.0024088654674812374,0.1757197908585035,0.49276322549806806,0.32910811817594715
M3-split,middle,0.5 % H2O,model,1e-06,626.8211420173293,0.0024089315643445156,0.17572236832911087,0.4927641604208242,0.32910453968572023
M3-split,middle,0.5 % H2O,model,1e-06,653.3404957704963,0.002409000461514893,0.17572505495665844,0.49276513488856355,0.32910080969326316
M3-split,middle,0.5 % H2O,model,1e-06,680.9818220870363,0.00240907227780416,0.17572785536883853,0.49276615057352174,0.3290969217798357
M3-split,middle,0.5 % H2O,model,1e-06,709.7925890329016,0.002409147137079923,0.1757307743899525,0.49276720921861145,0.3290928692543562
M3-split,middle,0.5 % H2O,model,1e-06,739.822272938202,0.0024092251684820296,0.17573381704930008,0.4927683126404057,0.3290886451418122
M3-split,middle,0.5 % H2O,model,1e-06,771.1224433622212,0.002409306506648357,0.17573698858992917,0.49276946273224814,0.3290842421711743
M3-split,middle,0.5 % H2O,model,1e-06,803.7468516531015,0.0024093912919504064,0.1757402944777631,0.4927706614674928,0.3290796527627937
M3-split,middle,0.5 % H2O,model,1e-06,837.7515232542927,0.0024094796707391135,0.175743740411121,0.4927719109028814,0.3290748690152585
M3-split,middle,0.5 % H2O,model,1e-06,873.1948539162647,0.0024095717956013375,0.17574733233064885,0.4927732131820625,0.3290698826916872
M3-split,middle,0.5 % H2O,model,1e-06,910.1377099787206,0.0024096678256275137,0.17575107642967935,0.4927745705392587,0.32906468520543436
M3-split,middle,0.5 % H2O,model,1e-06,948.6435328955174,0.0024097679266909503,0.17575497916503927,0.4927759853030879,0.3290592676051818
M3-split,middle,0.5 % H2O,model,1e-06,988.7784481817904,0.0024098722717393103,0.17575904726832398,0.4927774599005459,0.32905362055939075
M3-split,middle,0.5 % H2O,model,1e-06,1030.6113789703877,0.0024099810410988104,0.17576328775766037,0.4927789968611558,0.3290477343400849
M3-split,middle,0.5 % H2O,model,1e-06,1074.214164372607,0.002410094422791719,0.17576770794997884,0.4927805988212926,0.3290415988059368
M3-split,middle,0.5 % H2O,model,1e-06,1119.6616828464998,0.0024102126128677432,0.17577231547381794,0.4927822685286885,0.3290352033846259
M3-split,middle,0.5 % H2O,model,1e-06,1167.0319807846197,0.0024103358157499376,0.17577711828268439,0.4927840088471285,0.3290285370544371
M3-split,middle,0.5 % H2O,model,1e-06,1216.4064065419916,0.002410464244595797,0.1757821246689938,0.492785822761343,0.32902158832506734
M3-split,middle,0.5 % H2O,model,1e-06,1267.8697501345325,0.002410598121674213,0.1757873432786176,0.4927877133821051,0.329014345217603
M3-split,middle,0.5 % H2O,model,1e-06,1321.51038884775,0.002410737678759028,0.17579278312606386,0.49278968395154304,0.32900679524363413
M3-split,middle,0.5 % H2O,model,1e-06,1377.4204390058364,0.002410883157539928,0.17579845361031884,0.49279173784867414,0.32899892538346703
M3-split,middle,0.5 % H2O,model,1e-06,1435.6959141617613,0.002411034810051495,0.17580436453138218,0.4927938785951725,0.3289907220633938
M3-split,middle,0.5 % H2O,model,1e-06,1496.4368899799936,0.002411192899121221,0.1758105261075225,0.4927961098613767,0.32898217113197953
M3-split,middle,0.5 % H2O,model,1e-06,1559.747676095074,0.0024113576988373875,0.17581694899328937,0.49279843547255076,0.32897325783532255
M3-split,middle,0.5 % H2O,model,1e-06,1625.7369952410816,0.0024115294950376987,0.1758236442983139,0.4928008594154061,0.3289639667912423
M3-split,middle,0.5 % H2O,model,1e-06,1694.5181699596842,0.0024117085858196695,0.17583062360693516,0.49280338584489736,0.32895428196234777
M3-split,middle,0.5 % H2O,model,1e-06,1766.2093172073767,0.002411895282073749,0.1758378989986893,0.4928060190913026,0.32894418662793423
M3-split,middle,0.5 % H2O,model,1e-06,1840.933551196067,0.0024120899080402455,0.1758454830696992,0.4928087636675992,0.3289336633546613
M3-split,middle,0.5 % H2O,model,1e-06,1918.8191948154297,0.002412292801891176,0.17585338895500777,0.4928116242771473,0.32892269396595364
M3-split,middle,0.5 % H2O,model,1e-06,2000.0,0.0024125043163382206,0.17586163035189764,0.49281460582169595,0.3289112595100681
M3-split,middle,0.5 % H2O,measured,,42.86361111111111,0.9299932391087324,0.0602067459778262,-0.0127888361282447,0.0225283334121302
M3-split,middle,2 % H2O,model,0.0,0.1,0.9999999989901696,9.331993454900014e-10,7.452985222866435e-11,2.1011447326949817e-12
M3-split,middle,2 % H2O,model,0.0,0.10423076887097628,0.9999999989438811,9.728591354451715e-10,8.089179858658303e-11,2.3679195435696304e-12
M3-split,middle,2 % H2O,model,0.0,0.10864053179434878,0.9999999988953175,1.014219895157235e-09,8.779349534606626e-11,2.669036179915863e-12
M3-split,middle,2 % H2O,model,0.0,0.11323686159476715,0.9999999988443542,1.0573566033845012e-09,9.528026810965745e-11,3.0089621411358596e-12
M3-split,middle,2 % H2O,model,0.0,0.11802765148558905,0.9999999987908584,1.1023478068958596e-09,1.0340118548308241e-10,3.3927497564433403e-12
M3-split,middle,2 % H2O,model,0.0,0.12302112862378574,0.9999999987346888,1.1492758235431928e-09,1.1220935955282263e-10,3.826113044042145e-12
M3-split,middle,2 % H2O,model,0.0,0.12822586823832455,0.9999999986756952,1.1982269608001353e-09,1.2176226929076597e-10,4.315514696609209e-12
M3-split,middle,2 % H2O,model,0.0,0.13365080835629065,0.9999999986137178,1.2492917513294448e-09,1.3212210846513248e-10,4.868264529405767e-12
M3-split,middle,2 % H2O,model,0.0,0.13930526515203676,0.9999999985485861,1.3025652073273771e-09,1.4335615972013762e-10,5.492630903876179e-12
M3-split,middle,2 % H2O,model,0.0,0.1451989489457201,0.9999999984801154,1.3581474567925e-09,1.555388375667575e-10,6.198327122544199e-12
M3-split,middle,2 % H2O,model,0.0,0.15134198087870035,0.9999999984081103,1.4161435819219387e-09,1.687500319512009e-10,6.996195707660686e-12
M3-split,middle,2 % H2O,model,0.0,0.15774491029443527,0.9999999983323649,1.4766635178329044e-09,1.830736421883106e-10,7.897946347892772e-12
M3-split,middle,2 % H2O,model,0.0,0.1644187328547217,0.9999999982526574,1.539823267627287e-09,1.9860199717672592e-10,8.917200108701645e-12
M3-split,middle,2 % H2O,model,0.0,0.17137490942239292,0.9999999981687507,1.6057449586605297e-09,2.1543490451903173e-10,1.0069370695191325e-11
M3-split,middle,2 % H2O,model,0.0,0.17862538574289932,0.9999999980803904,1.6745572622411647e-09,2.3368023078077186e-10,1.1371900881601055e-11
M3-split,middle,2 % H2O,model,0.0,0.18618261295857116,0.9999999979873051,1.7463958523084665e-09,2.5345452316316396e-10,1.2844530163862405e-11
M3-split,middle,2 % H2O,model,0.0,0.19405956899079269,0.9999999978892029,1.8214039075432117e-09,2.7488367501332445e-10,1.4509597761950035e-11
M3-split,middle,2 % H2O,model,0.0,0.20226978082680583,0.9999999977857645,1.8997305627793873e-09,2.981144599050417e-10,1.63902819525759e-11
M3-split,middle,2 % H2O,model,0.0,0.21082734774941828,0.9999999976766587,1.9815367255501193e-09,3.2328842214260274e-10,1.851621158383774e-11
M3-split,middle,2 % H2O,model,0.0,0.2197469655495056,0.9999999975615238,2.0669913353503933e-09,3.505654033695152e-10,2.0919490328213965e-11
M3-split,middle,2 % H2O,model,0.0,0.22904395176288905,0.9999999974399721,2.156273330986341e-09,3.801180434373065e-10,2.36364316933057e-11
M3-split,middle,2 % H2O,model,0.0,0.23873427197492728,0.9999999973115868,2.2495724559724244e-09,4.121327185335364e-10,2.670811945505939e-11
M3-split,middle,2 % H2O,model,0.0,0.24883456723799433,0.9999999971759169,2.3470892739358216e-09,4.4681361720416125e-10,3.0180166293343744e-11
M3-split,middle,2 % H2O,model,0.0,0.25936218264892796,0.999999997032475,2.4490350541222857e-09,4.843876690492924e-10,3.4102331353456336e-11
M3-split,middle,2 % H2O,model,0.0,0.2703351971355234,0.9999999968807399,2.555637957864116e-09,5.250878161849209e-10,3.8534437663052855e-11
M3-split,middle,2 % H2O,model,0.0,0.28177245450322547,0.9999999967201468,2.6671393425498292e-09,5.691714313204637e-10,4.354237890699065e-11
M3-split,middle,2 % H2O,model,0.0,0.2936935957953338,0.9999999965500861,2.7837964058355602e-09,6.169170430428073e-10,4.920046438119227e-11
M3-split,middle,2 % H2O,model,0.0,0.3061190930222936,0.9999999963698977,2.905884967320963e-09,6.686234256006413e-10,5.559388386588534e-11
M3-split,middle,2 % H2O,model,0.0,0.3190702843179958,0.9999999961788677,3.033698405888848e-09,7.246165014349407e-10,6.281732174387308e-11
M3-split,middle,2 % H2O,model,0.0,0.33256941058345696,0.9999999959762227,3.1675501674572745e-09,7.852498938883297e-10,7.097712168804065e-11
M3-split,middle,2 % H2O,model,0.0,0.34663965368081123,0.9999999957611242,3.3077765417766465e-09,8.509055152418525e-10,8.019370571652929e-11
M3-split,middle,2 % H2O,model,0.0,0.36130517624319886,0.999999995532662,3.4547382388402548e-09,9.219970708949435e-10,9.060278014409016e-11
M3-split,middle,2 % H2O,model,0.0,0.37659116316892216,0.9999999952898473,3.608822678106928e-09,9.989728847011717e-10,1.023572376876067e-10
M3-split,middle,2 % H2O,model,0.0,0.39252386487112034,0.9999999950316039,3.770448580229559e-09,1.0823162294820954e-09,1.156313410886868e-10
M3-split,middle,2 % H2O,model,0.0,0.4091306423572408,0.9999999947567583,3.940070196428893e-09,1.1725468585316044e-09,1.3062452856147176e-10
M3-split,middle,2 % H2O,model,0.0,0.4264400142157162,0.9999999944640369,4.118170365658477e-09,1.270238504353527e-09,1.475540541663341e-10
M3-split,middle,2 % H2O,model,0.0,0.44448170559054145,0.9999999941520483,4.30527419015977e-09,1.3760092776249568e-09,1.666681834603418e-10
M3-split,middle,2 % H2O,model,0.0,0.46328669922785054,0.9999999938192731,4.501949972973965e-09,1.4905303741646586e-09,1.8824666019661776e-10
M3-split,middle,2 % H2O,model,0.0,0.4828872886821559,0.9999999934640488,4.7088162819817476e-09,1.614527577909273e-09,2.1260726487089225e-10
M3-split,middle,2 % H2O,model,0.0,0.503317133773622,0.9999999930845535,4.926551009755229e-09,1.7487813301145413e-09,2.4011434336347815e-10
M3-split,middle,2 % H2O,model,0.0,0.5246113183916065,0.9999999926787964,5.155880541867526e-09,1.8941554818157327e-09,2.711674797005434e-10
M3-split,middle,2 % H2O,model,0.0,0.5468064107437368,0.9999999922445931,5.397600929332206e-09,2.0515839256003736e-09,3.062220602679753e-10
M3-split,middle,2 % H2O,model,0.0,0.5699405261539854,0.9999999917795427,5.652581793973505e-09,2.2220828370570073e-09,3.4579259547073647e-10
M3-split,middle,2 % H2O,model,0.0,0.5940533925175866,0.9999999912810003,5.92178263811826e-09,2.4067488340671484e-09,3.904683717318059e-10
M3-split,middle,2 % H2O,model,0.0,0.6191864185251992,0.9999999907460612,6.206243134016027e-09,2.6067924979809694e-09,4.4090318794137337e-10
M3-split,middle,2 % H2O,model,0.0,0.6453827647734762,0.9999999901715217,6.507107928761598e-09,2.8235308064371046e-09,4.978394150270508e-10
M3-split,middle,2 % H2O,model,0.0,0.6726874178841584,0.9999999895538421,6.825638708776914e-09,3.058399965039399e-09,5.621193368655821e-10
M3-split,middle,2 % H2O,model,0.0,0.7011472677589756,0.9999999888891081,7.163224997834673e-09,3.3129715599607973e-09,6.346952310592541e-10
M3-split,middle,2 % H2O,model,0.0,0.7308111881030229,0.9999999881729934,7.521394728956852e-09,3.588972516575083e-09,7.166392058313767e-10
M3-split,middle,2 % H2O,model,0.0,0.7617301203548975,0.9999999874006935,7.901842847489675e-09,3.888292749454757e-09,8.091708714925054e-10
M3-split,middle,2 % H2O,model,0.0,0.7939571611677227,0.9999999865668725,8.306446795824237e-09,4.213008683077311e-09,9.136720126150753e-10
M3-split,middle,2 % H2O,model,0.0,0.8275476535912937,0.9999999856656117,8.737277061397386e-09,4.565415052451387e-09,1.0316963732992922e-09
M3-split,middle,2 % H2O,model,0.0,0.8625592821119288,0.9999999846903169,9.196635024550473e-09,4.948041700604499e-09,1.165006409544162e-09
M3-split,middle,2 % H2O,model,0.0,0.8990521717132368,0.999999983633607,9.687102384212345e-09,5.3636689800455065e-09,1.3156214451557037e-09
M3-split,middle,2 % H2O,model,0.0,0.9370889911279167,0.9999999824872584,1.0211538724485205e-08,5.815388333155868e-09,1.485814631887749e-09
M3-split,middle,2 % H2O,model,0.0,0.9767350604579019,0.9999999812420768,1.0773128748938438e-08,6.30663553357476e-09,1.6781589362411496e-09
M3-split,middle,2 % H2O,model,0.0,1.0180584633476666,0.9999999798877253,1.1375457409878075e-08,6.841216584997912e-09,1.895600598181063e-09
M3-split,middle,2 % H2O,model,0.0,1.0611301639033188,0.9999999784125878,1.2022547221249204e-08,7.423369554417007e-09,2.1414953416686735e-09
M3-split,middle,2 % H2O,model,0.0,1.1060241285582797,0.9999999768036364,1.2718884118682371e-08,8.05784611600459e-09,2.41963334254335e-09
M3-split,middle,2 % H2O,model,0.0,1.1528174530948103,0.9999999750461216,1.3469555475253773e-08,8.749948465426781e-09,2.7343744430047157e-09
M3-split,middle,2 % H2O,model,0.0,1.2015904950395269,0.9999999731234007,1.4280285338370926e-08,9.5056312448842e-09,3.090682575618611e-09
M3-split,middle,2 % H2O,model,0.0,1.2524270116602694,0.999999971016662,1.5157523781180784e-08,1.0331600930360501e-08,3.494213283118198e-09
M3-split,middle,2 % H2O,model,0.0,1.3054143038012902,0.999999968704475,1.6108622337790186e-08,1.123541727239499e-08,3.9514853181382975e-09
M3-split,middle,2 % H2O,model,0.0,1.3606433658037873,0.9999999661625337,1.7141893433770378e-08,1.2225633201843642e-08,4.469939579275673e-09
M3-split,middle,2 % H2O,model,0.0,1.4182090417692177,0.9999999633631039,1.8266805101806784e-08,1.3311961711872177e-08,5.058129301677863e-09
M3-split,middle,2 % H2O,model,0.0,1.4782101884337602,0.9999999602745009,1.9494159810524577e-08,1.4505443029398565e-08,5.7258962100862924e-09
M3-split,middle,2 % H2O,model,0.0,1.540749844933616,0.9999999568604235,2.083631444571797e-08,1.5818676156154614e-08,6.484585814839321e-09
M3-split,middle,2 % H2O,model,0.0,1.6059354097526826,0.9999999530791481,2.2307448156898516e-08,1.7266094485242128e-08,7.347309302977853e-09
M3-split,middle,2 % H2O,model,0.0,1.6738788251564845,0.9999999488826602,2.3923858214710257e-08,1.8864246833523515e-08,8.329234945080655e-09
M3-split,middle,2 % H2O,model,0.0,1.7446967694290683,0.9999999442154679,2.5704346712670653e-08,2.0632221494177478e-08,9.447963859393654e-09
M3-split,middle,2 % H2O,model,0.0,1.8185108572430024,0.9999999390133387,2.7670657011895337e-08,2.259204454255731e-08,1.072395957660596e-08
M3-split,middle,2 % H2O,model,0.0,1.895447848506563,0.9999999332016117,2.984802487791416e-08,2.476928168870963e-08,1.2181081924132721e-08
M3-split,middle,2 % H2O,model,0.0,1.9756398660467678,0.9999999266933318,3.226581446179413e-08,2.7193643245371542e-08,1.3847210324119573e-08
M3-split,middle,2 % H2O,model,0.0,2.0592246225020725,0.9999999193867918,3.495833575206705e-08,2.989983940086444e-08,1.5755033129624283e-08
M3-split,middle,2 % H2O,model,0.0,2.1463456568143684,0.9999999111627481,3.79657836660494e-08,3.292850612295514e-08,1.7942962204336046e-08
M3-split,middle,2 % H2O,model,0.0,2.2371525807264225,0.9999999018807854,4.1335458256241733e-08,3.6327450483097303e-08,2.045630600698841e-08
M3-split,middle,2 % H2O,model,0.0,2.3318013357080383,0.9999998913750714,4.512319626523348e-08,4.015308108489188e-08,2.3348651203640353e-08
M3-split,middle,2 % H2O,model,0.0,2.4304544607521823,0.9999998794489368,4.939519892659319e-08,4.447225384385773e-08,2.6683610577406075e-08
M3-split,middle,2 % H2O,model,0.0,2.533281371500941,0.9999998658682314,5.4230277985063804e-08,4.9364527886637134e-08,3.0536962976672e-08
M3-split,middle,2 % H2O,model,0.0,2.640458651180643,0.9999998503530932,5.972264570998662e-08,5.4924960536260765e-08,3.499930063891329e-08
M3-split,middle,2 % H2O,model,0.0,2.7521703538457944,0.9999998325675362,6.598545251269168e-08,6.12676543225968e-08,4.0179357110892405e-08
M3-split,middle,2 % H2O,model,0.0,2.868608320452539,0.9999998121063933,7.315523857441826e-08,6.853020170034702e-08,4.6208166227575623e-08
M3-split,middle,2 % H2O,model,0.0,2.9899725083044815,0.9999997884787921,8.13975879776274e-08,7.687932087618443e-08,5.324429878533544e-08
M3-split,middle,2 % H2O,model,0.0,3.1164713344365755,0.9999997610871024,9.091436013110373e-08,8.651804500231837e-08,6.148049227287404e-08
M3-split,middle,2 % H2O,model,0.0,3.2483220335268164,0.9999997292000291,1.0195297424726412e-07,9.769492635562128e-08,7.115207026133038e-08
M3-split,middle,2 % H2O,model,0.0,3.385751030950334,0.9999996919176787,1.1481853684653169e-07,1.1071601597373096e-07,8.2547768585421e-08
M3-split,middle,2 % H2O,model,0.0,3.528994331616538,0.9999996481264399,1.298895949836328e-07,1.2596036588174933e-07,9.602359915967388e-08
M3-split,middle,2 % H2O,model,0.0,3.678297925257089,0.9999995964398701,1.4763892739364913e-07,1.4390039698435966e-07,1.1202080526035415e-07
M3-split,middle,2 % H2O,model,0.0,3.833918208860631,0.9999995351207775,1.6866117398951013e-07,1.651288293825702e-07,1.310892191225331e-07
M3-split,middle,2 % H2O,model,0.0,3.9961224269797992,0.9999994619775129,1.9370996410778712e-07,1.9039465744023238e-07,1.5391786542969468e-07
M3-split,middle,2 % H2O,model,0.0,4.165189130666562,0.9999993742246528,2.2374835356913953e-07,2.206516817644684e-07,1.8137531187022461e-07
M3-split,middle,2 % H2O,model,0.0,4.341408655824089,0.9999992682939559,2.6001813918312497e-07,2.5712467797621065e-07,2.145632269066925e-07
M3-split,middle,2 % H2O,model,0.0,4.525083621796566,0.9999991395754062,3.041361878545303e-07,3.0140052325928963e-07,2.548878826206401e-07
M3-split,middle,2 % H2O,model,0.0,4.716529451053179,0.9999989820572599,3.5823061451483123e-07,3.5555564390383584e-07,3.0415648157729074e-07
M3-split,middle,2 % H2O,model,0.0,4.916074910858767,0.9999987878187708,4.251364526555872e-07,4.2233687214025663e-07,3.6470790438688855e-07
M3-split,middle,2 % H2O,model,0.0,5.124062677861254,0.9999985463050456,5.086815275775449e-07,5.054219423347987e-07,4.395914843972455e-07
M3-split,middle,2 % H2O,model,0.0,5.34084992656552,0.9999982432718801,6.14112887185849e-07,6.098016677427618e-07,5.328135647407024e-07
M3-split,middle,2 % H2O,model,0.0,5.566808942704215,0.9999978592182527,7.487483529602714e-07,7.423527001361252e-07,6.496806941839101e-07
M3-split,middle,2 % H2O,model,0.0,5.802327762558867,0.999997367008301,9.229962126875765e-07,9.127142510036683e-07,7.972812352753921e-07
M3-split,middle,2 % H2O,model,0.0,6.047810839329224,0.9999967281671639,1.1519996335806174e-06,1.1346657276995052e-06,9.851674748214234e-07
M3-split,middle,2 % H2O,model,0.0,6.303679737695092,0.999995886943312,1.4583747023418318e-06,1.4283524461821903e-06,1.226329539591752e-06
M3-split,middle,2 % H2O,model,0.0,6.570373857763537,0.999994760468445,1.8769401388566346e-06,1.823996230375871e-06,1.5385951857119727e-06
M3-split,middle,2 % H2O,model,0.0,6.848351189644559,0.9999932218171778,2.463233984463132e-06,2.3683009122525867e-06,1.9466479255011587e-06
M3-split,middle,2 % H2O,model,0.0,7.138089099951173,0.9999910695377908,3.3095945212389048e-06,3.1359452814913e-06,2.4849224066668088e-06
M3-split,middle,2 % H2O,model,0.0,7.440085151574459,0.9999879700059705,4.577227076155696e-06,4.251102352677569e-06,3.2016646006395396e-06
M3-split,middle,2 % H2O,model,0.0,7.7548579581413986,0.9999833417335662,6.5643507775490966e-06,5.929666459206542e-06,4.164249197010363e-06
M3-split,middle,2 % H2O,model,0.0,8.082948074622873,0.9999761064694385,9.862333287941695e-06,8.566437523731487e-06,5.46475974964274e-06
M3-split,middle,2 % H2O,model,0.0,8.424918925621194,0.9999641073267458,1.5747172835074405e-05,1.292495350492365e-05,7.2205469140026346e-06
M3-split,middle,2 % H2O,model,0.0,8.781357772931367,0.9999426043113826,2.727459620738951e-05,2.057189794013157e-05,9.549194470007182e-06
M3-split,middle,2 % H2O,model,0.0,9.1528767240376,0.999899872882038,5.278108790433778e-05,3.489914529620563e-05,1.2446884761261136e-05
M3-split,middle,2 % H2O,model,0.0,9.540113783277015,0.9998022271453434,0.00011902386158352248,6.338513566329416e-05,1.5363857409753157e-05
M3-split,middle,2 % H2O,model,0.0,9.943733947475618,0.9995332753747874,0.0003300323725098831,0.00012048358597462831,1.6208666727913806e-05
M3-split,middle,2 % H2O,model,0.0,10.36443034793812,0.9986044581997953,0.0011681367427702435,0.0002157448359629443,1.1660221471401804e-05
M3-split,middle,2 % H2O,model,0.0,10.802925440752704,0.9947226303935126,0.0049713262688359,0.00030146153614263636,4.581801508797745e-06
M3-split,middle,2 % H2O,model,0.0,11.259972247454842,0.9770088790628659,0.022636642285972196,0.0003531630031057193,1.3156480562899777e-06
M3-split,middle,2 % H2O,model,0.0,11.736355648180727,0.89229880837384,0.10686172600689436,0.00083790249654292,1.5631227227224644e-06
M3-split,middle,2 % H2O,model,0.0,12.23289372953102,0.5013347396351462,0.4803928181299957,0.018109569230867775,0.0001628730039901978
M3-split,middle,2 % H2O,model,0.0,12.750439189459637,0.021334583747654318,0.4788153049854766,0.4143427764033216,0.08550733486354765
M3-split,middle,2 % H2O,model,0.0,13.289880801600054,0.002395629664959275,0.174891373838314,0.4922743202184658,0.330438676278261
M3-split,middle,2 % H2O,model,0.0,13.852144941543997,0.000726779383486678,0.08963775553154366,0.42625381385269123,0.48338165123227844
M3-split,middle,2 % H2O,model,0.0,14.438197177693354,0.00036966464016202833,0.06009152114852446,0.3766224826575464,0.5629163315537671
M3-split,middle,2 % H2O,model,0.0,15.049043929417392,0.0002516693222246683,0.047625994490977215,0.34749193632444414,0.604630399862354
M3-split,middle,2 % H2O,model,0.0,15.685734195362725,0.00020264800272556496,0.04172110771354278,0.33117357879191955,0.6269026654918121
M3-split,middle,2 % H2O,model,0.0,16.34936135488421,0.00017973396630361718,0.03875668603611926,0.32221750901909724,0.6388460709784799
M3-split,middle,2 % H2O,model,0.0,17.041065045690072,0.00016842066168875798,0.0372354071624606,0.31739690575174806,0.6451992664241026
M3-split,middle,2 % H2O,model,0.0,17.762033120925942,0.0001627333989901288,0.0364547516960864,0.31485989016462923,0.6485226247402942
M3-split,middle,2 % H2O,model,0.0,18.51350368905859,0.0001598844171279848,0.03605947393648374,0.3135583215041866,0.6502223201422016
M3-split,middle,2 % H2O,model,0.0,19.29676724006232,0.00015848016368877807,0.035863578929035744,0.3129089700490672,0.6510689708582083
M3-split,middle,2 % H2O,model,0.0,20.113168861559622,0.0001578041926052302,0.03576902619956336,0.31259451561094653,0.651478653996885
M3-split,middle,2 % H2O,model,0.0,20.964110548721372,0.00015748777212757178,0.0357247091906026,0.31244689805646786,0.6516709049808019
M3-split,middle,2 % H2O,model,0.0,21.851053611893725,0.00015734403811703036,0.03570456612253987,0.312379753474014,0.651758336365329
M3-split,middle,2 % H2O,model,0.0,22.77552118608608,0.00015728064801867267,0.035695680153977484,0.3123501233605074,0.6517969158374964
M3-split,middle,2 % H2O,model,0.0,23.739100846629615,0.0001572533596002448,0.035691854434453246,0.31233736472038875,0.6518135274855578
M3-split,middle,2 % H2O,model,0.0,24.74344733549848,0.0001572416958158618,0.035690219138177146,0.31233191072646127,0.6518206284395456
M3-split,middle,2 % H2O,model,0.0,25.79028540297515,0.00015723652368624126,0.03568949397421059,0.3123294921152982,0.6518237773868049
M3-split,middle,2 % H2O,model,0.0,26.88141276954016,0.00015723392668902681,0.03568912985525841,0.3123282776685679,0.6518253585494845
M3-split,middle,2 % H2O,model,0.0,28.01870321307253,0.00015723229118952563,0.035688900544007515,0.3123275128411348,0.6518263543236681
M3-split,middle,2 % H2O,model,0.0,29.204109786662425,0.00015723097963576935,0.03568871665182499,0.312326899498189,0.6518271528703502
M3-split,middle,2 % H2O,model,0.0,30.439668172562268,0.00015722975083906298,0.035688544362287106,0.3123263248517094,0.6518279010351644
M3-split,middle,2 % H2O,model,0.0,31.727500178035505,0.00015722851647145868,0.03568837129104003,0.31232574759566084,0.6518286525968277
M3-split,middle,2 % H2O,model,0.0,33.069817379106794,0.00015722724360665676,0.035688192821490786,0.312325152331924,0.6518294276029786
M3-split,middle,2 % H2O,model,0.0,34.46892491847074,0.00015722592241154926,0.035688007574881865,0.3123245344615863,0.6518302320411202
M3-split,middle,2 % H2O,model,0.0,35.92722546408158,0.00015722454665176254,0.035687814676985986,0.3123238910683989,0.6518310697079632
M3-split,middle,2 % H2O,model,0.0,37.4472233352214,0.00015722311185501392,0.035687613500684424,0.312323220060374,0.6518319433270865
M3-split,middle,2 % H2O,model,0.0,39.03152880313289,0.0001572216167157613,0.035687403862798256,0.31232252082609235,0.6518328536943936
M3-split,middle,2 % H2O,model,0.0,40.68286257360202,0.0001572200590823321,0.035687185461596695,0.3123217923588648,0.651833802120456
M3-split,middle,2 % H2O,model,0.0,42.404060459188024,0.00015721843537212405,0.03568695779452858,0.31232103298178315,0.6518347907883161
M3-split,middle,2 % H2O,model,0.0,44.1980782491253,0.0001572167426480496,0.0356867204497973,0.3123202413211016,0.651835821486453
M3-split,middle,2 % H2O,model,0.0,46.06799678525902,0.0001572149786710438,0.03568647311311233,0.31231941632757154,0.6518368955806451
M3-split,middle,2 % H2O,model,0.0,48.01702725273211,0.00015721314012728205,0.03568621531995802,0.3123185564517535,0.6518380150881612
M3-split,middle,2 % H2O,model,0.0,50.048516694508926,0.00015721122358607433,0.03568594658890201,0.3123176600867225,0.6518391821007894
M3-split,middle,2 % H2O,model,0.0,52.165953759205564,0.00015720922609329722,0.03568566650567763,0.3123167258502192,0.6518403984180099
M3-split,middle,2 % H2O,model,0.0,54.372974692097905,0.00015720714416958393,0.03568537458225955,0.3123157521137106,0.6518416661598603
M3-split,middle,2 % H2O,model,0.0,56.67336957959499,0.00015720497406890202,0.035685070293100356,0.3123147371232101,0.6518429876096208
M3-split,middle,2 % H2O,model,0.0,59.07108885790181,0.00015720271220661476,0.035684753135395965,0.3123136792007709,0.6518443649516265
M3-split,middle,2 % H2O,model,0.0,61.57025009704871,0.00015720035469369686,0.035684422563615356,0.31231257652579064,0.6518458005559002
M3-split,middle,2 % H2O,model,0.0,64.17514507193687,0.00015719789741657238,0.0356840780006596,0.31231142717215915,0.6518472969297646
M3-split,middle,2 % H2O,model,0.0,66.89024713254423,0.00015719533622187708,0.03568371886388417,0.3123102291952784,0.6518488566046157
M3-split,middle,2 % H2O,model,0.0,69.72021888594699,0.00015719266669448638,0.03568334453389353,0.31230898052781125,0.6518504822716007
M3-split,middle,2 % H2O,model,0.0,72.66992020335023,0.00015718988423599558,0.035682954365545326,0.3123076790163811,0.6518521767338374
M3-split,middle,2 % H2O,model,0.0,75.74441656587685,0.00015718698409607223,0.03568254769238693,0.31230632243644313,0.6518539428870739
M3-split,middle,2 % H2O,model,0.0,78.94898776344854,0.00015718396128175835,0.03568212381389223,0.31230490844961545,0.6518557837752105
M3-split,middle,2 % H2O,model,0.0,82.28913696169538,0.00015718081061036449,0.03568168200289339,0.3123034346284914,0.6518577025580049
M3-split,middle,2 % H2O,model,0.0,85.7706001524658,0.0001571775266785377,0.03568122150124292,0.3123018984421594,0.6518597025299192
M3-split,middle,2 % H2O,model,0.0,89.39935600416594,0.00015717410384473074,0.03568074151733944,0.31230029724791203,0.6518617871309038
M3-split,middle,2 % H2O,model,0.0,93.18163612884342,0.0001571705362410952,0.035680241227803125,0.312298628296839,0.6518639599391168
M3-split,middle,2 % H2O,model,0.0,97.1239357836489,0.00015716681774305923,0.0356797197731974,0.312296888719523,0.6518662246895366
M3-split,middle,2 % H2O,model,0.0,101.23302502505048,0.00015716294197140902,0.0356791762583186,0.31229507552699026,0.6518685852727197
M3-split,middle,2 % H2O,model,0.0,105.51596033495792,0.0001571589022766947,0.035678609750004656,0.3122931856033805,0.6518710457443381
M3-split,middle,2 % H2O,model,0.0,109.98009673872109,0.00015715469172742524,0.03567801927547106,0.31229121570036583,0.6518736103324357
M3-split,middle,2 % H2O,model,0.0,114.63310043581247,0.00015715030310070876,0.035677403820994685,0.31228916243273963,0.651876283443165
M3-split,middle,2 % H2O,model,0.0,119.48296196488577,0.00015714572886713814,0.035676762329785214,0.31228702227128347,0.6518790696700641
M3-split,middle,2 % H2O,model,0.0,124.53800992581655,0.0001571409611802389,0.03567609370049903,0.3122847915377804,0.6518819738005402
M3-split,middle,2 % H2O,model,0.0,129.80692528229133,0.00015713599186139223,0.0356753967851161,0.3122824663978968,0.6518850008251257
M3-split,middle,2 % H2O,model,0.0,135.29875626950604,0.0001571308123869248,0.035674670387120626,0.3122800428550773,0.6518881559454152
M3-split,middle,2 % H2O,model,0.0,141.02293393257435,0.00015712541387285036,0.0356739132593515,0.3122775167433342,0.6518914445834414
M3-split,middle,2 % H2O,model,0.0,146.9892883223311,0.00015711978706012863,0.0356731241019245,0.31227488372027096,0.6518948723907444
M3-split,middle,2 % H2O,model,0.0,153.20806537634184,0.00015711392229857647,0.035672301559964384,0.3122721392594695,0.6518984452582676
M3-split,middle,2 % H2O,model,0.0,159.68994451410924,0.00015710780953052868,0.03567144422130099,0.3122692786427538,0.6519021693264148
M3-split,middle,2 % H2O,model,0.0,166.4460569766914,0.0001571014382736,0.03567055061403807,0.3122662969520216,0.6519060509956666
M3-split,middle,2 % H2O,model,0.0,173.48800494222866,0.00015709479760280144,0.03566961920403051,0.3122631890607684,0.6519100969375983
M3-split,middle,2 % H2O,model,0.0,180.82788145020223,0.00015708787613189689,0.03566864839225352,0.3122599496252438,0.6519143141063709
M3-split,middle,2 % H2O,model,0.0,188.4782911686432,0.00015708066199395752,0.03566763651205799,0.3122565730752232,0.6519187097507247
M3-split,middle,2 % H2O,model,0.0,196.45237203995435,0.0001570731428211291,0.03566658182631392,0.3122530536043993,0.6519232914264655
M3-split,middle,2 % H2O,model,0.0,204.76381784251524,0.00015706530572352493,0.03566548252442948,0.3122493851603522,0.6519280670094948
M3-split,middle,2 % H2O,model,0.0,213.42690170681885,0.00015705713726725548,0.035664336719247174,0.3122455614341007,0.6519330447093847
M3-split,middle,2 % H2O,model,0.0,222.45650062652007,0.00015704862345152095,0.03566314244380664,0.3122415758492028,0.6519382330835389
M3-split,middle,2 % H2O,model,0.0,231.86812100648996,0.00015703974968475773,0.03566189764797251,0.3122374215503947,0.6519436410519479
M3-split,middle,2 % H2O,model,0.0,241.67792529175034,0.00015703050075977632,0.03566060019491852,0.3122330913917421,0.6519492779125795
M3-split,middle,2 % H2O,model,0.0,251.90275972301498,0.00015702086082786614,0.03565924785746424,0.31222857792428876,0.6519551533574192
M3-split,middle,2 % H2O,model,0.0,262.5601832665064,0.00015701081337181398,0.0356578383142564,0.31222387338317503,0.6519612774891967
M3-split,middle,2 % H2O,model,0.0,273.668497767724,0.00015700034117779613,0.035656369145789624,0.3122189696742085,0.6519676608388241
M3-split,middle,2 % H2O,model,0.0,285.2467793809492,0.00015698942630609612,0.03565483783025874,0.31221385835985954,0.6519743143835757
M3-split,middle,2 % H2O,model,0.0,297.314911328461,0.00015697805006060014,0.03565324173923649,0.31220853064465803,0.651981249566045
M3-split,middle,2 % H2O,model,0.0,309.89361804571615,0.00015696619295701942,0.035651578133168334,0.3122029773599672,0.6519884783139075
M3-split,middle,2 % H2O,model,0.0,323.00450077113646,0.00015695383468978825,0.03564984415667784,0.31219718894810344,0.6519960130605289
M3-split,middle,2 % H2O,model,0.0,336.6700746416139,0.00015694095409758165,0.03564803683367344,0.3121911554457794,0.6520038667664495
M3-split,middle,2 % H2O,model,0.0,350.91380735744417,0.00015692752912739705,0.03564615306224898,0.3121848664668356,0.6520120529417881
M3-split,middle,2 % H2O,model,0.0,365.7601594830805,0.00015691353679714282,0.03564418960936938,0.31217831118423345,0.6520205856696
M3-split,middle,2 % H2O,model,0.0,381.23462645292375,0.00015689895315666952,0.03564214310533209,0.3121714783112766,0.6520294796302346
M3-split,middle,2 % H2O,model,0.0,397.3637823542767,0.0001568837532471816,0.03564001003799483,0.31216435608202525,0.6520387501267326
M3-split,middle,2 % H2O,model,0.0,414.1753255626552,0.00015686791105896478,0.035637786746760165,0.3121569322308725,0.6520484131113082
M3-split,middle,2 % H2O,model,0.0,431.6981263078251,0.0001568513994873596,0.035635469416306687,0.31214919397124097,0.6520584852129648
M3-split,middle,2 % H2O,model,0.0,449.9622762522443,0.0001568341902869083,0.035633054070055584,0.3121411279733659,0.6520689837662916
M3-split,middle,2 % H2O,model,0.0,468.99914016706043,0.00015681625402360597,0.03563053656336242,0.3121327203411228,0.6520799268414911
M3-split,middle,2 % H2O,model,0.0,488.8414097943947,0.00015679756002517234,0.03562791257642163,0.3121239565878577,0.6520913332756954
M3-split,middle,2 % H2O,model,0.0,509.52315998841743,0.0001567780763292706,0.03562517760687253,0.31211482161117676,0.6521032227056214
M3-split,middle,2 % H2O,model,0.0,531.0799072316224,0.00015675776962958716,0.03562232696209376,0.31210529966665074,0.6521156156016258
M3-split,middle,2 % H2O,model,0.0,553.5486706267875,0.00015673660521968655,0.035619355751173226,0.31209537434038437,0.6521285333032226
M3-split,middle,2 % H2O,model,0.0,576.9680354693685,0.00015671454693455398,0.03561625887654019,0.312085028520403,0.6521419980561222
M3-split,middle,2 % H2O,model,0.0,601.3782195094898,0.00015669155708973202,0.035613031025245184,0.31207424436680353,0.6521560330508615
M3-split,middle,2 % H2O,model,0.0,626.8211420173293,0.00015666759641795472,0.035609666659872884,0.3120630032806151,0.652170662463094
M3-split,middle,2 % H2O,model,0.0,653.3404957704963,0.00015664262400318088,0.0356061600090729,0.31205128587131237,0.6521859114956116
M3-split,middle,2 % H2O,model,0.0,680.9818220870363,0.0001566165972119236,0.035602505057692246,0.3120390719229231,0.6522018064221726
M3-split,middle,2 % H2O,model,0.0,709.7925890329016,0.00015658947162176736,0.03559869553649299,0.3120263403586663,0.652218374633219
M3-split,middle,2 % H2O,model,0.0,739.822272938202,0.0001565612009469632,0.03559472491143774,0.3120130692040562,0.6522356446835591
M3-split,middle,2 % H2O,model,0.0,771.1224433622212,0.00015653173696098828,0.03559058637252496,0.3119992355484045,0.6522536463421096
M3-split,middle,2 % H2O,model,0.0,803.7468516531015,0.0001565010294159478,0.03558627282215527,0.3119848155046485,0.6522724106437803
M3-split,middle,2 % H2O,model,0.0,837.7515232542927,0.00015646902595869942,0.03558177686300921,0.3119697841674318,0.6522919699436003
M3-split,middle,2 % H2O,model,0.0,873.1948539162647,0.00015643567204357128,0.03557709078541629,0.31195411556935765,0.6523123579731825
M3-split,middle,2 % H2O,model,0.0,910.1377099787206,0.0001564009108415412,0.035572206554193964,0.31193778263533506,0.6523336098996295
M3-split,middle,2 % H2O,model,0.0,948.6435328955174,0.00015636468314574606,0.0355671157949342,0.3119207571349287,0.6523557623869914
M3-split,middle,2 % H2O,model,0.0,988.7784481817904,0.00015632692727316999,0.0355618097797157,0.31190300963262807,0.6523788536603831
M3-split,middle,2 % H2O,model,0.0,1030.6113789703877,0.00015628757896237608,0.03555627941221693,0.3118845094359376,0.6524029235728832
M3-split,middle,2 % H2O,model,0.0,1074.214164372607,0.00015624657126712678,0.03555051521220544,0.31186522454118965,0.6524280136753379
M3-split,middle,2 % H2O,model,0.0,1119.6616828464998,0.00015620383444573465,0.035544507299377956,0.3118451215769804,0.6524541672891958
M3-split,middle,2 % H2O,model,0.0,1167.0319807846197,0.00015615929584598774,0.035538245376524114,0.3118241657451173,0.6524814295825125
M3-split,middle,2 % H2O,model,0.0,1216.4064065419916,0.00015611287978550974,0.035531718711984676,0.3118023207589577,0.6525098476492722
M3-split,middle,2 % H2O,model,0.0,1267.8697501345325,0.00015606450742731444,0.03552491612137831,0.3117795487790407,0.6525394705921537
M3-split,middle,2 % H2O,model,0.0,1321.51038884775,0.00015601409665045378,0.0355178259485635,0.3117558103458662,0.65257034960892
M3-split,middle,2 % H2O,model,0.0,1377.4204390058364,0.00015596156191553174,0.03551043604580606,0.3117310643097022,0.6526025380825763
M3-split,middle,2 % H2O,model,0.0,1435.6959141617613,0.00015590681412493558,0.035502733753118104,0.3117052677572751,0.652636091675482
M3-split,middle,2 % H2O,model,0.0,1496.4368899799936,0.00015584976047758255,0.035494705876734894,0.31167837593519837,0.6526710684275893
M3-split,middle,2 % H2O,model,0.0,1559.747676095074,0.00015579030431793971,0.03548633866669626,0.3116503421700073,0.6527075288589786
M3-split,middle,2 % H2O,model,0.0,1625.7369952410816,0.00015572834497917313,0.03547761779349347,0.3116211177846191,0.6527455360769083
M3-split,middle,2 % H2O,model,0.0,1694.5181699596842,0.00015566377762021432,0.03546852832374354,0.3115906520110565,0.6527851558875797
M3-split,middle,2 % H2O,model,0.0,1766.2093172073767,0.00015559649305653706,0.03545905469485123,0.3115588918992571,0.6528264569128351
M3-split,middle,2 % H2O,model,0.0,1840.933551196067,0.0001555263775843631,0.035449180688620456,0.3115257822218047,0.6528695107119905
M3-split,middle,2 % H2O,model,0.0,1918.8191948154297,0.00015545331279813535,0.035438889403769706,0.3114912653743713,0.652914391909061
M3-split,middle,2 % H2O,model,0.0,2000.0,0.00015537717540109903,0.03542816322730454,0.3114552812716476,0.6529611783256467
M3-split,middle,2 % H2O,model,1e-06,0.1,0.9999921570826188,6.7439542500212715e-06,1.0563324273509687e-06,4.263070382597653e-08
M3-split,middle,2 % H2O,model,1e-06,0.10423076887097628,0.9999921061075421,6.748363180434483e-06,1.0992768125811431e-06,4.625246478141068e-08
M3-split,middle,2 % H2O,model,1e-06,0.10864053179434878,0.9999920527680393,6.753150163620152e-06,1.143902562728003e-06,5.017923442513048e-08
M3-split,middle,2 % H2O,model,1e-06,0.11323686159476715,0.9999919969448025,6.758347728137962e-06,1.1902711080678205e-06,5.443636148284507e-08
M3-split,middle,2 % H2O,model,1e-06,0.11802765148558905,0.9999919385116195,6.763991216808344e-06,1.2384459085558151e-06,5.905125499483236e-08
M3-split,middle,2 % H2O,model,1e-06,0.12302112862378574,0.9999918773349088,6.770119036799369e-06,1.2884924960123357e-06,6.405355830969858e-08
M3-split,middle,2 % H2O,model,1e-06,0.12822586823832455,0.9999918132731889,6.77677292690878e-06,1.3404785681283626e-06,6.947531618257456e-08
M3-split,middle,2 % H2O,model,1e-06,0.13365080835629065,0.999991746176516,6.783998252499539e-06,1.3944740671813263e-06,7.535116428800434e-08
M3-split,middle,2 % H2O,model,1e-06,0.13930526515203676,0.9999916758858681,6.791844326978805e-06,1.4505512755810897e-06,8.171852920395292e-08
M3-split,middle,2 % H2O,model,1e-06,0.1451989489457201,0.9999916022324941,6.800364761740916e-06,1.5087848884075743e-06,8.861785556963169e-08
M3-split,middle,2 % H2O,model,1e-06,0.15134198087870035,0.9999915250371757,6.809617850486848e-06,1.5692521412869448e-06,9.609283256555267e-08
M3-split,middle,2 % H2O,model,1e-06,0.15774491029443527,0.999991444109422,6.819666993645168e-06,1.6320329423624065e-06,1.0419064191914136e-07
M3-split,middle,2 % H2O,model,1e-06,0.1644187328547217,0.9999913592466327,6.830581150131739e-06,1.6972099815453665e-06,1.1296223570174468e-07
M3-split,middle,2 % H2O,model,1e-06,0.17137490942239292,0.9999912702331318,6.842435346507466e-06,1.7648689018233122e-06,1.22462619861246e-07
M3-split,middle,2 % H2O,model,1e-06,0.17862538574289932,0.9999911768391349,6.855311230888119e-06,1.8350984674390249e-06,1.3275116672134317e-07
M3-split,middle,2 % H2O,model,1e-06,0.18618261295857116,0.9999910788196138,6.869297674783537e-06,1.9079907674026713e-06,1.438919441969852e-07
M3-split,middle,2 % H2O,model,1e-06,0.19405956899079269,0.9999909759130439,6.88449144380237e-06,1.98364143826042e-06,1.5595407406204183e-07
M3-split,middle,2 % H2O,model,1e-06,0.20226978082680583,0.9999908678400313,6.900997931208343e-06,2.0621499247594556e-06,1.6901211274927056e-07
M3-split,middle,2 % H2O,model,1e-06,0.21082734774941828,0.9999907543017925,6.918931968938389e-06,2.143619778864046e-06,1.8314645964738298e-07
M3-split,middle,2 % H2O,model,1e-06,0.2197469655495056,0.9999906349784919,6.938418714323454e-06,2.228158998797037e-06,1.984437949196665e-07
M3-split,middle,2 % H2O,model,1e-06,0.22904395176288905,0.9999905095273872,6.959594639808053e-06,2.3158804255517625e-06,2.1499754728373306e-07
M3-split,middle,2 % H2O,model,1e-06,0.23873427197492728,0.9999903775807831,6.982608625428837e-06,2.406902196214942e-06,2.3290839531071782e-07
M3-split,middle,2 % H2O,model,1e-06,0.24883456723799433,0.9999902387437649,7.007623163055089e-06,2.501348269103806e-06,2.5228480295445825e-07
M3-split,middle,2 % H2O,model,1e-06,0.25936218264892796,0.9999900925916774,7.03481570033251e-06,2.5993490292398383e-06,2.73243592988706e-07
M3-split,middle,2 % H2O,model,1e-06,0.2703351971355234,0.9999899386673101,7.0643801407089226e-06,2.7010419878582765e-06,2.9591056134100824e-07
M3-split,middle,2 % H2O,model,1e-06,0.28177245450322547,0.9999897764777814,7.096528494422651e-06,2.806572593445922e-06,3.2042113076034964e-07
M3-split,middle,2 % H2O,model,1e-06,0.2936935957953338,0.9999896054910318,7.1314927465217265e-06,2.916095167959882e-06,3.4692105362936194e-07
M3-split,middle,2 % H2O,model,1e-06,0.3061190930222936,0.9999894251319053,7.169526940811726e-06,3.029773991420096e-06,3.755671625122631e-07
M3-split,middle,2 % H2O,model,1e-06,0.3190702843179958,0.9999892347777753,7.210909497673757e-06,3.147784557403849e-06,4.0652816964785035e-07
M3-split,middle,2 % H2O,model,1e-06,0.33256941058345696,0.9999890337535811,7.255945862994974e-06,3.270315027266436e-06,4.399855286884725e-07
M3-split,middle,2 % H2O,model,1e-06,0.34663965368081123,0.9999888213262966,7.304971440862892e-06,3.397567913900645e-06,4.7613434861002345e-07
M3-split,middle,2 % H2O,model,1e-06,0.36130517624319886,0.9999885966986098,7.358354974783107e-06,3.5297620340921244e-06,5.151843811782471e-07
M3-split,middle,2 % H2O,model,1e-06,0.37659116316892216,0.999988359001869,7.416502294682935e-06,3.6671347693945033e-06,5.573610669071658e-07
M3-split,middle,2 % H2O,model,1e-06,0.39252386487112034,0.9999881072879999,7.479860646046567e-06,3.8099446895360015e-06,6.029066644193356e-07
M3-split,middle,2 % H2O,model,1e-06,0.4091306423572408,0.9999878405202816,7.548923656700063e-06,3.958474597248268e-06,6.52081464626523e-07
M3-split,middle,2 % H2O,model,1e-06,0.4264400142157162,0.9999875575630347,7.62423683745217e-06,4.113035055010625e-06,7.051650728524342e-07
M3-split,middle,2 % H2O,model,1e-06,0.44448170559054145,0.999987257169519,7.706404170155503e-06,4.2739684951488786e-06,7.624578156515428e-07
M3-split,middle,2 % H2O,model,1e-06,0.46328669922785054,0.9999869379683577,7.79609543409456e-06,4.441653981378925e-06,8.242822268752574e-07
M3-split,middle,2 % H2O,model,1e-06,0.4828872886821559,0.9999865984477727,7.894054807531971e-06,4.616512760718316e-06,8.909846592058988e-07
M3-split,middle,2 % H2O,model,1e-06,0.503317133773622,0.9999862369373959,8.001110852222763e-06,4.799014728600374e-06,9.629370232110487e-07
M3-split,middle,2 % H2O,model,1e-06,0.5246113183916065,0.9999858515874217,8.118187974222643e-06,4.989685954907835e-06,1.04053864921367e-06
M3-split,middle,2 % H2O,model,1e-06,0.5468064107437368,0.9999854403441554,8.246320031085287e-06,5.1891174966038396e-06,1.124218317007933e-06
M3-split,middle,2 % H2O,model,1e-06,0.5699405261539854,0.9999850009218583,8.38666603411451e-06,5.397975673357099e-06,1.2144364340258245e-06
M3-split,middle,2 % H2O,model,1e-06,0.5940533925175866,0.9999845307696676,8.540528796424732e-06,5.617014128466998e-06,1.3116874074852159e-06
M3-split,middle,2 % H2O,model,1e-06,0.6191864185251992,0.9999840270329149,8.709376895149714e-06,5.847087978837289e-06,1.4165022110098281e-06
M3-split,middle,2 % H2O,model,1e-06,0.6453827647734762,0.9999834865077442,8.89487064161477e-06,6.08917044095132e-06,1.5294511731730308e-06
M3-split,middle,2 % H2O,model,1e-06,0.6726874178841584,0.9999829055873457,9.098893176399844e-06,6.344372465884006e-06,1.651147011898186e-06
M3-split,middle,2 % H2O,model,1e-06,0.7011472677589756,0.9999822801984923,9.323587467608094e-06,6.613965909471167e-06,1.7822481305918066e-06
M3-split,middle,2 % H2O,model,1e-06,0.7308111881030229,0.9999816057259714,9.571400819691335e-06,6.899411002036382e-06,1.9234622068617406e-06
M3-split,middle,2 % H2O,model,1e-06,0.7617301203548975,0.9999808769223407,9.845138567998465e-06,7.202388996428061e-06,2.075550094748523e-06
M3-split,middle,2 % H2O,model,1e-06,0.7939571611677227,0.9999800877995755,1.0148029250954528e-05,7.524841111631141e-06,2.2393300619353564e-06
M3-split,middle,2 % H2O,model,1e-06,0.8275476535912937,0.9999792314985864,1.0483803928759498e-05,7.869015105813627e-06,2.4156823791758505e-06
M3-split,middle,2 % H2O,model,1e-06,0.8625592821119288,0.999978300131115,1.0856793400515199e-05,8.23752121669716e-06,2.605554267874393e-06
M3-split,middle,2 % H2O,model,1e-06,0.8990521717132368,0.9999772845872731,1.1272047929962511e-05,8.633399598485383e-06,2.8099651984896227e-06
M3-split,middle,2 % H2O,model,1e-06,0.9370889911279167,0.9999761743000998,1.1735485460344201e-05,9.060201932046976e-06,3.0300125079066386e-06
M3-split,middle,2 % H2O,model,1e-06,0.9767350604579019,0.9999749569557942,1.2254076306316382e-05,9.522090637019023e-06,3.26687726255459e-06
M3-split,middle,2 % H2O,model,1e-06,1.0180584633476666,0.9999736181349043,1.2836074816768617e-05,1.0023960046307725e-05,3.521830232654987e-06
M3-split,middle,2 % H2O,model,1e-06,1.0611301639033188,0.9999721408656437,1.3491311556102438e-05,1.0571585035385914e-05,3.796237764771718e-06
M3-split,middle,2 % H2O,model,1e-06,1.1060241285582797,0.9999705050634743,1.4231564987185457e-05,1.1171804358384796e-05,4.091567179969231e-06
M3-split,middle,2 % H2O,model,1e-06,1.1528174530948103,0.9999686868238539,1.5071037174685968e-05,1.1832747813360726e-05,4.409391158181861e-06
M3-split,middle,2 % H2O,model,1e-06,1.2015904950395269,0.999966657523037,1.6026967483703e-05,1.2564119217638076e-05,4.751390261561619e-06
M3-split,middle,2 % H2O,model,1e-06,1.2524270116602694,0.9999643826650302,1.7120431708340475e-05,1.3377550973449942e-05,5.119352288068994e-06
M3-split,middle,2 % H2O,model,1e-06,1.3054143038012902,0.9999618203917491,1.8377391058406262e-05,1.4287050633025004e-05,5.515166559589621e-06
M3-split,middle,2 % H2O,model,1e-06,1.3606433658037873,0.9999589195410956,1.9830082122675933e-05,1.530956648189277e-05,5.94081029978514e-06
M3-split,middle,2 % H2O,model,1e-06,1.4182090417692177,0.9999556170913412,2.1518877838858095e-05,1.6465707954549926e-05,6.398322865484624e-06
M3-split,middle,2 % H2O,model,1e-06,1.4782101884337602,0.9999518347639835,2.349480604719758e-05,1.7780668360778485e-05,6.889761608480268e-06
M3-split,middle,2 % H2O,model,1e-06,1.540749844933616,0.9999474744613714,2.5822995537193194e-05,1.9285412809188623e-05,7.417130282224922e-06
M3-split,middle,2 % H2O,model,1e-06,1.6059354097526826,0.9999424120675232,2.8587450651113993e-05,2.1018215256379667e-05,7.982266569111908e-06
M3-split,middle,2 % H2O,model,1e-06,1.6738788251564845,0.9999364889215938,3.189775331944128e-05,2.3026655892174638e-05,8.586669194595212e-06
M3-split,middle,2 % H2O,model,1e-06,1.7446967694290683,0.9999294999393772,3.589859924871243e-05,2.537022503624507e-05,9.231236337950319e-06
M3-split,middle,2 % H2O,model,1e-06,1.8185108572430024,0.9999211768273562,4.078357414230611e-05,2.8123724104477965e-05,9.915874397052422e-06
M3-split,middle,2 % H2O,model,1e-06,1.895447848506563,0.9999111640098383,4.6815366373204546e-05,3.1381704664249955e-05,1.0638919124348781e-05
M3-split,middle,2 % H2O,model,1e-06,1.9756398660467678,0.9998989835430646,5.435593116630889e-05,3.52642376190589e-05,1.1396288149937583e-05
M3-split,middle,2 % H2O,model,1e-06,2.0592246225020725,0.9998839830984454,6.391231135675221e-05,3.992433407741081e-05,1.2180256120417911e-05
M3-split,middle,2 % H2O,model,1e-06,2.1463456568143684,0.9998652574192434,7.620756785057555e-05,4.555729805358591e-05,1.2977714852393476e-05
M3-split,middle,2 % H2O,model,1e-06,2.2371525807264225,0.9998415274019752,9.229276668868558e-05,5.2412066127911434e-05,1.3767765208183627e-05
M3-split,middle,2 % H2O,model,1e-06,2.3318013357080383,0.9998109500914101,0.00011372744503148424,6.0803944043052614e-05,1.451851951553904e-05
M3-split,middle,2 % H2O,model,1e-06,2.4304544607521823,0.9997708136830332,0.00014287655479473945,7.112661062217924e-05,1.5183151549959866e-05
M3-split,middle,2 % H2O,model,1e-06,2.533281371500941,0.9997170371319369,0.00018340925014260622,8.385794691670579e-05,1.5695671003662672e-05
M3-split,middle,2 % H2O,model,1e-06,2.640458651180643,0.999643331176746,0.00024115319737531797,9.95477400830305e-05,1.5967885795521688e-05
M3-split,middle,2 % H2O,model,1e-06,2.7521703538457944,0.9995397624462702,0.00032558271305290284,0.00011876397193441948,1.5890868742437124e-05
M3-split,middle,2 % H2O,model,1e-06,2.868608320452539,0.9993902516645113,0.00045244267373124034,0.00014195872473296876,1.534693702443457e-05
M3-split,middle,2 % H2O,model,1e-06,2.9899725083044815,0.999168157392987,0.0006483971623475919,0.0001692054075591352,1.4240037106253882e-05
M3-split,middle,2 % H2O,model,1e-06,3.1164713344365755,0.9988284326837441,0.0009592242593422697,0.00019979502429054574,1.2548032623040887e-05
M3-split,middle,2 % H2O,model,1e-06,3.2483220335268164,0.9982937119556555,0.0014640662580956807,0.00023184067102510132,1.038111522378525e-05
M3-split,middle,2 % H2O,model,1e-06,3.385751030950334,0.9974296963067723,0.0022999484379896754,0.00026235581841251395,7.999436825660028e-06
M3-split,middle,2 % H2O,model,1e-06,3.528994331616538,0.9960011270401791,0.0037047658268991664,0.00028836732062968587,5.739812292195051e-06
M3-split,middle,2 % H2O,model,1e-06,3.678297925257089,0.9935903088829793,0.006097137768828478,0.0003086807145778826,3.87263361444273e-06
M3-split,middle,2 % H2O,model,1e-06,3.833918208860631,0.9894409549505446,0.010231707667950177,0.00032483393187929027,2.503449626001626e-06
M3-split,middle,2 % H2O,model,1e-06,3.9961224269797992,0.9821546593545379,0.017501953858999927,0.00034178687937148216,1.599907090495021e-06
M3-split,middle,2 % H2O,model,1e-06,4.165189130666562,0.9690962947475152,0.03052979420041408,0.000372827219985944,1.0838320849073902e-06
M3-split,middle,2 % H2O,model,1e-06,4.341408655824089,0.9452207925209075,0.05431789837193037,0.00046038231727046723,9.267898914160136e-07
M3-split,middle,2 % H2O,model,1e-06,4.525083621796566,0.9007756254652348,0.098464113166147,0.0007588703148694183,1.3910537488464987e-06
M3-split,middle,2 % H2O,model,1e-06,4.716529451053179,0.8170318414456893,0.18106746725856382,0.0018959592736120267,4.73202213480906e-06
M3-split,middle,2 % H2O,model,1e-06,4.916074910858767,0.660073384120377,0.33305705917246503,0.006836083116491132,3.347359066689613e-05
M3-split,middle,2 % H2O,model,1e-06,5.124062677861254,0.3870527927811905,0.5787553740085998,0.03372305556216655,0.0004687776480430185
M3-split,middle,2 % H2O,model,1e-06,5.34084992656552,0.0989521854436787,0.6984496268790791,0.19023981097850623,0.012358376698736056
M3-split,middle,2 % H2O,model,1e-06,5.566808942704215,0.021070858017417513,0.4766681139158424,0.4157740962784637,0.0864869317882762
M3-split,middle,2 % H2O,model,1e-06,5.802327762558867,0.006741244299172391,0.29504009743756066,0.4978672900215557,0.20035136824171126
M3-split,middle,2 % H2O,model,1e-06,6.047810839329224,0.002827873980990722,0.19099016241534525,0.4973385772265055,0.3088433863771585
M3-split,middle,2 % H2O,model,1e-06,6.303679737695092,0.0014388998150465294,0.1323442052669855,0.46931993809636874,0.39689695682159937
M3-split,middle,2 % H2O,model,1e-06,6.570373857763537,0.0008491888059083581,0.09809996833014457,0.4369408141764467,0.4641100286875004
M3-split,middle,2 % H2O,model,1e-06,6.848351189644559,0.0005630670956948049,0.07718980995442333,0.4079888851364248,0.514258237813457
M3-split,middle,2 % H2O,model,1e-06,7.138089099951173,0.0004093569133725755,0.06387780336012835,0.3843136221286255,0.5513992175978735
M3-split,middle,2 % H2O,model,1e-06,7.440085151574459,0.0003201174300949436,0.05510466911858071,0.36572523476211266,0.5788499786892117
M3-split,middle,2 % H2O,model,1e-06,7.7548579581413986,0.00026519561097176415,0.049167065708638345,0.35145463073471334,0.5991131079456765
M3-split,middle,2 % H2O,model,1e-06,8.082948074622873,0.0002299149619509735,0.04507162119749255,0.3406636517670933,0.6140348120734631
M3-split,middle,2 % H2O,model,1e-06,8.424918925621194,0.00020655429009393446,0.042212222105584764,0.3326048727561665,0.6249763508481548
M3-split,middle,2 % H2O,model,1e-06,8.781357772931367,0.00019077216528480212,0.040203193048386744,0.32665722810601444,0.632948806680314
M3-split,middle,2 % H2O,model,1e-06,9.1528767240376,0.00017998334673625577,0.03878976636643769,0.32232057780788886,0.6387096724789372
M3-split,middle,2 % H2O,model,1e-06,9.540113783277015,0.00017257064464206107,0.037798210892910106,0.3191989676614244,0.6428302508010234
M3-split,middle,2 % H2O,model,1e-06,9.943733947475618,0.0001674798411258337,0.03710702474368458,0.31698269628782044,0.6457427991273692
M3-split,middle,2 % H2O,model,1e-06,10.36443034793812,0.0001640007718032802,0.036629676233067315,0.3154322083259763,0.6477741146691532
M3-split,middle,2 % H2O,model,1e-06,10.802925440752704,0.00016164338839946268,0.03630385834041991,0.31436439312246367,0.649170105148717
M3-split,middle,2 % H2O,model,1e-06,11.259972247454842,0.00016006430633708807,0.036084517551333885,0.31364112896133767,0.6501142891809912
M3-split,middle,2 % H2O,model,1e-06,11.736355648180727,0.00015902117690572623,0.035939134969558466,0.31315976346425395,0.6507420803892817
M3-split,middle,2 % H2O,model,1e-06,12.23289372953102,0.00015834295970305778,0.03584440067259545,0.3128452433045341,0.6511520130631674
M3-split,middle,2 % H2O,model,1e-06,12.750439189459637,0.00015790966409314898,0.03578379015163889,0.31264366057806847,0.6514146396061994
M3-split,middle,2 % H2O,model,1e-06,13.289880801600054,0.00015763802138367474,0.035745757252224564,0.3125170265241846,0.6515795782022072
M3-split,middle,2 % H2O,model,1e-06,13.852144941543997,0.00015747108813432323,0.03572237146221298,0.31243910708645517,0.6516810503631976
M3-split,middle,2 % H2O,model,1e-06,14.438197177693354,0.00015737060486410373,0.03570828978942119,0.31239216820044113,0.6517421714052736
M3-split,middle,2 % H2O,model,1e-06,15.049043929417392,0.0001573113737403616,0.035699987442797156,0.31236448669027134,0.6517782144931912
M3-split,middle,2 % H2O,model,1e-06,15.685734195362725,0.00015727716285164676,0.03569519156409944,0.3123484939922268,0.6517990372808221
M3-split,middle,2 % H2O,model,1e-06,16.34936135488421,0.00015725775391614436,0.03569247051758785,0.3123394194107896,0.6518108523177064
M3-split,middle,2 % H2O,model,1e-06,17.041065045690072,0.0001572468774043958,0.035690945618497595,0.3123343336880908,0.6518174738160072
M3-split,middle,2 % H2O,model,1e-06,17.762033120925942,0.00015724078118313373,0.035690090902237945,0.31233148302899383,0.651821185287585
M3-split,middle,2 % H2O,model,1e-06,18.51350368905859,0.00015723728497225452,0.035689600712116035,0.3123298481165567,0.651823313886355
M3-split,middle,2 % H2O,model,1e-06,19.29676724006232,0.00015723515254327349,0.03568930173006592,0.31232885092420815,0.6518246121931828
M3-split,middle,2 % H2O,model,1e-06,20.113168861559622,0.00015723370746499355,0.03568909911839107,0.3123281751513558,0.6518254920227881
M3-split,middle,2 % H2O,model,1e-06,20.964110548721372,0.00015723258828573782,0.035688942199681675,0.31232765177661465,0.651826173435418
M3-split,middle,2 % H2O,model,1e-06,21.851053611893725,0.0001572316073387519,0.03568880466184141,0.3123271930418261,0.6518267706889936
M3-split,middle,2 % H2O,model,1e-06,22.77552118608608,0.00015723067246410698,0.035688673583377226,0.31232675584990394,0.6518273398942548
M3-split,middle,2 % H2O,model,1e-06,23.739100846629615,0.0001572297370326693,0.035688542426491054,0.31232631839511665,0.6518279094413596
M3-split,middle,2 % H2O,model,1e-06,24.74344733549848,0.00015722877807994429,0.0356884079713327,0.3123258699380597,0.6518284933125277
M3-split,middle,2 % H2O,model,1e-06,25.79028540297515,0.00015722778611717994,0.03568826888746612,0.31232540604113707,0.6518290972852797
M3-split,middle,2 % H2O,model,1e-06,26.88141276954016,0.00015722675564325454,0.03568812440353751,0.3123249241314315,0.6518297247093877
M3-split,middle,2 % H2O,model,1e-06,28.01870321307253,0.0001572256820592901,0.03568797387468624,0.3123244220578892,0.6518303783853654
M3-split,middle,2 % H2O,model,1e-06,29.204109786662425,0.00015722456294686458,0.03568781696176488,0.31232389868909566,0.6518310597861926
M3-split,middle,2 % H2O,model,1e-06,30.439668172562268,0.00015722339710559698,0.035687653496418385,0.31232335346330686,0.6518317696431691
M3-split,middle,2 % H2O,model,1e-06,31.727500178035505,0.0001572221823504831,0.03568748317221973,0.3123227853582072,0.6518325092872226
M3-split,middle,2 % H2O,model,1e-06,33.069817379106794,0.0001572209160735596,0.03568730562342845,0.31232219315361315,0.6518332803068848
M3-split,middle,2 % H2O,model,1e-06,34.46892491847074,0.00015721959593820807,0.03568712052234672,0.3123215757562071,0.651834084125508
M3-split,middle,2 % H2O,model,1e-06,35.92722546408158,0.0001572182200687864,0.03568692760590429,0.312320932288206,0.6518349218858209
M3-split,middle,2 % H2O,model,1e-06,37.4472233352214,0.0001572167862500572,0.035686726563411396,0.3123202617129693,0.6518357949373693
M3-split,middle,2 % H2O,model,1e-06,39.03152880313289,0.00015721529170586854,0.035686517005514375,0.3123195627314255,0.6518367049713542
M3-split,middle,2 % H2O,model,1e-06,40.68286257360202,0.00015721373379595232,0.03568629856190445,0.3123188341079901,0.6518376535963095
M3-split,middle,2 % H2O,model,1e-06,42.404060459188024,0.00015721211005151423,0.03568607088630818,0.31231807468721295,0.6518386423164273
M3-split,middle,2 % H2O,model,1e-06,44.1980782491253,0.0001572104177110988,0.03568583359140542,0.3123172831766863,0.6518396728141972
M3-split,middle,2 % H2O,model,1e-06,46.06799678525902,0.0001572086537221031,0.03568558624903783,0.31231645814773057,0.6518407469495094
M3-split,middle,2 % H2O,model,1e-06,48.01702725273211,0.00015720681506775936,0.03568532843605917,0.31231559818833143,0.6518418665605415
M3-split,middle,2 % H2O,model,1e-06,50.048516694508926,0.00015720489868542952,0.035685059722878595,0.3123147018649235,0.6518430335135124
M3-split,middle,2 % H2O,model,1e-06,52.165953759205564,0.00015720290124711907,0.03568477964268089,0.3123137676197103,0.6518442498363617
M3-split,middle,2 % H2O,model,1e-06,54.372974692097905,0.00015720081928030674,0.03568448770836802,0.3123127938271696,0.6518455176451821
M3-split,middle,2 % H2O,model,1e-06,56.67336957959499,0.0001571986492576696,0.03568418342514005,0.31231177883601585,0.6518468390895864
M3-split,middle,2 % H2O,model,1e-06,59.07108885790181,0.00015719638745549606,0.03568386627063945,0.31231072090295864,0.6518482164389463
M3-split,middle,2 % H2O,model,1e-06,61.57025009704871,0.00015719402996398896,0.03568353569639334,0.3123096181975067,0.651849652076136
M3-split,middle,2 % H2O,model,1e-06,64.17514507193687,0.00015719157275331493,0.03568319113707387,0.3123084688328495,0.6518511484573233
M3-split,middle,2 % H2O,model,1e-06,66.89024713254423,0.00015718901161185716,0.035682832001837576,0.3123072708369602,0.6518527081495904
M3-split,middle,2 % H2O,model,1e-06,69.72021888594699,0.0001571863421303175,0.03568245767209325,0.3123060221451377,0.6518543338406386
M3-split,middle,2 % H2O,model,1e-06,72.66992020335023,0.00015718355973488705,0.0356820675061512,0.31230472061550746,0.6518560283186065
M3-split,middle,2 % H2O,model,1e-06,75.74441656587685,0.0001571806596520169,0.035681660834280315,0.3123033640125202,0.6518577944935474
M3-split,middle,2 % H2O,model,1e-06,78.94898776344854,0.00015717763689913528,0.035681236957403134,0.31230195000258676,0.6518596354031109
M3-split,middle,2 % H2O,model,1e-06,82.28913696169538,0.0001571744862935229,0.03568079514833736,0.3123004761582064,0.6518615542071626
M3-split,middle,2 % H2O,model,1e-06,85.7706001524658,0.0001571712024269636,0.03568033464823747,0.3122989399460815,0.6518635542032539
M3-split,middle,2 % H2O,model,1e-06,89.39935600416594,0.00015716777966371434,0.035679854666306174,0.31229733872613963,0.6518656388278905
M3-split,middle,2 % H2O,model,1e-06,93.18163612884342,0.00015716421213234503,0.03567935437864591,0.31229566974768436,0.6518678116615374
M3-split,middle,2 % H2O,model,1e-06,97.1239357836489,0.00015716049371009187,0.035678832926060035,0.3122939301420422,0.6518700764381876
M3-split,middle,2 % H2O,model,1e-06,101.23302502505048,0.00015715661801764372,0.03567828941331684,0.31229211692008607,0.6518724370485794
M3-split,middle,2 % H2O,model,1e-06,105.51596033495792,0.00015715257840511276,0.03567772290717666,0.3122902269656323,0.6518748975487859
M3-split,middle,2 % H2O,model,1e-06,109.98009673872109,0.00015714836794176898,0.03567713243494634,0.3122882570305941,0.6518774621665178
M3-split,middle,2 % H2O,model,1e-06,114.63310043581247,0.00015714397940438265,0.03567651698283814,0.31228620372947985,0.6518801353082775
M3-split,middle,2 % H2O,model,1e-06,119.48296196488577,0.0001571394052640756,0.03567587549411882,0.31228406353319105,0.6518829215674261
M3-split,middle,2 % H2O,model,1e-06,124.53800992581655,0.00015713463767429793,0.03567520686741588,0.3122818327633395,0.6518858257315703
M3-split,middle,2 % H2O,model,1e-06,129.80692528229133,0.0001571296684567575,0.03567450995473614,0.31227950758560435,0.6518888527912028
M3-split,middle,2 % H2O,model,1e-06,135.29875626950604,0.00015712448908782836,0.03567378355955072,0.3122770840033061,0.6518920079480552
M3-split,middle,2 % H2O,model,1e-06,141.02293393257435,0.00015711909068379744,0.03567302643471626,0.31227455785043157,0.6518952966241683
M3-split,middle,2 % H2O,model,1e-06,146.9892883223311,0.00015711346398574957,0.03567223728034461,0.31227192478448396,0.6518987244711856
M3-split,middle,2 % H2O,model,1e-06,153.20806537634184,0.00015710759934373827,0.03567141474157135,0.3122691802789904,0.6519022973800944
M3-split,middle,2 % H2O,model,1e-06,159.68994451410924,0.00015710148670028466,0.03567055740622913,0.3122663196156884,0.6519060214913822
M3-split,middle,2 % H2O,model,1e-06,166.4460569766914,0.00015709511557322715,0.03566966380242884,0.3122633378764007,0.6519099032055973
M3-split,middle,2 % H2O,model,1e-06,173.48800494222866,0.00015708847503779626,0.03566873239603076,0.31226022993453717,0.6519139491943943
M3-split,middle,2 % H2O,model,1e-06,180.82788145020223,0.00015708155370798834,0.035667761588016336,0.3122569904462606,0.651918166412015
M3-split,middle,2 % H2O,model,1e-06,188.4782911686432,0.00015707433971711855,0.03566674971174321,0.3122536138412562,0.6519225621072835
M3-split,middle,2 % H2O,model,1e-06,196.45237203995435,0.0001570668206975838,0.035665695030087916,0.31225009431312184,0.6519271438360926
M3-split,middle,2 % H2O,model,1e-06,204.76381784251524,0.00015705898375976277,0.03566459573246592,0.3122464258093392,0.6519319194744351
M3-split,middle,2 % H2O,model,1e-06,213.42690170681885,0.00015705081547003942,0.03566344993172699,0.31224260202082477,0.6519368972319782
M3-split,middle,2 % H2O,model,1e-06,222.45650062652007,0.00015704230182790168,0.03566225566091863,0.3122386163710295,0.6519420856662239
M3-split,middle,2 % H2O,model,1e-06,231.86812100648996,0.00015703342824208353,0.03566101086991339,0.312234462004578,0.6519474936972667
M3-split,middle,2 % H2O,model,1e-06,241.67792529175034,0.00015702417950570725,0.03565971342189348,0.3122301317754197,0.6519531306231812
M3-split,middle,2 % H2O,model,1e-06,251.90275972301498,0.0001570145397703865,0.03565836108968714,0.3122256182344773,0.6519590061360652
M3-split,middle,2 % H2O,model,1e-06,262.5601832665064,0.00015700449251924628,0.03565695155195035,0.31222091361676513,0.6519651303387654
M3-split,middle,2 % H2O,model,1e-06,273.668497767724,0.0001569940205388156,0.03565548238918711,0.312216009827959,0.6519715137623152
M3-split,middle,2 % H2O,model,1e-06,285.2467793809492,0.0001569831058897454,0.035653951079602314,0.31221089843039185,0.6519781673841162
M3-split,middle,2 % H2O,model,1e-06,297.314911328461,0.00015697172987630493,0.03565235499477895,0.3122055706284511,0.6519851026468936
M3-split,middle,2 % H2O,model,1e-06,309.89361804571615,0.00015695987301460494,0.03565069139517339,0.31220001725335034,0.6519923314784617
M3-split,middle,2 % H2O,model,1e-06,323.00450077113646,0.00015694751499949598,0.03564895742542044,0.3121942287472513,0.6519998663123288
M3-split,middle,2 % H2O,model,1e-06,336.6700746416139,0.00015693463467008695,0.03564715010944026,0.31218819514670443,0.6520077201091852
M3-split,middle,2 % H2O,model,1e-06,350.91380735744417,0.00015692120997382795,0.03564526634533902,0.3121819060653812,0.652015906379306
M3-split,middle,2 % H2O,model,1e-06,365.7601594830805,0.000156907217929099,0.035643302900094466,0.31217535067606766,0.6520244392059087
M3-split,middle,2 % H2O,model,1e-06,381.23462645292375,0.00015689263458624204,0.03564125640401734,0.3121685176918836,0.6520333332695128
M3-split,middle,2 % H2O,model,1e-06,397.3637823542767,0.00015687743498697389,0.03563912334497931,0.31216139534669834,0.6520426038733353
M3-split,middle,2 % H2O,model,1e-06,414.1753255626552,0.00015686159312211506,0.03563690006239756,0.31215397137470585,0.6520522669697745
M3-split,middle,2 % H2O,model,1e-06,431.6981263078251,0.0001568450818875624,0.03563458274096575,0.3121462329891208,0.6520623391880258
M3-split,middle,2 % H2O,model,1e-06,449.9622762522443,0.0001568278730384395,0.035632167404121,0.31213816685996226,0.6520728378628783
M3-split,middle,2 % H2O,model,1e-06,468.99914016706043,0.0001568099371413463,0.035629649907235335,0.31212975909088014,0.6520837810647432
M3-split,middle,2 % H2O,model,1e-06,488.8414097943947,0.00015679124352463382,0.035627025930520514,0.312120995194985,0.65209518763097
M3-split,middle,2 % H2O,model,1e-06,509.52315998841743,0.00015677176022662289,0.035624290971633756,0.31211186006963926,0.6521070771985005
M3-split,middle,2 % H2O,model,1e-06,531.0799072316224,0.00015675145394168562,0.035621440337972515,0.31210233797015713,0.6521194702379287
M3-split,middle,2 % H2O,model,1e-06,553.5486706267875,0.00015673028996410175,0.03561846913864437,0.31209241248237685,0.6521323880890147
M3-split,middle,2 % H2O,model,1e-06,576.9680354693685,0.0001567082321296021,0.03561537227609909,0.312082066494046,0.6521458529977254
M3-split,middle,2 % H2O,model,1e-06,601.3782195094898,0.00015668524275450627,0.03561214443740857,0.31207128216497204,0.6521598881548649
M3-split,middle,2 % H2O,model,1e-06,626.8211420173293,0.0001566612825723586,0.03560878008517986,0.312060040895882,0.6521745177363658
M3-split,middle,2 % H2O,model,1e-06,653.3404957704963,0.00015663631066796302,0.035605273448085874,0.312048323295936,0.6521897669453102
M3-split,middle,2 % H2O,model,1e-06,680.9818220870363,0.00015661028440871336,0.03560161851099797,0.31203610914883373,0.6522056620557597
M3-split,middle,2 % H2O,model,1e-06,709.7925890329016,0.00015658315937311132,0.03559780900470349,0.3120233773774537,0.6522222304584697
M3-split,middle,2 % H2O,model,1e-06,739.822272938202,0.00015655488927636375,0.03559383839519131,0.3120101060069571,0.6522395007085752
M3-split,middle,2 % H2O,model,1e-06,771.1224433622212,0.00015652542589294748,0.03558969987248795,0.3119962721262815,0.6522575025753377
M3-split,middle,2 % H2O,model,1e-06,803.7468516531015,0.00015649471897600885,0.03558538633902303,0.31198185184797683,0.6522762670940242
M3-split,middle,2 % H2O,model,1e-06,837.7515232542927,0.00015646271617348982,0.03558089039750716,0.3119668202662841,0.6522958266200354
M3-split,middle,2 % H2O,model,1e-06,873.1948539162647,0.0001564293629409094,0.035576204338312815,0.3119511514133812,0.6523162148853652
M3-split,middle,2 % H2O,model,1e-06,910.1377099787206,0.00015639460245033503,0.03557132012627873,0.31193481821368285,0.6523374670575881
M3-split,middle,2 % H2O,model,1e-06,948.6435328955174,0.00015635837549606878,0.03556622938702893,0.3119177924361975,0.6523596198012775
M3-split,middle,2 % H2O,model,1e-06,988.7784481817904,0.00015632062039567385,0.03556092339253963,0.3119000446450454,0.6523827113420194
M3-split,middle,2 % H2O,model,1e-06,1030.6113789703877,0.00015628127289006146,0.035555393046711646,0.3118815441472448,0.6524067815331535
M3-split,middle,2 % H2O,model,1e-06,1074.214164372607,0.00015624026603435314,0.035549628869342764,0.3118622589386435,0.6524318719259794
M3-split,middle,2 % H2O,model,1e-06,1119.6616828464998,0.00015619753008742034,0.035543620980002986,0.31184215564733264,0.652458025842577
M3-split,middle,2 % H2O,model,1e-06,1167.0319807846197,0.0001561529924002025,0.0355373590818318,0.31182119947446385,0.6524852884513042
M3-split,middle,2 % H2O,model,1e-06,1216.4064065419916,0.0001561065772900287,0.03553083244286021,0.3117993541329399,0.6525137068469098
M3-split,middle,2 % H2O,model,1e-06,1267.8697501345325,0.00015605820592417752,0.035524029879326804,0.31177658178169904,0.65254333013305
M3-split,middle,2 % H2O,model,1e-06,1321.51038884775,0.00015600779618042505,0.03551693973453331,0.31175284296120737,0.6525742095080789
M3-split,middle,2 % H2O,model,1e-06,1377.4204390058364,0.00015595526251960137,0.035509549860495725,0.31172809652119005,0.6526063983557946
M3-split,middle,2 % H2O,model,1e-06,1435.6959141617613,0.00015590051584428213,0.035501847596961095,0.31170229954776113,0.6526399523394335
M3-split,middle,2 % H2O,model,1e-06,1496.4368899799936,0.00015584346336589512,0.03549381975218073,0.3116754072866873,0.6526749294977662
M3-split,middle,2 % H2O,model,1e-06,1559.747676095074,0.0001557840084252236,0.03548545257518218,0.31164737306394835,0.6527113903524443
M3-split,middle,2 % H2O,model,1e-06,1625.7369952410816,0.00015572205035362585,0.035476731735774765,0.3116181482018629,0.6527493980120087
M3-split,middle,2 % H2O,model,1e-06,1694.5181699596842,0.00015565748431303438,0.035467642300786834,0.31158768193160113,0.652789018283299
M3-split,middle,2 % H2O,model,1e-06,1766.2093172073767,0.00015559020112792992,0.03545816870897002,0.31155592130183346,0.6528303197880687
M3-split,middle,2 % H2O,model,1e-06,1840.933551196067,0.00015552008709304694,0.035448294741453015,0.31152281108454555,0.6528733740869085
M3-split,middle,2 % H2O,model,1e-06,1918.8191948154297,0.0001554470238057331,0.03543800349707982,0.31148829367465275,0.6529182558044617
M3-split,middle,2 % H2O,model,1e-06,2000.0,0.00015537088797402192,0.0354272773632439,0.31145230898692544,0.6529650427618567
M3-split,middle,2 % H2O,measured,,24.077222222222222,-0.0010711191791421,0.0474570978595056,0.3110819331643747,0.6646627372176465
M3-split,middle,2 % H2O,measured,,57.08638888888889,-0.0098593038586997,0.0334572695449766,0.3194433195126915,0.6665102412244548
M3-split,middle,2 % H2O,measured,,96.07861111111112,0.0002907167844127,0.0334362654249292,0.3148079220219537,0.6665862072580934
M3-split,middle,2 % H2O,measured,,120.08305555555556,0.0086596375712932,0.0358955628262214,0.3164927413342183,0.6567827099376988
M3-split,middle,2 % H2O,measured,,144.08472222222224,-0.0020310606665759,0.0397880334356645,0.3151206704105191,0.6581188452484922
M3-split,middle,2 % H2O,measured,,169.09472222222223,-0.0011376573631658,0.0418159161497612,0.3143935369194698,0.6603572661300198
M3-split,long,0.5 % H2O,model,0.0,0.1,0.9999999978193856,2.1763262194060204e-09,4.285090560527013e-12,2.9179015973506032e-15
M3-split,long,0.5 % H2O,model,0.0,0.10423076887097628,0.9999999977269387,2.268404971949857e-09,4.6528590667012175e-12,3.4256160366154524e-15
M3-split,long,0.5 % H2O,model,0.0,0.10864053179434878,0.9999999976305644,2.3643793999507102e-09,5.052353378662921e-12,3.987954002807174e-15
M3-split,long,0.5 % H2O,model,0.0,0.11323686159476715,0.9999999975300947,2.4644143235659773e-09,5.486312602294167e-12,4.610090248687447e-15
M3-split,long,0.5 % H2O,model,0.0,0.11802765148558905,0.9999999974253553,2.568681536383668e-09,5.957712424880111e-12,5.297665902731862e-15
M3-split,long,0.5 % H2O,model,0.0,0.12302112862378574,0.999999997316164,2.677360100475518e-09,6.4697855531118045e-12,6.056829580876e-15
M3-split,long,0.5 % H2O,model,0.0,0.12822586823832455,0.9999999972023306,2.790636653935146e-09,7.026043916876599e-12,6.894282084990551e-15
M3-split,long,0.5 % H2O,model,0.0,0.13365080835629065,0.9999999970836563,2.9087057314296404e-09,7.630302791402655e-12,7.817324999455715e-15
M3-split,long,0.5 % H2O,model,0.0,0.13930526515203676,0.9999999969599344,3.031770098315319e-09,8.28670700350627e-12,8.833913524170723e-15
M3-split,long,0.5 % H2O,model,0.0,0.1451989489457201,0.9999999968309492,3.1600410988917543e-09,8.999759402012047e-12,9.952713911632786e-15
M3-split,long,0.5 % H2O,model,0.0,0.15134198087870035,0.9999999966964754,3.2937390193924247e-09,9.7743517879746e-12,1.1183165907552145e-14
M3-split,long,0.5 % H2O,model,0.0,0.15774491029443527,0.9999999965562784,3.4330934663357327e-09,1.0615798517233501e-11,1.2535550629056007e-14
M3-split,long,0.5 % H2O,model,0.0,0.1644187328547217,0.9999999964101125,3.5783437608864974e-09,1.1529873006196748e-11,1.4021064352111164e-14
M3-split,long,0.5 % H2O,model,0.0,0.17137490942239292,0.9999999962577222,3.729739349905579e-09,1.2522847391698137e-11,1.5651898720622462e-14
M3-split,long,0.5 % H2O,model,0.0,0.17862538574289932,0.9999999960988408,3.887540234393987e-09,1.3601535617448068e-11,1.744132793402236e-14
M3-split,long,0.5 % H2O,model,0.0,0.18618261295857116,0.9999999959331899,4.052017416067726e-09,1.4773340243143964e-11,1.9403803518360966e-14
M3-split,long,0.5 % H2O,model,0.0,0.19405956899079269,0.9999999957604787,4.223453362830832e-09,1.604630329788778e-11,2.1555057338268064e-14
M3-split,long,0.5 % H2O,model,0.0,0.20226978082680583,0.9999999955804045,4.4021424939465e-09,1.7429161527349627e-11,2.3912213564048142e-14
M3-split,long,0.5 % H2O,model,0.0,0.21082734774941828,0.9999999953926497,4.588392163013535e-09,1.8931303712617308e-11,2.6966304892037734e-14
M3-split,long,0.5 % H2O,model,0.0,0.2197469655495056,0.9999999951968842,4.782522074379755e-09,2.0563074879662064e-11,3.058306791212447e-14
M3-split,long,0.5 % H2O,model,0.0,0.22904395176288905,0.9999999949927643,4.984865450211006e-09,2.2335714229350286e-11,3.4614430855020847e-14
M3-split,long,0.5 % H2O,model,0.0,0.23873427197492728,0.9999999947799296,5.195769807105305e-09,2.4261388211167167e-11,3.910053665083799e-14
M3-split,long,0.5 % H2O,model,0.0,0.24883456723799433,0.9999999945580053,5.415597366349826e-09,2.6353314295853694e-11,4.408517953158614e-14
M3-split,long,0.5 % H2O,model,0.0,0.25936218264892796,0.9999999943265988,5.644725676220748e-09,2.8625851779726694e-11,4.9616128254352015e-14
M3-split,long,0.5 % H2O,model,0.0,0.2703351971355234,0.9999999940853015,5.883548260626578e-09,3.109460043457288e-11,5.5745477579769664e-14
M3-split,long,0.5 % H2O,model,0.0,0.28177245450322547,0.9999999938336857,6.132475295210849e-09,3.377650768099919e-11,6.253003046103164e-14
M3-split,long,0.5 % H2O,model,0.0,0.2936935957953338,0.9999999935713055,6.391934312077336e-09,3.668998502169365e-11,7.003171361141782e-14
M3-split,long,0.5 % H2O,model,0.0,0.3061190930222936,0.9999999932976956,6.662370934350339e-09,3.985503453468364e-11,7.831802934945793e-14
M3-split,long,0.5 % H2O,model,0.0,0.3190702843179958,0.9999999930123691,6.944249884273939e-09,4.3293188020316866e-11,8.770142539397814e-14
M3-split,long,0.5 % H2O,model,0.0,0.33256941058345696,0.9999999927148179,7.238055851054619e-09,4.7027599239716445e-11,9.880857084071386e-14
M3-split,long,0.5 % H2O,model,0.0,0.34663965368081123,0.9999999924045115,7.54429306338327e-09,5.108423604396977e-11,1.1134009240519679e-13
M3-split,long,0.5 % H2O,model,0.0,0.36130517624319886,0.9999999920808958,7.863487587535163e-09,5.549088625399072e-11,1.254811964680899e-13
M3-split,long,0.5 % H2O,model,0.0,0.37659116316892216,0.9999999917433933,8.196187763286859e-09,6.027773174723001e-11,1.414413431464277e-13
M3-split,long,0.5 % H2O,model,0.0,0.39252386487112034,0.999999991391398,8.54296514846802e-09,6.547755440476203e-11,1.5945743522942915e-13
M3-split,long,0.5 % H2O,model,0.0,0.4091306423572408,0.9999999910242786,8.904415503766183e-09,7.112595973294046e-11,1.7979742741925018e-13
M3-split,long,0.5 % H2O,model,0.0,0.4264400142157162,0.9999999906413758,9.281159823475103e-09,7.726158667227074e-11,2.0276638826694937e-13
M3-split,long,0.5 % H2O,model,0.0,0.44448170559054145,0.999999990242,9.673845475697705e-09,8.392578978619489e-11,2.2874595746390315e-13
M3-split,long,0.5 % H2O,model,0.0,0.46328669922785054,0.9999999898254301,1.0083147104972153e-08,9.116471107268312e-11,2.5809260746040717e-13
M3-split,long,0.5 % H2O,model,0.0,0.4828872886821559,0.9999999893909128,1.0509768002183818e-08,9.902787058786669e-11,2.912466191743907e-13
M3-split,long,0.5 % H2O,model,0.0,0.503317133773622,0.999999988937661,1.0954441253127597e-08,1.0756904915011385e-10,3.2870611839894594e-13
M3-split,long,0.5 % H2O,model,0.0,0.5246113183916065,0.9999999884648515,1.1417931004362993e-08,1.1684665411891084e-10,3.710346965173023e-13
M3-split,long,0.5 % H2O,model,0.0,0.5468064107437368,0.9999999879716233,1.1901033783323568e-08,1.2692411646536027e-10,4.188700368991197e-13
M3-split,long,0.5 % H2O,model,0.0,0.5699405261539854,0.9999999874570769,1.2404579875068332e-08,1.3787032179656863e-10,4.7293367983668e-13
M3-split,long,0.5 % H2O,model,0.0,0.5940533925175866,0.9999999869202713,1.2929434758175926e-08,1.497600782207389e-10,5.340420764433356e-13
M3-split,long,0.5 % H2O,model,0.0,0.6191864185251992,0.9999999863602216,1.347650060240205e-08,1.6267462418300205e-10,6.031191018232786e-13
M3-split,long,0.5 % H2O,model,0.0,0.6453827647734762,0.9999999857758987,1.4046717830847144e-08,1.7670217966543407e-10,6.812102203387013e-13
M3-split,long,0.5 % H2O,model,0.0,0.6726874178841584,0.9999999851662251,1.4641066749515116e-08,1.9193854442994167e-10,7.694985212956355e-13
M3-split,long,0.5 % H2O,model,0.0,0.7011472677589756,0.9999999845300738,1.5260569247285963e-08,2.0848774729153264e-10,8.693228722372859e-13
M3-split,long,0.5 % H2O,model,0.0,0.7308111881030229,0.9999999838662645,1.590629056947561e-08,2.2646275074380247e-10,9.821984697196268e-13
M3-split,long,0.5 % H2O,model,0.0,0.7617301203548975,0.9999999831735631,1.65793415866097e-08,2.459851988758821e-10,1.1101042865695651e-12
M3-split,long,0.5 % H2O,model,0.0,0.7939571611677227,0.9999999824506769,1.7280879819219766e-08,2.671884496193302e-10,1.2549371382346598e-12
M3-split,long,0.5 % H2O,model,0.0,0.8275476535912937,0.999999981696252,1.801211190646617e-08,2.9021737254218403e-10,1.4188279876147404e-12
M3-split,long,0.5 % H2O,model,0.0,0.8625592821119288,0.9999999809088709,1.8774295896847962e-08,3.152288695312068e-10,1.6042942548359247e-12
M3-split,long,0.5 % H2O,model,0.0,0.8990521717132368,0.9999999800870493,1.956874329806319e-08,3.423932877215971e-10,1.814186324604622e-12
M3-split,long,0.5 % H2O,model,0.0,0.9370889911279167,0.9999999792292312,2.0396821369707776e-08,3.718955664273177e-10,2.0517316056684736e-12
M3-split,long,0.5 % H2O,model,0.0,0.9767350604579019,0.9999999783337875,2.125995551707007e-08,4.0393648121194925e-10,2.3205844214488085e-12
M3-split,long,0.5 % H2O,model,0.0,1.0180584633476666,0.9999999773990094,2.2159631790840298e-08,4.3873399323404524e-10,2.624882503643909e-12
M3-split,long,0.5 % H2O,model,0.0,1.0611301639033188,0.9999999764231065,2.3097399576608725e-08,4.765246130736093e-10,2.969323444503714e-12
M3-split,long,0.5 % H2O,model,0.0,1.1060241285582797,0.9999999754042016,2.4074874621118638e-08,5.17564609579426e-10,3.35928452845011e-12
M3-split,long,0.5 % H2O,model,0.0,1.1528174530948103,0.9999999743403252,2.5093740789333396e-08,5.621331115625019e-10,3.800731713267301e-12
M3-split,long,0.5 % H2O,model,0.0,1.2015904950395269,0.9999999732294127,2.6155754082108516e-08,6.105326586195052e-10,4.300477330550257e-12
M3-split,long,0.5 % H2O,model,0.0,1.2524270116602694,0.9999999720692968,2.7262745434605093e-08,6.630916206652077e-10,4.866235573214487e-12
M3-split,long,0.5 % H2O,model,0.0,1.3054143038012902,0.999999970857703,2.8416623971698066e-08,7.201663886512348e-10,5.506741899667989e-12
M3-split,long,0.5 % H2O,model,0.0,1.3606433658037873,0.9999999695922439,2.9619380412391147e-08,7.8214374912529e-10,6.23188824625219e-12
M3-split,long,0.5 % H2O,model,0.0,1.4182090417692177,0.9999999682704126,3.0873090978787205e-08,8.494437883750576e-10,7.052610980374415e-12
M3-split,long,0.5 % H2O,model,0.0,1.4782101884337602,0.9999999668895762,3.217992035225159e-08,9.225219492158706e-10,7.981651551758358e-12
M3-split,long,0.5 % H2O,model,0.0,1.540749844933616,0.9999999654469679,3.3542126098471594e-08,1.0018725517748611e-09,9.0333527641676e-12
M3-split,long,0.5 % H2O,model,0.0,1.6059354097526826,0.9999999639396814,3.496206270189403e-08,1.0880320205978511e-09,1.0223918857366118e-11
M3-split,long,0.5 % H2O,model,0.0,1.6738788251564845,0.9999999623646602,3.6442185805765276e-08,1.181582395748073e-09,1.1571696014136641e-11
M3-split,long,0.5 % H2O,model,0.0,1.7446967694290683,0.999999960718685,3.798506035868027e-08,1.2831594464773053e-09,1.3095070561472963e-11
M3-split,long,0.5 % H2O,model,0.0,1.8185108572430024,0.9999999589983795,3.959335583684731e-08,1.393445781542193e-09,1.4818964357351857e-11
M3-split,long,0.5 % H2O,model,0.0,1.895447848506563,0.9999999572001865,4.1269858891449535e-08,1.5131843544822368e-09,1.677017216290247e-11
M3-split,long,0.5 % H2O,model,0.0,1.9756398660467678,0.9999999553203626,4.301747709966716e-08,1.6431816849099416e-09,1.8978700428557795e-11
M3-split,long,0.5 % H2O,model,0.0,2.0592246225020725,0.9999999533549649,4.483924395733879e-08,1.7843126293320746e-09,2.147852006107708e-11
M3-split,long,0.5 % H2O,model,0.0,2.1463456568143684,0.9999999512998413,4.6738324591838585e-08,1.9375261070319025e-09,2.4308090536109533e-11
M3-split,long,0.5 % H2O,model,0.0,2.2371525807264225,0.9999999491506159,4.871802176776605e-08,2.103851297032092e-09,2.7510953329500455e-11
M3-split,long,0.5 % H2O,model,0.0,2.3318013357080383,0.9999999469026769,5.0781782204608783e-08,2.2844043437094704e-09,3.113640383798999e-11
M3-split,long,0.5 % H2O,model,0.0,2.4304544607521823,0.9999999445511607,5.293320322724734e-08,2.4803956114646092e-09,3.524025217343183e-11
M3-split,long,0.5 % H2O,model,0.0,2.533281371500941,0.9999999420909371,5.517603977206941e-08,2.693137531870614e-09,3.988568458872229e-11
M3-split,long,0.5 % H2O,model,0.0,2.640458651180643,0.9999999395165908,5.7514211773573994e-08,2.9240530899458837e-09,4.5144238849536884e-11
M3-split,long,0.5 % H2O,model,0.0,2.7521703538457944,0.9999999368223961,5.995181985666159e-08,3.174690776265908e-09,5.109334461817102e-11
M3-split,long,0.5 % H2O,model,0.0,2.868608320452539,0.9999999340022993,6.249314981593127e-08,3.446731760642677e-09,5.781926733801825e-11
M3-split,long,0.5 % H2O,model,0.0,2.9899725083044815,0.9999999310499329,6.514265526994785e-08,3.74198155922463e-09,6.543027850631701e-11
M3-split,long,0.5 % H2O,model,0.0,3.1164713344365755,0.9999999279585496,6.790500081684165e-08,4.062406444603693e-09,7.404294014927488e-11
M3-split,long,0.5 % H2O,model,0.0,3.2483220335268164,0.9999999247210132,7.078506012041596e-08,4.410137420382306e-09,8.378918580158648e-11
M3-split,long,0.5 % H2O,model,0.0,3.385751030950334,0.9999999213297717,7.378792631283904e-08,4.787483771461676e-09,9.481834997040135e-11
M3-split,long,0.5 % H2O,model,0.0,3.528994331616538,0.9999999177768298,7.691892304419844e-08,5.1969476947097226e-09,1.0729946577272914e-10
M3-split,long,0.5 % H2O,model,0.0,3.678297925257089,0.9999999140537198,8.018361623370245e-08,5.641240091389047e-09,1.2142386620348243e-10
M3-split,long,0.5 % H2O,model,0.0,3.833918208860631,0.99999991015143,8.358785846932581e-08,6.123315303799257e-09,1.3739621681438025e-10
M3-split,long,0.5 % H2O,model,0.0,3.9961224269797992,0.9999999060604318,8.713775054459352e-08,6.6463607466031965e-09,1.5545720450653156e-10
M3-split,long,0.5 % H2O,model,0.0,4.165189130666562,0.9999999017706426,9.083965368034819e-08,7.213815604038667e-09,1.7588806954235905e-10
M3-split,long,0.5 % H2O,model,0.0,4.341408655824089,0.9999998972713404,9.470024515135435e-08,7.829414611231116e-09,1.9899979000791662e-10
M3-split,long,0.5 % H2O,model,0.0,4.525083621796566,0.9999998925511362,9.872651770508365e-08,8.497201697747532e-09,2.2514423386762547e-10
M3-split,long,0.5 % H2O,model,0.0,4.716529451053179,0.9999998875979282,1.029257973081662e-07,9.22155491824749e-09,2.5471954619216404e-10
M3-split,long,0.5 % H2O,model,0.0,4.916074910858767,0.9999998823987889,1.0730581492216045e-07,1.0007237380767974e-08,2.88158813067316e-10
M3-split,long,0.5 % H2O,model,0.0,5.124062677861254,0.9999998769400094,1.1187463874486218e-07,1.0859385790899965e-08,3.2596618344311464e-10
M3-split,long,0.5 % H2O,model,0.0,5.34084992656552,0.999999871207004,1.1664072601915718e-07,1.1783555089627457e-08,3.687148778932483e-10
M3-split,long,0.5 % H2O,model,0.0,5.566808942704215,0.9999998651842142,1.216129744075145e-07,1.2785764418918842e-08,4.1704696442557155e-10
M3-split,long,0.5 % H2O,model,0.0,5.802327762558867,0.9999998588550487,1.2680073631749502e-07,1.387252768252844e-08,4.71687245667637e-10
M3-split,long,0.5 % H2O,model,0.0,6.047810839329224,0.9999998522017927,1.3221386311183831e-07,1.5050891503913663e-08,5.33452777053694e-10
M3-split,long,0.5 % H2O,model,0.0,6.303679737695092,0.9999998452055433,1.378627077636061e-07,1.6328481949679328e-08,6.032670295642702e-10
M3-split,long,0.5 % H2O,model,0.0,6.570373857763537,0.9999998378460947,1.4375818650930502e-07,1.771354745853671e-08,6.8217137656233e-10
M3-split,long,0.5 % H2O,model,0.0,6.848351189644559,0.9999998301018369,1.4991181310238366e-07,1.9215009308768166e-08,7.713405695613638e-10
M3-split,long,0.5 % H2O,model,0.0,7.138089099951173,0.9999998219496319,1.563357535053264e-07,2.0842516752360288e-08,8.720976555639203e-10
M3-split,long,0.5 % H2O,model,0.0,7.440085151574459,0.9999998133646637,1.6304289944080367e-07,2.260650875221492e-08,9.859281461965228e-10
M3-split,long,0.5 % H2O,model,0.0,7.7548579581413986,0.9999998043203714,1.7004684971365998e-07,2.4518262545299343e-08,1.1145163586334177e-09
M3-split,long,0.5 % H2O,model,0.0,8.082948074622873,0.9999997947882338,1.7736203801876472e-07,2.6589972112703715e-08,1.2597559358552524e-09
M3-split,long,0.5 % H2O,model,0.0,8.424918925621194,0.9999997847376055,1.8500379767977447e-07,2.883481922688254e-08,1.4237776450497656e-09
M3-split,long,0.5 % H2O,model,0.0,8.781357772931367,0.9999997741355021,1.9298846794252832e-07,3.126705611492363e-08,1.6089738138795936e-09
M3-split,long,0.5 % H2O,model,0.0,9.1528767240376,0.999999762946473,2.0133340637855973e-07,3.3902074218771615e-08,1.8180464447340955e-09
M3-split,long,0.5 % H2O,model,0.0,9.540113783277015,0.9999997511323049,2.1005715681431958e-07,3.6756506939778255e-08,2.054031305305248e-09
M3-split,long,0.5 % H2O,model,0.0,9.943733947475618,0.9999997386517281,2.1917960354546738e-07,3.984833697074468e-08,2.3203312215585858e-09
M3-split,long,0.5 % H2O,model,0.0,10.36443034793812,0.9999997254602175,2.2872202302331978e-07,4.319698160997577e-08,2.620777981622317e-09
M3-split,long,0.5 % H2O,model,0.0,10.802925440752704,0.9999997115096311,2.3870727765665887e-07,4.68234164059476e-08,2.9596745674446553e-09
M3-split,long,0.5 % H2O,model,0.0,11.259972247454842,0.9999996967477855,2.4916005975146057e-07,5.0750318282630526e-08,3.3418363708744617e-09
M3-split,long,0.5 % H2O,model,0.0,11.736355648180727,0.9999996811181325,2.6010702134126625e-07,5.5002177588043874e-08,3.7726685091620984e-09
M3-split,long,0.5 % H2O,model,0.0,12.23289372953102,0.9999996645592668,2.715770523344833e-07,5.960545662413126e-08,4.25822427757913e-09
M3-split,long,0.5 % H2O,model,0.0,12.750439189459637,0.999999647004389,2.836015790594788e-07,6.458875820729302e-08,4.805273731607803e-09
M3-split,long,0.5 % H2O,model,0.0,13.289880801600054,0.9999996283807427,2.962148786556137e-07,6.998299237368913e-08,5.4213862132928645e-09
M3-split,long,0.5 % H2O,model,0.0,13.852144941543997,0.9999996086089225,3.0945448519039577e-07,7.582158130888384e-08,6.115011047248974e-09
M3-split,long,0.5 % H2O,model,0.0,14.438197177693354,0.9999995876020734,3.233616750844069e-07,8.214068803863983e-08,6.895563482481769e-09
M3-split,long,0.5 % H2O,model,0.0,15.049043929417392,0.9999995652650772,3.379819600150423e-07,8.897943284125163e-08,7.773530149428222e-09
M3-split,long,0.5 % H2O,model,0.0,15.685734195362725,0.9999995414934809,3.5336576999451515e-07,9.638018447626291e-08,8.760564679063452e-09
M3-split,long,0.5 % H2O,model,0.0,16.34936135488421,0.9999995161723315,3.6956921072385e-07,1.0438886216491178e-07,9.869595728984852e-09
M3-split,long,0.5 % H2O,model,0.0,17.041065045690072,0.9999994891748383,3.8665495641186375e-07,1.1305526859242503e-07,1.1114936749996229e-08
M3-split,long,0.5 % H2O,model,0.0,17.762033120925942,0.9999994603607373,4.046933631713248e-07,1.2243349988764106e-07,1.2512399786121838e-08
M3-split,long,0.5 % H2O,model,0.0,18.51350368905859,0.9999994295744951,4.2376372578204513e-07,1.3258237605973028e-07,1.4079403105367212e-08
M3-split,long,0.5 % H2O,model,0.0,19.29676724006232,0.9999993966430499,4.439558910956845e-07,1.435659796492124e-07,1.583507933503397e-08
M3-split,long,0.5 % H2O,model,0.0,20.113168861559622,0.9999993613733086,4.6537207666335947e-07,1.5545424447447357e-07,1.7800370441252307e-08
M3-split,long,0.5 % H2O,model,0.0,20.964110548721372,0.9999993235490066,4.881292069260269e-07,1.6832367734656108e-07,1.9998109241316533e-08
M3-split,long,0.5 % H2O,model,0.0,21.851053611893725,0.9999992829271438,5.123615997489947e-07,1.8225818308415407e-07,2.2453073405757253e-08
M3-split,long,0.5 % H2O,model,0.0,22.77552118608608,0.9999992392335242,5.382243983161523e-07,1.9735006502134618e-07,2.5192012498528638e-08
M3-split,long,0.5 % H2O,model,0.0,23.739100846629615,0.9999991921576198,5.658975649455696e-07,2.137012002961852e-07,2.8243615051968903e-08
M3-split,long,0.5 % H2O,model,0.0,24.74344733549848,0.9999991413461091,5.955909968804079e-07,2.3142446382588132e-07,3.163843024687603e-08
M3-split,long,0.5 % H2O,model,0.0,25.79028540297515,0.9999990863952781,6.275506016860187e-07,2.5064543353035426e-07,3.5408686623757804e-08
M3-split,long,0.5 % H2O,model,0.0,26.88141276954016,0.9999990268415716,6.620659535770495e-07,2.715044566857238e-07,3.9588018006400203e-08
M3-split,long,0.5 % H2O,model,0.0,28.01870321307253,0.9999989621500575,6.994797483212793e-07,2.94159146515719e-07,4.421104768812287e-08
M3-split,long,0.5 % H2O,model,0.0,29.204109786662425,0.9999988917003062,7.401994785982207e-07,3.187874247137085e-07,4.931279057687684e-08
M3-split,long,0.5 % H2O,model,0.0,30.439668172562268,0.999998814768753,7.84712186817283e-07,3.4559120610323086e-07,5.4927854146686996e-08
M3-split,long,0.5 % H2O,model,0.0,31.727500178035505,0.9999987305068195,8.336029328339458e-07,3.7480087820776443e-07,6.108936952589634e-08
M3-split,long,0.5 % H2O,model,0.0,33.069817379106794,0.9999986379135541,8.875781022778519e-07,4.0668074243540715e-07,6.782760111305269e-08
M3-split,long,0.5 % H2O,model,0.0,34.46892491847074,0.9999985358010939,9.474951290809167e-07,4.415355927223099e-07,7.516818424433718e-08
M3-split,long,0.5 % H2O,model,0.0,35.92722546408158,0.9999984227510175,1.0144004072084816e-06,4.797186688220347e-07,8.312990645263459e-08
M3-split,long,0.5 % H2O,model,0.0,37.4472233352214,0.9999982970587528,1.0895780648366123e-06,5.216412154678131e-07,9.172196708613193e-08
M3-split,long,0.5 % H2O,model,0.0,39.03152880313289,0.9999981566622795,1.1746131785580512e-06,5.677838945733153e-07,1.0094064751118885e-07
M3-split,long,0.5 % H2O,model,0.0,40.68286257360202,0.9999979990501051,1.271474265503444e-06,6.187103028466594e-07,1.1076532656197599e-07
M3-split,long,0.5 % H2O,model,0.0,42.404060459188024,0.9999978211416368,1.3826217633627624e-06,6.750828076512236e-07,1.2115379208362038e-07
M3-split,long,0.5 % H2O,model,0.0,44.1980782491253,0.9999976191303043,1.5111520491841533e-06,7.376808074150441e-07,1.3203683918477362e-07
M3-split,long,0.5 % H2O,model,0.0,46.06799678525902,0.9999973882767073,1.6609896941706798e-06,8.074214272557081e-07,1.433121712790862e-07
M3-split,long,0.5 % H2O,model,0.0,48.01702725273211,0.9999971226330758,1.8371469583420343e-06,8.853822137257298e-07,1.548377520065073e-07
M3-split,long,0.5 % H2O,model,0.0,50.048516694508926,0.9999968146726688,2.0460775762212892e-06,9.728248814428023e-07,1.6642487376224945e-07
M3-split,long,0.5 % H2O,model,0.0,52.165953759205564,0.9999964547869451,2.296163306291019e-06,1.0712183626701523e-06,1.7783138613490228e-07
M3-split,long,0.5 % H2O,model,0.0,54.372974692097905,0.9999960305967649,2.598389431420081e-06,1.182257966976215e-06,1.8875583664247172e-07
M3-split,long,0.5 % H2O,model,0.0,56.67336957959499,0.9999955259982997,2.9672928298897434e-06,1.307875171078456e-06,1.9883369928860812e-07
M3-split,long,0.5 % H2O,model,0.0,59.07108885790181,0.9999949198269398,3.4223062529821987e-06,1.4502294315877939e-06,2.0763737552715977e-07
M3-split,long,0.5 % H2O,model,0.0,61.57025009704871,0.9999941839671038,3.989681707002106e-06,1.6116688911727808e-06,2.1468229792504863e-07
M3-split,long,0.5 % H2O,model,0.0,64.17514507193687,0.999993280646737,4.705270789100174e-06,1.7946402822288505e-06,2.1944219173095057e-07
M3-split,long,0.5 % H2O,model,0.0,66.89024713254423,0.9999921585239595,5.618578015978309e-06,2.001521032101081e-06,2.2137699240909164e-07
M3-split,long,0.5 % H2O,model,0.0,69.72021888594699,0.9999907469679042,6.798716621982267e-06,2.2343386858768925e-06,2.199767879543936e-07
M3-split,long,0.5 % H2O,model,0.0,72.66992020335023,0.9999889476200161,8.34321721104889e-06,2.4943392391500626e-06,2.1482353366758104e-07
M3-split,long,0.5 % H2O,model,0.0,75.74441656587685,0.9999866218435075,1.0391113127188607e-05,2.781374994799915e-06,2.0566837052650946e-07
M3-split,long,0.5 % H2O,model,0.0,78.94898776344854,0.9999835719317874,1.314243202619831e-05,3.093120725984371e-06,1.9251546044683942e-07
M3-split,long,0.5 % H2O,model,0.0,82.28913696169538,0.9999795128375781,1.68872492797222e-05,3.424218572688384e-06,1.7569456928362124e-07
M3-split,long,0.5 % H2O,model,0.0,85.7706001524658,0.9999740294792205,2.204900313363148e-05,3.7656196830816196e-06,1.5589796277093085e-07
M3-split,long,0.5 % H2O,model,0.0,89.39935600416594,0.9999665119807187,2.924924686241676e-05,4.104614404502952e-06,1.3415801440877964e-07
M3-split,long,0.5 % H2O,model,0.0,93.18163612884342,0.999956056644511,3.9405433589476294e-05,4.426170535250102e-06,1.1175136430217399e-07
M3-split,long,0.5 % H2O,model,0.0,97.1239357836489,0.9999413122712824,5.388183937197636e-05,4.715861023885638e-06,9.002832177540002e-08
M3-split,long,0.5 % H2O,model,0.0,101.23302502505048,0.9999202366607699,7.472962581431195e-05,4.9635268086869715e-06,7.018660693287027e-08
M3-split,long,0.5 % H2O,model,0.0,105.51596033495792,0.9998897026284032,0.00010507875844833227,5.165558604603717e-06,5.3054544016444524e-08
M3-split,long,0.5 % H2O,model,0.0,109.98009673872109,0.999844850910023,0.0001497858213480714,5.324281198681451e-06,3.898743026501753e-08
M3-split,long,0.5 % H2O,model,0.0,114.63310043581247,0.9997780155332016,0.00021651100502609783,5.445537500547946e-06,2.7924271702306297e-08
M3-split,long,0.5 % H2O,model,0.0,119.48296196488577,0.9996769164264786,0.0003175273567989648,5.5366792713119315e-06,1.9537451078296867e-08
M3-split,long,0.5 % H2O,model,0.0,124.53800992581655,0.9995215727288647,0.00047280803987374815,5.605850949035331e-06,1.3380312652965807e-08
M3-split,long,0.5 % H2O,model,0.0,129.80692528229133,0.9992789453545119,0.0007153828669044613,5.662787677355551e-06,8.990906299108014e-09
M3-split,long,0.5 % H2O,model,0.0,135.29875626950604,0.9988934837472369,0.0011007879888268238,5.722312326487215e-06,5.951609856037198e-09
M3-split,long,0.5 % H2O,model,0.0,141.02293393257435,0.9982701633162854,0.001724018174579837,5.8145921224167455e-06,3.917012380671529e-09
M3-split,long,0.5 % H2O,model,0.0,146.9892883223311,0.9972435282358787,0.0027504545625204177,6.014577639640484e-06,2.623961296864915e-09
M3-split,long,0.5 % H2O,model,0.0,153.20806537634184,0.995520237308833,0.004473231661128779,6.529130451804523e-06,1.8995864393111516e-09
M3-split,long,0.5 % H2O,model,0.0,159.68994451410924,0.9925707185893826,0.007421314409311587,7.96529862467903e-06,1.7026811030739559e-09
M3-split,long,0.5 % H2O,model,0.0,166.4460569766914,0.9874220080098709,0.012565798040944116,1.2191595496716585e-05,2.3536881410594405e-09
M3-split,long,0.5 % H2O,model,0.0,173.48800494222866,0.9782580120724683,0.021716755642904855,2.5226458406879403e-05,5.826219920262882e-09
M3-split,long,0.5 % H2O,model,0.0,180.82788145020223,0.9616489387391737,0.038283653544182596,6.738414670702347e-05,2.3569936727560837e-08
M3-split,long,0.5 % H2O,model,0.0,188.4782911686432,0.9311004863481095,0.06868863718582904,0.0002107479969178269,1.284691434584223e-07
M3-split,long,0.5 % H2O,model,0.0,196.45237203995435,0.8745324829587734,0.12474100455504934,0.0007256738216716641,8.386645053857596e-07
M3-split,long,0.5 % H2O,model,0.0,204.76381784251524,0.7709429562963673,0.22635565232006322,0.0026950171459884657,6.374237581087703e-06
M3-split,long,0.5 % H2O,model,0.0,213.42690170681885,0.5911838201085589,0.3979139105959922,0.0108435685315898,5.8700763859256796e-05
M3-split,long,0.5 % H2O,model,0.0,222.45650062652007,0.3300239890112377,0.6218387134077328,0.04741898868065929,0.0007183089003704324
M3-split,long,0.5 % H2O,model,0.0,231.86812100648996,0.11630617794280168,0.7032523013356112,0.17207743012340918,0.008364090598177935
M3-split,long,0.5 % H2O,model,0.0,241.67792529175034,0.04420777315166491,0.5957337918598704,0.3248667848179837,0.03519165017048086
M3-split,long,0.5 % H2O,model,0.0,251.90275972301498,0.02265687077901679,0.4849748951720645,0.42008517699230286,0.07228305705661589
M3-split,long,0.5 % H2O,model,0.0,262.5601832665064,0.014136204771084706,0.40577180778319544,0.4713347707141744,0.1087572167315454
M3-split,long,0.5 % H2O,model,0.0,273.668497767724,0.010010520673430322,0.3511161273000555,0.4983602159667259,0.14051313605978824
M3-split,long,0.5 % H2O,model,0.0,285.2467793809492,0.007738631588068011,0.3130678866706419,0.5125205652276464,0.16667291651364366
M3-split,long,0.5 % H2O,model,0.0,297.314911328461,0.006377376804363326,0.28622589000907306,0.5198453249076297,0.18755140827893396
M3-split,long,0.5 % H2O,model,0.0,309.89361804571615,0.005514152968203908,0.2670944839751983,0.5235394313994481,0.20385193165714982
M3-split,long,0.5 % H2O,model,0.0,323.00450077113646,0.004945519014969697,0.25337854589198244,0.5253226843750456,0.2163532507180024
M3-split,long,0.5 % H2O,model,0.0,336.6700746416139,0.004561574020141501,0.24352918986311056,0.5261210299832306,0.22578820613351733
M3-split,long,0.5 % H2O,model,0.0,350.91380735744417,0.0042984867883248,0.2364715508556488,0.5264298835298448,0.2328000788261817
M3-split,long,0.5 % H2O,model,0.0,365.7601594830805,0.004116940215241371,0.23144154578921833,0.526509737567606,0.23793177642793428
M3-split,long,0.5 % H2O,model,0.0,381.23462645292375,0.003991537325466879,0.2278858715659957,0.5264933956997739,0.24162919540876363
M3-split,long,0.5 % H2O,model,0.0,397.3637823542767,0.003905248161384827,0.22539888943989464,0.5264452667675021,0.24425059563121834
M3-split,long,0.5 % H2O,model,0.0,414.1753255626552,0.0038463336061780287,0.22368137291107,0.5263940915346457,0.24607820194810623
M3-split,long,0.5 % H2O,model,0.0,431.6981263078251,0.0038065523159182173,0.2225124832555517,0.5263507822079923,0.24733018222053776
M3-split,long,0.5 % H2O,model,0.0,449.9622762522443,0.0037800620972864695,0.22172996492078767,0.5263179185268398,0.24817205445508603
M3-split,long,0.5 % H2O,model,0.0,468.99914016706043,0.003762712554562348,0.22121564046430903,0.5262946184150481,0.24872702856608056
M3-split,long,0.5 % H2O,model,0.0,488.8414097943947,0.003751567402579808,0.22088447872178482,0.5262788998242555,0.2490850540513799
M3-split,long,0.5 % H2O,model,0.0,509.52315998841743,0.0037445685748806828,0.22067621143530183,0.5262687263684845,0.24931049362133284
M3-split,long,0.5 % H2O,model,0.0,531.0799072316224,0.003740292679653094,0.2205488546298449,0.526262395471607,0.24944845721889494
M3-split,long,0.5 % H2O,model,0.0,553.5486706267875,0.0037377714576374644,0.22047371878610317,0.5262586213714585,0.24952988838480078
M3-split,long,0.5 % H2O,model,0.0,576.9680354693685,0.003736358701605283,0.2204316032043956,0.526256493191307,0.24957554490269215
M3-split,long,0.5 % H2O,model,0.0,601.3782195094898,0.003735632176925313,0.2204099410371953,0.5262553950069339,0.2495990317789454
M3-split,long,0.5 % H2O,model,0.0,626.8211420173293,0.0037353222601360695,0.22040069973085663,0.5262549257752568,0.2496090522337504
M3-split,long,0.5 % H2O,model,0.0,653.3404957704963,0.0037352609215026986,0.220398870640692,0.526254832850301,0.24961103558750433
M3-split,long,0.5 % H2O,model,0.0,680.9818220870363,0.003735346185267015,0.22040141316789635,0.5262549620163033,0.24960827863053325
M3-split,long,0.5 % H2O,model,0.0,709.7925890329016,0.0037355178472449446,0.22040653194127668,0.5262552219601392,0.24960272825133914
M3-split,long,0.5 % H2O,model,0.0,739.822272938202,0.0037357414600215047,0.2204131996145741,0.5262555603586287,0.2495954985667756
M3-split,long,0.5 % H2O,model,0.0,771.1224433622212,0.003735997936433135,0.22042084691375707,0.5262559481935383,0.2495872069562715
M3-split,long,0.5 % H2O,model,0.0,803.7468516531015,0.0037362771933013746,0.22042917308795956,0.5262563701155949,0.24957817960314413
M3-split,long,0.5 % H2O,model,0.0,837.7515232542927,0.003736574146423928,0.22043802646754718,0.5262568183620941,0.24956858102393475
M3-split,long,0.5 % H2O,model,0.0,873.1948539162647,0.003736886500469124,0.22044733854696827,0.5262572893973335,0.249558485555229
M3-split,long,0.5 % H2O,model,0.0,910.1377099787206,0.003737213408189432,0.22045708400037106,0.5262577818763332,0.2495479207151063
M3-split,long,0.5 % H2O,model,0.0,948.6435328955174,0.0037375547591149668,0.2204672594647676,0.5262582955642128,0.2495368902119046
M3-split,long,0.5 % H2O,model,0.0,988.7784481817904,0.003737910859181636,0.22047787398734314,0.5262588308494975,0.24952538430397758
M3-split,long,0.5 % H2O,model,0.0,1030.6113789703877,0.003738282206958182,0.2204889423511448,0.5262593884045635,0.2495133870373335
M3-split,long,0.5 % H2O,model,0.0,1074.214164372607,0.003738669373123276,0.22050048148175055,0.5262599690030664,0.24950088014205987
M3-split,long,0.5 % H2O,model,0.0,1119.6616828464998,0.0037390730027779947,0.22051251051446927,0.5262605735223006,0.2494878429604521
M3-split,long,0.5 % H2O,model,0.0,1167.0319807846197,0.0037394938085888478,0.22052505058912392,0.5262612029317877,0.24947425267049955
M3-split,long,0.5 % H2O,model,0.0,1216.4064065419916,0.003739932523267613,0.2205381234332324,0.5262618582211096,0.24946008582239024
M3-split,long,0.5 % H2O,model,0.0,1267.8697501345325,0.003740389901718557,0.22055175142425026,0.5262625404022667,0.24944531827176442
M3-split,long,0.5 % H2O,model,0.0,1321.51038884775,0.0037408667398766827,0.22056595815036542,0.5262632505369333,0.24942992457282445
M3-split,long,0.5 % H2O,model,0.0,1377.4204390058364,0.0037413638733453315,0.22058076836933155,0.5262639897330937,0.24941387802422926
M3-split,long,0.5 % H2O,model,0.0,1435.6959141617613,0.0037418821759161907,0.22059620796205764,0.5262647591417986,0.24939715072022753
M3-split,long,0.5 % H2O,model,0.0,1496.4368899799936,0.0037424225539662605,0.22061230376506163,0.5262655599473944,0.24937971373357778
M3-split,long,0.5 % H2O,model,0.0,1559.747676095074,0.0037429859517451713,0.22062908372640952,0.5262663933741344,0.249361536947711
M3-split,long,0.5 % H2O,model,0.0,1625.7369952410816,0.0037435733552912834,0.22064657702094792,0.5262672606903155,0.24934258893344535
M3-split,long,0.5 % H2O,model,0.0,1694.5181699596842,0.0037441857944969107,0.2206648141099054,0.5262681632097842,0.24932283688581347
M3-split,long,0.5 % H2O,model,0.0,1766.2093172073767,0.0037448243468968536,0.22068382685158378,0.5262691022958357,0.2493022465056837
M3-split,long,0.5 % H2O,model,0.0,1840.933551196067,0.0037454901330949346,0.22070364836391645,0.5262700793521689,0.2492807821508198
M3-split,long,0.5 % H2O,model,0.0,1918.8191948154297,0.0037461843260966185,0.2207243132996631,0.5262710958348066,0.24925840653943374
M3-split,long,0.5 % H2O,model,0.0,2000.0,0.0037469081482013195,0.2207458577515955,0.5262721532450321,0.24923508085517107
M3-split,long,0.5 % H2O,model,1e-06,0.1,0.9999932791483264,6.694776635241687e-06,2.6052386356066427e-08,2.2651967198402028e-11
M3-split,long,0.5 % H2O,model,1e-06,0.10423076887097628,0.9999932779351991,6.6948917519344115e-06,2.7148453492006527e-08,2.4595336742251116e-11
M3-split,long,0.5 % H2O,model,1e-06,0.10864053179434878,0.9999932766701848,6.6950127366859695e-06,2.829037272527403e-08,2.6705817317473386e-11
M3-split,long,0.5 % H2O,model,1e-06,0.11323686159476715,0.9999932753510393,6.695139923970209e-06,2.9480039023967852e-08,2.8997814087594813e-11
M3-split,long,0.5 % H2O,model,1e-06,0.11802765148558905,0.9999932739754196,6.695273669860773e-06,3.0719423645875266e-08,3.1486975455410656e-11
M3-split,long,0.5 % H2O,model,1e-06,0.12302112862378574,0.9999932725408792,6.695414353588587e-06,3.201057703068411e-08,3.4190300424400115e-11
M3-split,long,0.5 % H2O,model,1e-06,0.12822586823832455,0.9999932710448628,6.695562379220821e-06,3.335563178557491e-08,3.7126255234154406e-11
M3-split,long,0.5 % H2O,model,1e-06,0.13365080835629065,0.9999932694847019,6.695718177471325e-06,3.475680576563963e-08,4.0314900071033165e-11
M3-split,long,0.5 % H2O,model,1e-06,0.13930526515203676,0.9999932678575995,6.695882204134154e-06,3.621642573345123e-08,4.377090501904052e-11
M3-split,long,0.5 % H2O,model,1e-06,0.1451989489457201,0.9999932661606433,6.6960549492529275e-06,3.7736889524140676e-08,4.751799260608182e-11
M3-split,long,0.5 % H2O,model,1e-06,0.15134198087870035,0.9999932643907975,6.696236937779518e-06,3.932067881441364e-08,5.1585833003811356e-11
M3-split,long,0.5 % H2O,model,1e-06,0.15774491029443527,0.9999932625448837,6.696428727972077e-06,4.0970386198154285e-08,5.60020133826751e-11
M3-split,long,0.5 % H2O,model,1e-06,0.1644187328547217,0.9999932606195808,6.69663091615355e-06,4.2688706476515734e-08,6.079649919381624e-11
M3-split,long,0.5 % H2O,model,1e-06,0.17137490942239292,0.9999932586114182,6.696844139570344e-06,4.447844033581474e-08,6.600183943681759e-11
M3-split,long,0.5 % H2O,model,1e-06,0.17862538574289932,0.9999932565167691,6.697069079479779e-06,4.63424981251893e-08,7.165338965400755e-11
M3-split,long,0.5 % H2O,model,1e-06,0.18618261295857116,0.9999932543318422,6.697306464485348e-06,4.828390373341508e-08,7.778955418258958e-11
M3-split,long,0.5 % H2O,model,1e-06,0.19405956899079269,0.999993252052675,6.697557074035718e-06,5.0305799179993356e-08,8.445183574595195e-11
M3-split,long,0.5 % H2O,model,1e-06,0.20226978082680583,0.9999932496751038,6.697821735290486e-06,5.241149007018784e-08,9.167077637738484e-11
M3-split,long,0.5 % H2O,model,1e-06,0.21082734774941828,0.9999932471948086,6.698101345593575e-06,5.4604342225924665e-08,9.950354341883617e-11
M3-split,long,0.5 % H2O,model,1e-06,0.2197469655495056,0.9999932446072577,6.698396861145187e-06,5.6887879435044675e-08,1.0800185950948619e-10
M3-split,long,0.5 % H2O,model,1e-06,0.22904395176288905,0.9999932419077111,6.698709306514981e-06,5.926576075702315e-08,1.172217422620261e-10
M3-split,long,0.5 % H2O,model,1e-06,0.23873427197492728,0.9999932390912111,6.699039779938948e-06,6.174178509784586e-08,1.2722385231904987e-10
M3-split,long,0.5 % H2O,model,1e-06,0.24883456723799433,0.9999932361525713,6.699389459047085e-06,6.431989588522037e-08,1.3807386843190983e-10
M3-split,long,0.5 % H2O,model,1e-06,0.25936218264892796,0.9999932330863647,6.699759607442163e-06,6.700418437156658e-08,1.4984351261093886e-10
M3-split,long,0.5 % H2O,model,1e-06,0.2703351971355234,0.9999932298869122,6.700151580581217e-06,6.979889763106803e-08,1.626096618569822e-10
M3-split,long,0.5 % H2O,model,1e-06,0.28177245450322547,0.9999932265482692,6.700566833413146e-06,7.27084420263293e-08,1.764554456085455e-10
M3-split,long,0.5 % H2O,model,1e-06,0.2936935957953338,0.9999932230642131,6.701006928411041e-06,7.573738752101098e-08,1.9147105662180446e-10
M3-split,long,0.5 % H2O,model,1e-06,0.3061190930222936,0.9999932194282286,6.701473543921387e-06,7.889047331992617e-08,2.077540716474125e-10
M3-split,long,0.5 % H2O,model,1e-06,0.3190702843179958,0.9999932156334934,6.701968483348729e-06,8.217261305315422e-08,2.254100353036788e-10
M3-split,long,0.5 % H2O,model,1e-06,0.33256941058345696,0.9999932116728618,6.702493685096535e-06,8.558890002284464e-08,2.445530872332213e-10
M3-split,long,0.5 % H2O,model,1e-06,0.34663965368081123,0.9999932075388476,6.703051233327728e-06,8.914461250369794e-08,2.6530663533445775e-10
M3-split,long,0.5 % H2O,model,1e-06,0.36130517624319886,0.9999932032236046,6.703643369169094e-06,9.284522324762902e-08,2.8780290136078937e-10
M3-split,long,0.5 % H2O,model,1e-06,0.37659116316892216,0.9999931987189118,6.704272503950843e-06,9.669639898783993e-08,3.121853557215842e-10
M3-split,long,0.5 % H2O,model,1e-06,0.39252386487112034,0.9999931940161534,6.704941233144241e-06,1.0070400319981258e-07,3.386102918571283e-10
M3-split,long,0.5 % H2O,model,1e-06,0.4091306423572408,0.999993189106295,6.705652350358646e-06,1.0487410890279082e-07,3.6724562105056676e-10
M3-split,long,0.5 % H2O,model,1e-06,0.4264400142157162,0.9999931839798626,6.706408863660249e-06,1.0921300120599594e-07,3.9827262608463657e-10
M3-split,long,0.5 % H2O,model,1e-06,0.44448170559054145,0.9999931786269174,6.70721401291343e-06,1.1372718270524292e-07,4.3188696600974477e-10
M3-split,long,0.5 % H2O,model,1e-06,0.46328669922785054,0.999993173037032,6.708071288871856e-06,1.1842337900115588e-07,4.683000469871477e-10
M3-split,long,0.5 % H2O,model,1e-06,0.4828872886821559,0.9999931671992628,6.70898445330542e-06,1.2330854387806532e-07,5.077399516319077e-10
M3-split,long,0.5 % H2O,model,1e-06,0.503317133773622,0.9999931611021236,6.709957560392599e-06,1.2838986417389304e-07,5.504520251402404e-10
M3-split,long,0.5 % H2O,model,1e-06,0.5246113183916065,0.9999931547335522,6.71099498146829e-06,1.336747653463329e-07,5.967010115213872e-10
M3-split,long,0.5 % H2O,model,1e-06,0.5468064107437368,0.999993148080881,6.712101430608222e-06,1.391709162982136e-07,6.467721475218356e-10
M3-split,long,0.5 % H2O,model,1e-06,0.5699405261539854,0.9999931411308015,6.7132819939734865e-06,1.4488622997262218e-07,7.009747012228934e-10
M3-split,long,0.5 % H2O,model,1e-06,0.5940533925175866,0.9999931338693273,6.714542158517315e-06,1.5082887335236758e-07,7.596408654334285e-10
M3-split,long,0.5 % H2O,model,1e-06,0.6191864185251992,0.9999931262817553,6.715887844183059e-06,1.5700727417620124e-07,8.23126248956011e-10
M3-split,long,0.5 % H2O,model,1e-06,0.6453827647734762,0.9999931183526248,6.71732544140589e-06,1.6343011919277372e-07,8.918145047742075e-10
M3-split,long,0.5 % H2O,model,1e-06,0.6726874178841584,0.9999931100656744,6.718861852501084e-06,1.7010634981074116e-07,9.661232543719996e-10
M3-split,long,0.5 % H2O,model,1e-06,0.7011472677589756,0.9999931014037923,6.7205045287523565e-06,1.7704518026672594e-07,1.0464986815880288e-09
M3-split,long,0.5 % H2O,model,1e-06,0.7308111881030229,0.9999930923489647,6.722261513853918e-06,1.8425610676620855e-07,1.133414541819914e-09
M3-split,long,0.5 % H2O,model,1e-06,0.7617301203548975,0.9999930828822253,6.724141498960627e-06,1.9174889245278203e-07,1.2273831273058668e-09
M3-split,long,0.5 % H2O,model,1e-06,0.7939571611677227,0.9999930729835955,6.72615387378671e-06,1.9953357653361955e-07,1.3289540307687157e-09
M3-split,long,0.5 % H2O,model,1e-06,0.8275476535912937,0.9999930626320231,6.728308784451877e-06,2.0762047598818898e-07,1.4387164477723156e-09
M3-split,long,0.5 % H2O,model,1e-06,0.8625592821119288,0.9999930518053167,6.73061720374378e-06,2.1602016758211997e-07,1.5573120221651926e-09
M3-split,long,0.5 % H2O,model,1e-06,0.8990521717132368,0.9999930404800738,6.733090989406061e-06,2.2474351293801198e-07,1.685423910685335e-09
M3-split,long,0.5 % H2O,model,1e-06,0.9370889911279167,0.9999930286316036,6.735742952377043e-06,2.338016722213987e-07,1.8237717808034236e-09
M3-split,long,0.5 % H2O,model,1e-06,0.9767350604579019,0.9999930162338474,6.738586949296503e-06,2.432060713589064e-07,1.9731318745951124e-09
M3-split,long,0.5 % H2O,model,1e-06,1.0180584633476666,0.99999300325929,6.7416379644996055e-06,2.529684121361272e-07,2.1343332735487263e-09
M3-split,long,0.5 % H2O,model,1e-06,1.0611301639033188,0.9999929896788647,6.74491222079441e-06,2.6310063242801785e-07,2.308282006386769e-09
M3-split,long,0.5 % H2O,model,1e-06,1.1060241285582797,0.9999929754618537,6.74842725073665e-06,2.7361497053742975e-07,2.495924989766769e-09
M3-split,long,0.5 % H2O,model,1e-06,1.1528174530948103,0.9999929605757787,6.752202018838758e-06,2.8452393485345725e-07,2.698267721703898e-09
M3-split,long,0.5 % H2O,model,1e-06,1.2015904950395269,0.9999929449862826,6.756257047951381e-06,2.9584028392503113e-07,2.91638542138253e-09
M3-split,long,0.5 % H2O,model,1e-06,1.2524270116602694,0.9999929286570025,6.760614562768001e-06,3.075769933528653e-07,3.1514412589552145e-09
M3-split,long,0.5 % H2O,model,1e-06,1.3054143038012902,0.9999929115494357,6.765298606244946e-06,3.1974729786478996e-07,3.4046603820090047e-09
M3-split,long,0.5 % H2O,model,1e-06,1.3606433658037873,0.9999928936227916,6.770335198489317e-06,3.3236467048201997e-07,3.67733955108931e-09
M3-split,long,0.5 % H2O,model,1e-06,1.4182090417692177,0.9999928748338329,6.7757525116746835e-06,3.454427973069012e-07,3.970858005219672e-09
M3-split,long,0.5 % H2O,model,1e-06,1.4782101884337602,0.9999928551367038,6.781581047406097e-06,3.5899557304529393e-07,4.2866757124149725e-09
M3-split,long,0.5 % H2O,model,1e-06,1.540749844933616,0.9999928344827478,6.787853830098414e-06,3.730370780449723e-07,4.626343893725625e-09
M3-split,long,0.5 % H2O,model,1e-06,1.6059354097526826,0.9999928128203052,6.794606622476303e-06,3.8758157246902376e-07,4.9914999012476675e-09
M3-split,long,0.5 % H2O,model,1e-06,1.6738788251564845,0.9999927900944957,6.801878155588788e-06,4.0264347662011533e-07,5.383872204683715e-09
M3-split,long,0.5 % H2O,model,1e-06,1.7446967694290683,0.9999927662469852,6.809710379400635e-06,4.1823735278332357e-07,5.8052826248245385e-09
M3-split,long,0.5 % H2O,model,1e-06,1.8185108572430024,0.9999927412157252,6.818148743686557e-06,4.343778877556502e-07,6.257643411323141e-09
M3-split,long,0.5 % H2O,model,1e-06,1.895447848506563,0.9999927149346823,6.827242484223776e-06,4.5107986978216546e-07,6.742963592914219e-09
M3-split,long,0.5 % H2O,model,1e-06,1.9756398660467678,0.9999926873335456,6.837044935864842e-06,4.683581645636772e-07,7.263353975732317e-09
M3-split,long,0.5 % H2O,model,1e-06,2.0592246225020725,0.9999926583373898,6.847613895361139e-06,4.862276952866205e-07,7.82101956567946e-09
M3-split,long,0.5 % H2O,model,1e-06,2.1463456568143684,0.9999926278663261,6.859011995097751e-06,5.047034170874114e-07,8.418261596600468e-09
M3-split,long,0.5 % H2O,model,1e-06,2.2371525807264225,0.9999925958350961,6.8713071425098076e-06,5.238003026521745e-07,9.057458724091376e-09
M3-split,long,0.5 % H2O,model,1e-06,2.3318013357080383,0.9999925621526925,6.884572914603275e-06,5.435332958247803e-07,9.741097178609904e-09
M3-split,long,0.5 % H2O,model,1e-06,2.4304544607521823,0.9999925267218776,6.898889077871962e-06,5.639172983491951e-07,1.0471746306340572e-08
M3-split,long,0.5 % H2O,model,1e-06,2.533281371500941,0.9999924894386879,6.914342114424163e-06,5.849671423720283e-07,1.125205538693044e-08
M3-split,long,0.5 % H2O,model,1e-06,2.640458651180643,0.9999924501918578,6.931025837389534e-06,6.0669758090247e-07,1.2084723878960525e-08
M3-split,long,0.5 % H2O,model,1e-06,2.7521703538457944,0.9999924088622919,6.949041938698117e-06,6.29123229673059e-07,1.2972539773172788e-08
M3-split,long,0.5 % H2O,model,1e-06,2.868608320452539,0.9999923653223671,6.968500730219477e-06,6.522585672852472e-07,1.3918335318569578e-08
M3-split,long,0.5 % H2O,model,1e-06,2.9899725083044815,0.999992319435217,6.98952189557376e-06,6.761179161514933e-07,1.4924971435266925e-08
M3-split,long,0.5 % H2O,model,1e-06,3.1164713344365755,0.9999922710539595,7.01223529329429e-06,7.007154191703891e-07,1.5995328163679728e-08
M3-split,long,0.5 % H2O,model,1e-06,3.2483220335268164,0.9999922200208547,7.036781832597717e-06,7.260650189343121e-07,1.7132293627012174e-08
M3-split,long,0.5 % H2O,model,1e-06,3.385751030950334,0.9999921661663496,7.063314461516148e-06,7.521804566720998e-07,1.833873237367794e-08
M3-split,long,0.5 % H2O,model,1e-06,3.528994331616538,0.9999921093080443,7.091999229502869e-06,7.790752641216478e-07,1.9617462118325035e-08
M3-split,long,0.5 % H2O,model,1e-06,3.678297925257089,0.9999920492495571,7.123016453301907e-06,8.06762764864105e-07,2.097122477145147e-08
M3-split,long,0.5 % H2O,model,1e-06,3.833918208860631,0.9999919857792695,7.156561988746678e-06,8.352560892030364e-07,2.2402652482683188e-08
M3-split,long,0.5 % H2O,model,1e-06,3.9961224269797992,0.9999919186689445,7.19284863164299e-06,8.645681932404236e-07,2.3914230606372453e-08
M3-split,long,0.5 % H2O,model,1e-06,4.165189130666562,0.9999918476722018,7.232107657375427e-06,8.947118788971207e-07,2.550826178238444e-08
M3-split,long,0.5 % H2O,model,1e-06,4.341408655824089,0.9999917725228333,7.274590500440021e-06,9.256998496231787e-07,2.7186816581354742e-08
M3-split,long,0.5 % H2O,model,1e-06,4.525083621796566,0.9999916929329322,7.32057062263001e-06,9.575447594190215e-07,2.8951685720372364e-08
M3-split,long,0.5 % H2O,model,1e-06,4.716529451053179,0.9999916085908236,7.370345566616795e-06,9.902592827462483e-07,3.080432697137584e-08
M3-split,long,0.5 % H2O,model,1e-06,4.916074910858767,0.999991519158773,7.424239206654802e-06,1.0238562110633891e-06,3.274580918407069e-08
M3-split,long,0.5 % H2O,model,1e-06,5.124062677861254,0.9999914242704256,7.482604274024657e-06,1.0583485523743717e-06,3.477674789686579e-08
M3-split,long,0.5 % H2O,model,1e-06,5.34084992656552,0.9999913235279674,7.545825120463354e-06,1.093749668210099e-06,3.6897243818949025e-08
M3-split,long,0.5 % H2O,model,1e-06,5.566808942704215,0.9999912164989536,7.614320814256653e-06,1.130073420654819e-06,3.9106811627575535e-08
M3-split,long,0.5 % H2O,model,1e-06,5.802327762558867,0.9999911027127651,7.688548569739379e-06,1.1673343540276759e-06,4.1404311119756835e-08
M3-split,long,0.5 % H2O,model,1e-06,6.047810839329224,0.9999909816566467,7.769007584627873e-06,1.2055478962043906e-06,4.378787225389843e-08
M3-split,long,0.5 % H2O,model,1e-06,6.303679737695092,0.999990852771267,7.856243310773582e-06,1.2447305956088492e-06,4.6254826798160665e-08
M3-split,long,0.5 % H2O,model,1e-06,6.570373857763537,0.9999907154457173,7.950852282785537e-06,1.2849003768634085e-06,4.880162302422596e-08
M3-split,long,0.5 % H2O,model,1e-06,6.848351189644559,0.9999905690119055,8.05348749462741e-06,1.3260768384216544e-06,5.142376161566542e-08
M3-split,long,0.5 % H2O,model,1e-06,7.138089099951173,0.9999904127382245,8.164864462644803e-06,1.3682815790794327e-06,5.4115733859098565e-08
M3-split,long,0.5 % H2O,model,1e-06,7.440085151574459,0.9999902458223779,8.285768144469906e-06,1.4115385515841973e-06,5.687092607132411e-08
M3-split,long,0.5 % H2O,model,1e-06,7.7548579581413986,0.9999900673833013,8.417060635490004e-06,1.4558744478264336e-06,5.968161534244394e-08
M3-split,long,0.5 % H2O,model,1e-06,8.082948074622873,0.9999898764519316,8.559690083495685e-06,1.5013191327546501e-06,6.253885231178841e-08
M3-split,long,0.5 % H2O,model,1e-06,8.424918925621194,0.9999896719607589,8.71470068127091e-06,1.5479060643182307e-06,6.543249540073707e-08
M3-split,long,0.5 % H2O,model,1e-06,8.781357772931367,0.9999894527318737,8.883244201865321e-06,1.5956728036012853e-06,6.83511206328839e-08
M3-split,long,0.5 % H2O,model,1e-06,9.1528767240376,0.9999892174633149,9.066593147052455e-06,1.6446614591730806e-06,7.128207873500177e-08
M3-split,long,0.5 % H2O,model,1e-06,9.540113783277015,0.9999889647134179,9.266155888887247e-06,1.6949192549680285e-06,7.421143827124507e-08
M3-split,long,0.5 % H2O,model,1e-06,9.943733947475618,0.9999886928828208,9.48349411296724e-06,1.746498978298277e-06,7.712408805506348e-08
M3-split,long,0.5 % H2O,model,1e-06,10.36443034793812,0.9999884001937392,9.720342976094613e-06,1.79945956303939e-06,8.000372157818014e-08
M3-split,long,0.5 % H2O,model,1e-06,10.802925440752704,0.9999880846660076,9.97863448898613e-06,1.8538665274915692e-06,8.28329759194503e-08
M3-split,long,0.5 % H2O,model,1e-06,11.259972247454842,0.9999877440893218,1.0260524699210812e-05,1.9097924654507837e-06,8.559351349313183e-08
M3-split,long,0.5 % H2O,model,1e-06,11.736355648180727,0.9999873759909965,1.0568425381634193e-05,1.9673174822873135e-06,8.826613964020224e-08
M3-split,long,0.5 % H2O,model,1e-06,12.23289372953102,0.9999869775983745,1.0905041128843122e-05,2.0265295084297963e-06,9.083098819061374e-08
M3-split,long,0.5 % H2O,model,1e-06,12.750439189459637,0.9999865457949113,1.1273412841759778e-05,2.087524559917282e-06,9.326768682561393e-08
M3-split,long,0.5 % H2O,model,1e-06,13.289880801600054,0.9999860770686967,1.1676968897920047e-05,2.1504068412653592e-06,9.555556397848528e-08
M3-split,long,0.5 % H2O,model,1e-06,13.852144941543997,0.9999855674519489,1.2119585503993139e-05,2.21528868745957e-06,9.767385947697547e-08
M3-split,long,0.5 % H2O,model,1e-06,14.438197177693354,0.9999850124496601,1.2605658122059832e-05,2.282290247387042e-06,9.960197052438953e-08
M3-split,long,0.5 % H2O,model,1e-06,15.049043929417392,0.9999844069552242,1.3140186186020189e-05,2.351538909331789e-06,1.0131968036835896e-07
M3-split,long,0.5 % H2O,model,1e-06,15.685734195362725,0.9999837451503535,1.3728873897027811e-05,2.4231683587277607e-06,1.0280739080869645e-07
M3-split,long,0.5 % H2O,model,1e-06,16.34936135488421,0.9999830203859895,1.4378250473682138e-05,2.4973171925731896e-06,1.0404634424462712e-07
M3-split,long,0.5 % H2O,model,1e-06,17.041065045690072,0.9999822250401722,1.5095814007187329e-05,2.574126994040887e-06,1.0501882657714684e-07
M3-split,long,0.5 % H2O,model,1e-06,17.762033120925942,0.9999813503478724,1.5890204027562266e-05,2.653739757266411e-06,1.0570834292961512e-07
M3-split,long,0.5 % H2O,model,1e-06,18.51350368905859,0.9999803861966089,1.6771409093216394e-05,2.736294533619414e-06,1.0609976430661353e-07
M3-split,long,0.5 % H2O,model,1e-06,19.29676724006232,0.9999793208802397,1.775101714838481e-05,2.8219231815857633e-06,1.0617943046156894e-07
M3-split,long,0.5 % H2O,model,1e-06,20.113168861559622,0.9999781408013463,1.8842518366653448e-05,2.9107450538500884e-06,1.0593523316822739e-07
M3-split,long,0.5 % H2O,model,1e-06,20.964110548721372,0.9999768301103348,2.0061672481404008e-05,3.0028605007546775e-06,1.0535668305564273e-07
M3-split,long,0.5 % H2O,model,1e-06,21.851053611893725,0.9999753702664137,2.1426955522262914e-05,3.0983431006041083e-06,1.0443496338549684e-07
M3-split,long,0.5 % H2O,model,1e-06,22.77552118608608,0.9999737395016741,2.2960104769965985e-05,3.1972305474335373e-06,1.031630085018742e-07
M3-split,long,0.5 % H2O,model,1e-06,23.739100846629615,0.9999719121646914,2.4686785442900156e-05,3.299514229803678e-06,1.0153563584739623e-07
M3-split,long,0.5 % H2O,model,1e-06,24.74344733549848,0.9999698579137132,2.6637408851352804e-05,3.4051276634564393e-06,9.954977199830175e-08
M3-split,long,0.5 % H2O,model,1e-06,25.79028540297515,0.9999675407215077,2.884813954867884e-05,3.5139341451312296e-06,9.720479858124299e-08
M3-split,long,0.5 % H2O,model,1e-06,26.88141276954016,0.9999649176428461,3.136213985488772e-05,3.625714242562624e-06,9.450305634527768e-08
M3-split,long,0.5 % H2O,model,1e-06,28.01870321307253,0.9999619372826705,3.423111278859773e-05,3.7401540250194832e-06,9.145051591311947e-08
M3-split,long,0.5 % H2O,model,1e-06,29.204109786662425,0.9999585378833665,3.751722372147393e-05,3.856835313233496e-06,8.80575987219373e-08
M3-split,long,0.5 % H2O,model,1e-06,30.439668172562268,0.9999546449266595,4.129550371934558e-05,3.9752295202188284e-06,8.434010083498732e-08
M3-split,long,0.5 % H2O,model,1e-06,31.727500178035505,0.9999501681114176,4.565687162004245e-05,4.0946968441168e-06,8.032011835703369e-08
M3-split,long,0.5 % H2O,model,1e-06,33.069817379106794,0.9999449975271126,5.0711953448391314e-05,4.2144925844864885e-06,7.602685447905264e-08
M3-split,long,0.5 % H2O,model,1e-06,34.46892491847074,0.9999389987817746,5.659593912036011e-05,4.333781971396196e-06,7.14971336222321e-08
M3-split,long,0.5 % H2O,model,1e-06,35.92722546408158,0.9999320067620333,6.347479859050049e-05,4.451663922730939e-06,6.677545333075864e-08
M3-split,long,0.5 % H2O,model,1e-06,37.4472233352214,0.9999238175967784,7.155328661325675e-05,4.56720316091942e-06,6.191344725373777e-08
M3-split,long,0.5 % H2O,model,1e-06,39.03152880313289,0.9999141782392676,8.108532388161871e-05,4.679468186939243e-06,5.696866386194603e-08
M3-split,long,0.5 % H2O,model,1e-06,40.68286257360202,0.9999027728840534,9.238754140306102e-05,4.787571847711815e-06,5.200269581873559e-08
M3-split,long,0.5 % H2O,model,1e-06,42.404060459188024,0.9998892051387552,0.00010585707276686251,4.8907096918598e-06,4.707878599552691e-08
M3-split,long,0.5 % H2O,model,1e-06,44.1980782491253,0.9998729744793325,0.00012199506885949466,4.9881926690582525e-06,4.225913883611561e-08
M3-split,long,0.5 % H2O,model,1e-06,46.06799678525902,0.9998534449545752,0.00014143797166973042,5.079471526300637e-06,3.760222891373673e-08
M3-split,long,0.5 % H2O,model,1e-06,48.01702725273211,0.9998298033104738,0.0001649993764624509,5.1641526817901905e-06,3.316038209102882e-08
M3-split,long,0.5 % H2O,model,1e-06,50.048516694508926,0.999801002572541,0.00019372644255438736,5.242007053985881e-06,2.89778504761793e-08
M3-split,long,0.5 % H2O,model,1e-06,52.165953759205564,0.9997656855015834,0.00022897643441020072,5.312974498045839e-06,2.5089508413369115e-08
M3-split,long,0.5 % H2O,model,1e-06,54.372974692097905,0.9997220799523129,0.00027252136006821327,5.377167413964164e-06,2.1520204712181698e-08
M3-split,long,0.5 % H2O,model,1e-06,56.67336957959499,0.9996678547398314,0.00032669209739116095,5.434878037590283e-06,1.8284739633505845e-08
M3-split,long,0.5 % H2O,model,1e-06,59.07108885790181,0.9995999195156995,0.00039457849946299785,5.486596451752178e-06,1.538838570175915e-08
M3-split,long,0.5 % H2O,model,1e-06,61.57025009704871,0.9995141446108593,0.0004803095105332491,5.533050765741585e-06,1.2827841765091011e-08
M3-split,long,0.5 % H2O,model,1e-06,64.17514507193687,0.9994049654924376,0.0005894486258391928,5.575289218844552e-06,1.0592504178555609e-08
M3-split,long,0.5 % H2O,model,1e-06,66.89024713254423,0.9992648193798921,0.0007295571145337692,5.6148396411972334e-06,8.665932851453014e-09
M3-split,long,0.5 % H2O,model,1e-06,69.72021888594699,0.9990833355091401,0.0009110034520314074,5.6540114157462276e-06,7.027412682202591e-09
M3-split,long,0.5 % H2O,model,1e-06,72.66992020335023,0.9988461603613618,0.0011481375219767713,5.696463133003832e-06,5.6535284065376525e-09
M3-split,long,0.5 % H2O,model,1e-06,75.74441656587685,0.9985332368578229,0.0014610103484563354,5.748274011955051e-06,4.519708725682456e-09
M3-split,long,0.5 % H2O,model,1e-06,78.94898776344854,0.9981162586799649,0.0018779177290161554,5.819989263165195e-06,3.6017558673105353e-09
M3-split,long,0.5 % H2O,model,1e-06,82.28913696169538,0.9975548660879167,0.0024392004465513145,5.930588067004362e-06,2.8774652127658198e-09
M3-split,long,0.5 % H2O,model,1e-06,85.7706001524658,0.9967909023811272,0.00320297996086134,6.115329351364312e-06,2.328660006009937e-09
M3-split,long,0.5 % H2O,model,1e-06,89.39935600416594,0.9957396520280394,0.004253904431733016,6.4415957441137405e-06,1.944483513831224e-09
M3-split,long,0.5 % H2O,model,1e-06,93.18163612884342,0.9942763358651856,0.005716620787320182,7.041619263450618e-06,1.7282308625420386e-09
M3-split,long,0.5 % H2O,model,1e-06,97.1239357836489,0.9922150858248105,0.007776730753791571,8.181707179307533e-06,1.714218510312796e-09
M3-split,long,0.5 % H2O,model,1e-06,101.23302502505048,0.9892759025996531,0.01071368299740657,1.0412388761254416e-05,2.014178996028566e-09
M3-split,long,0.5 % H2O,model,1e-06,105.51596033495792,0.9850322997067251,0.014952794605287574,1.490273335247805e-05,2.9546346532692986e-09
M3-split,long,0.5 % H2O,model,1e-06,109.98009673872109,0.9788278451246266,0.02114794381310775,2.4205553619795443e-05,5.5086458019365435e-09
M3-split,long,0.5 % H2O,model,1e-06,114.63310043581247,0.9696428357802698,0.030313090984037283,4.406050667632379e-05,1.2729016536345517e-08
M3-split,long,0.5 % H2O,model,1e-06,119.48296196488577,0.955882314325047,0.04402987478272674,8.777612023951498e-05,3.4771986854801375e-08
M3-split,long,0.5 % H2O,model,1e-06,124.53800992581655,0.9350448927444795,0.06476776091905825,0.0001872387900004751,1.075464617660428e-07
M3-split,long,0.5 % H2O,model,1e-06,129.80692528229133,0.9032274124493732,0.09635062439688091,0.0004215966585695371,3.6649517644959405e-07
M3-split,long,0.5 % H2O,model,1e-06,135.29875626950604,0.8544582671828136,0.1445452257371691,0.0009951460160458638,1.3610639713539336e-06
M3-split,long,0.5 % H2O,model,1e-06,141.02293393257435,0.7800471020023013,0.21748792212404963,0.0024594507949155225,5.525078733586082e-06
M3-split,long,0.5 % H2O,model,1e-06,146.9892883223311,0.6688415721260188,0.324747291115109,0.006386189159259515,2.4947599612542398e-05
M3-split,long,0.5 % H2O,model,1e-06,153.20806537634184,0.511529148219533,0.47080083605326484,0.017540202544558604,0.00012981318264366085
M3-split,long,0.5 % H2O,model,1e-06,159.68994451410924,0.3181804100853794,0.6304576876501529,0.05055655479618128,0.000805347468286508
M3-split,long,0.5 % H2O,model,1e-06,166.4460569766914,0.15176548107160973,0.7091163781273614,0.13408191303096617,0.005036227770062584
M3-split,long,0.5 % H2O,model,1e-06,173.48800494222866,0.06927536899253964,0.6582688475838656,0.25312118318835275,0.01933460023524204
M3-split,long,0.5 % H2O,model,1e-06,180.82788145020223,0.03704831269348496,0.5676472242138003,0.3519555433558927,0.0433489197368221
M3-split,long,0.5 % H2O,model,1e-06,188.4782911686432,0.022972079842140055,0.4873302440135842,0.4183552175443547,0.07134245859992103
M3-split,long,0.5 % H2O,model,1e-06,196.45237203995435,0.015836170329189995,0.4244918634676423,0.4604549872589531,0.09921697894421451
M3-split,long,0.5 % H2O,model,1e-06,204.76381784251524,0.01178967713999443,0.3765566398514885,0.4866953796908725,0.1249583033176446
M3-split,long,0.5 % H2O,model,1e-06,213.42690170681885,0.009303443298436792,0.3400305291038956,0.502910343903919,0.14775568369374864
M3-split,long,0.5 % H2O,model,1e-06,222.45650062652007,0.007684457075051106,0.31206605861952047,0.512835766639673,0.16741371766575544
M3-split,long,0.5 % H2O,model,1e-06,231.86812100648996,0.006584243659455242,0.29054657676536433,0.5188287436208164,0.18404043595436398
M3-split,long,0.5 % H2O,model,1e-06,241.67792529175034,0.005812696367824206,0.2739247395943001,0.5223760459374406,0.19788651810043525
M3-split,long,0.5 % H2O,model,1e-06,251.90275972301498,0.005259100207201445,0.26106269613961325,0.5244167478282172,0.20926145582496797
M3-split,long,0.5 % H2O,model,1e-06,262.5601832665064,0.004855410933464482,0.2511123225244884,0.5255431827891878,0.21848908375285922
M3-split,long,0.5 % H2O,model,1e-06,273.668497767724,0.004557865445510423,0.24343151745618777,0.5261268339565528,0.22588378314174895
M3-split,long,0.5 % H2O,model,1e-06,285.2467793809492,0.004337196274313102,0.23752675820369676,0.5263981324464025,0.2317379130755876
M3-split,long,0.5 % H2O,model,1e-06,297.314911328461,0.004173157100518228,0.23301367047860796,0.5264975992531059,0.23631557316776783
M3-split,long,0.5 % H2O,model,1e-06,309.89361804571615,0.004051329318538745,0.2295897284624215,0.5265088615960761,0.2398500806229636
M3-split,long,0.5 % H2O,model,1e-06,323.00450077113646,0.003961191814458599,0.2270150872975677,0.5264800141149,0.24254370677307366
M3-split,long,0.5 % H2O,model,1e-06,336.6700746416139,0.0038949170319574366,0.2250988676377486,0.5264373901723904,0.24456882515790346
M3-split,long,0.5 % H2O,model,1e-06,350.91380735744417,0.0038465975738134974,0.2236891042025484,0.526394355032485,0.24606994319115322
M3-split,long,0.5 % H2O,model,1e-06,365.7601594830805,0.003811734292920191,0.2226651678597023,0.5263568318552404,0.247166265992137
M3-split,long,0.5 % H2O,model,1e-06,381.23462645292375,0.003786886301678031,0.2219318715068933,0.5263266963409747,0.24795454585045398
M3-split,long,0.5 % H2O,model,1e-06,397.3637823542767,0.003769423280864027,0.22141475057982493,0.5263037989136545,0.24851202722565635
M3-split,long,0.5 % H2O,model,1e-06,414.1753255626552,0.0037573437292847413,0.22105618870890048,0.5262871201785051,0.24889934738330965
M3-split,long,0.5 % H2O,model,1e-06,431.6981263078251,0.0037491369601019503,0.22081218187216228,0.5262753934900337,0.24916328767770204
M3-split,long,0.5 % H2O,model,1e-06,449.9622762522443,0.0037436753867321182,0.22064961532253777,0.5262674111628113,0.24933929812791886
M3-split,long,0.5 % H2O,model,1e-06,468.99914016706043,0.003740128812159165,0.22054397209595972,0.5262621511024207,0.24945374798946024
M3-split,long,0.5 % H2O,model,1e-06,488.8414097943947,0.0037378955341674388,0.22047741715916594,0.52625880782142,0.24952587948524674
M3-split,long,0.5 % H2O,model,1e-06,509.52315998841743,0.003736547084190581,0.22043721962727272,0.5262567775269344,0.24956945576160222
M3-split,long,0.5 % H2O,model,1e-06,531.0799072316224,0.003735784112000924,0.2204144713682324,0.5262556248761261,0.24959411964364048
M3-split,long,0.5 % H2O,model,1e-06,553.5486706267875,0.0037354017285232254,0.2204030694166355,0.5262550461390525,0.24960648271578864
M3-split,long,0.5 % H2O,model,1e-06,576.9680354693685,0.0037352627403569615,0.22039892487714027,0.5262548356059616,0.2496109767765411
M3-split,long,0.5 % H2O,model,1e-06,601.3782195094898,0.0037352773692987747,0.22039936110979236,0.526254857769893,0.24961050375101584
M3-split,long,0.5 % H2O,model,1e-06,626.8211420173293,0.003735388329387946,0.22040266987294416,0.5262550258473497,0.2496069159503182
M3-split,long,0.5 % H2O,model,1e-06,653.3404957704963,0.0037355599981658332,0.22040778881359432,0.5262552857665519,0.24960136542168798
M3-split,long,0.5 % H2O,model,1e-06,680.9818220870363,0.003735770886161245,0.22041407702331933,0.5262556048719369,0.24959454721858257
M3-split,long,0.5 % H2O,model,1e-06,709.7925890329016,0.003736008447315525,0.22042116030740594,0.5262559640809588,0.24958686716431977
M3-split,long,0.5 % H2O,model,1e-06,739.822272938202,0.003736265645023032,0.22042882877813247,0.5262563526750437,0.24957855290180098
M3-split,long,0.5 % H2O,model,1e-06,771.1224433622212,0.003736538779874947,0.22043697206915686,0.5262567649990356,0.2495697241519327
M3-split,long,0.5 % H2O,model,1e-06,803.7468516531015,0.0037368260484664435,0.22044553635397787,0.5262571982713601,0.2495604393261955
M3-split,long,0.5 % H2O,model,1e-06,837.7515232542927,0.0037371267667418943,0.2204545011809323,0.5262576514031183,0.24955072064920747
M3-split,long,0.5 % H2O,model,1e-06,873.1948539162647,0.0037374408623327003,0.22046386433362516,0.5262581242270464,0.24954057057699566
M3-split,long,0.5 % H2O,model,1e-06,910.1377099787206,0.00373776856707821,0.22047363266152192,0.5262586170309839,0.24952998174041605
M3-split,long,0.5 % H2O,model,1e-06,948.6435328955174,0.0037381103130283834,0.22048381897713532,0.5262591303992993,0.24951894031053704
M3-split,long,0.5 % H2O,model,1e-06,988.7784481817904,0.0037384666363373775,0.22049443918975573,0.5262596650668011,0.24950742910710572
M3-split,long,0.5 % H2O,model,1e-06,1030.6113789703877,0.0037388381244999147,0.22050551073260402,0.5262602218386635,0.24949542930423246
M3-split,long,0.5 % H2O,model,1e-06,1074.214164372607,0.0037392254134734795,0.22051705247506556,0.5262608015850809,0.24948292052638016
M3-split,long,0.5 % H2O,model,1e-06,1119.6616828464998,0.003739629174136279,0.2205290843191672,0.5262614052202542,0.24946988128644246
M3-split,long,0.5 % H2O,model,1e-06,1167.0319807846197,0.003740050106685978,0.22054162703110206,0.5262620336931157,0.24945628916909626
M3-split,long,0.5 % H2O,model,1e-06,1216.4064065419916,0.0037404889507098773,0.22055470254168688,0.5262626880017475,0.2494421205058558
M3-split,long,0.5 % H2O,model,1e-06,1267.8697501345325,0.0037409464639075055,0.2205683333090955,0.5262633691601409,0.24942735106685604
M3-split,long,0.5 % H2O,model,1e-06,1321.51038884775,0.0037414234407643953,0.2205825428760888,0.5262640782255064,0.24941195545764053
M3-split,long,0.5 % H2O,model,1e-06,1377.4204390058364,0.0037419207100748376,0.22059735579463519,0.5262648162933722,0.24939590720191784
M3-split,long,0.5 % H2O,model,1e-06,1435.6959141617613,0.0037424391617228033,0.2206127984242804,0.5262655845368638,0.249379177877133
M3-split,long,0.5 % H2O,model,1e-06,1496.4368899799936,0.003742979689835886,0.22062889723329013,0.5262663841193931,0.24936173895748104
M3-split,long,0.5 % H2O,model,1e-06,1559.747676095074,0.0037435432390693192,0.22064568017914568,0.5262672162632052,0.2493435603185798
M3-split,long,0.5 % H2O,model,1e-06,1625.7369952410816,0.003744130801653398,0.22066317661837845,0.5262680822432093,0.2493246103367588
M3-split,long,0.5 % H2O,model,1e-06,1694.5181699596842,0.003744743412017925,0.22068141714454637,0.5262689833772495,0.2493048560661862
M3-split,long,0.5 % H2O,model,1e-06,1766.2093172073767,0.0037453821438129947,0.22070043349749924,0.526269921019806,0.2492842633388817
M3-split,long,0.5 % H2O,model,1e-06,1840.933551196067,0.003746048119065853,0.22072025883421595,0.5262708965736659,0.2492627964730522
M3-split,long,0.5 % H2O,model,1e-06,1918.8191948154297,0.0037467425087138314,0.2207409277424942,0.526271911488534,0.2492404182602579
M3-split,long,0.5 % H2O,model,1e-06,2000.0,0.0037474665363435907,0.22076247635004992,0.526272967264241,0.24921708984936541
M3-split,long,0.5 % H2O,measured,,186.8636111111111,0.9299932391087324,0.0602067459778262,-0.0127888361282447,0.0225283334121302
M3-split,long,2 % H2O,model,0.0,0.1,0.9999999907722136,9.15339784086932e-09,7.41990912234287e-11,1.8939632195496738e-13
M3-split,long,2 % H2O,model,0.0,0.10423076887097628,0.9999999903785061,9.540685583482111e-09,8.059534488273111e-11,2.1305776698878324e-13
M3-split,long,2 % H2O,model,0.0,0.10864053179434878,0.999999989967852,9.944364910020418e-09,8.75391758699855e-11,2.439655459315156e-13
M3-split,long,2 % H2O,model,0.0,0.11323686159476715,0.9999999895395121,1.0365127319488674e-08,9.508015711052293e-11,2.8044502301240317e-13
M3-split,long,2 % H2O,model,0.0,0.11802765148558905,0.9999999890927131,1.0803694113454012e-08,1.0327153961090743e-10,3.212934315768405e-13
M3-split,long,2 % H2O,model,0.0,0.12302112862378574,0.9999999886266449,1.126081880480187e-08,1.1216947159171302e-10,3.6693975521646495e-13
M3-split,long,2 % H2O,model,0.0,0.12822586823832455,0.9999999881404603,1.1737286807453265e-08,1.2183495066691128e-10,4.1785222218425953e-13
M3-split,long,2 % H2O,model,0.0,0.13365080835629065,0.9999999876332742,1.2233916787894305e-08,1.323342427679194e-10,4.745417884965074e-13
M3-split,long,2 % H2O,model,0.0,0.13930526515203676,0.999999987104161,1.2751562074047394e-08,1.437393372611338e-10,5.375659258921186e-13
M3-split,long,2 % H2O,model,0.0,0.1451989489457201,0.9999999865521518,1.3291112123924059e-08,1.5612844138609948e-10,6.075327411555827e-13
M3-split,long,2 % H2O,model,0.0,0.15134198087870035,0.9999999859762343,1.3853494056603937e-08,1.6958651741166197e-10,6.851054556070607e-13
M3-split,long,2 % H2O,model,0.0,0.15774491029443527,0.9999999853753488,1.4439674248193037e-08,1.842058662009861e-10,7.710072760591648e-13
M3-split,long,2 % H2O,model,0.0,0.1644187328547217,0.9999999847483874,1.5050659995528564e-08,2.000867611952361e-10,8.660266912520273e-13
M3-split,long,2 % H2O,model,0.0,0.17137490942239292,0.9999999840941894,1.568750125051576e-08,2.1733813717216736e-10,9.710232307249246e-13
M3-split,long,2 % H2O,model,0.0,0.17862538574289932,0.9999999834115331,1.635130143385272e-08,2.360695897976686e-10,1.095852585698416e-12
M3-split,long,2 % H2O,model,0.0,0.18618261295857116,0.999999982699145,1.704320366414861e-08,2.564073973556879e-10,1.2438688214388428e-12
M3-split,long,2 % H2O,model,0.0,0.19405956899079269,0.9999999819557025,1.7764390388669076e-08,2.784976713486828e-10,1.4096202310572404e-12
M3-split,long,2 % H2O,model,0.0,0.20226978082680583,0.9999999811798119,1.8516101578490152e-08,3.0249162992221993e-10,1.594848472579856e-12
M3-split,long,2 % H2O,model,0.0,0.21082734774941828,0.9999999803700153,1.9299629752424017e-08,3.285535486314556e-10,1.8014545452076025e-12
M3-split,long,2 % H2O,model,0.0,0.2197469655495056,0.9999999795247844,2.0116322207746242e-08,3.568618883051234e-10,2.031512931776447e-12
M3-split,long,2 % H2O,model,0.0,0.22904395176288905,0.9999999786425189,2.0967583345952716e-08,3.8761052034750003e-10,2.2872869790473397e-12
M3-split,long,2 % H2O,model,0.0,0.23873427197492728,0.9999999777215415,2.185487709762317e-08,4.210100578968543e-10,2.571245623451116e-12
M3-split,long,2 % H2O,model,0.0,0.24883456723799433,0.9999999767600862,2.277973822631508e-08,4.5728088447214897e-10,2.8947420620415055e-12
M3-split,long,2 % H2O,model,0.0,0.25936218264892796,0.9999999757563017,2.3743765793971887e-08,4.966635214142171e-10,3.2689832848203265e-12
M3-split,long,2 % H2O,model,0.0,0.2703351971355234,0.9999999747082629,2.4748612341899324e-08,5.394333484789359e-10,3.691662181370371e-12
M3-split,long,2 % H2O,model,0.0,0.28177245450322547,0.9999999736139408,2.579600917031643e-08,5.858809590661592e-10,4.1691005507323e-12
M3-split,long,2 % H2O,model,0.0,0.2936935957953338,0.9999999724712084,2.688776139725607e-08,6.363217802479998e-10,4.708449459206593e-12
M3-split,long,2 % H2O,model,0.0,0.3061190930222936,0.9999999712778329,2.8025751156758904e-08,6.910981821055791e-10,5.317798367127724e-12
M3-split,long,2 % H2O,model,0.0,0.3190702843179958,0.9999999700314711,2.9211940646994385e-08,7.505823939250812e-10,6.005897230162969e-12
M3-split,long,2 % H2O,model,0.0,0.33256941058345696,0.9999999687296632,3.0448375939376115e-08,8.151783158762946e-10,6.782721828737485e-12
M3-split,long,2 % H2O,model,0.0,0.34663965368081123,0.9999999673698254,3.173719117253288e-08,8.853230607263909e-10,7.660362366034563e-12
M3-split,long,2 % H2O,model,0.0,0.36130517624319886,0.9999999659492447,3.308061148385108e-08,9.614917720181404e-10,8.651986970618437e-12
M3-split,long,2 % H2O,model,0.0,0.37659116316892216,0.9999999644650701,3.448095734221103e-08,1.0442000789834588e-09,9.772491421938259e-12
M3-split,long,2 % H2O,model,0.0,0.39252386487112034,0.999999962914305,3.5940648738159545e-08,1.1340075193943367e-09,1.1038726501494374e-11
M3-split,long,2 % H2O,model,0.0,0.4091306423572408,0.9999999612937994,3.7462209572065795e-08,1.2315212481961578e-09,1.2469755322538091e-11
M3-split,long,2 % H2O,model,0.0,0.4264400142157162,0.9999999596002406,3.904827225137189e-08,1.33740005529682e-09,1.4087144596521564e-11
M3-split,long,2 % H2O,model,0.0,0.44448170559054145,0.9999999578301422,4.070158335169024e-08,1.4523583714166154e-09,1.5915972072337145e-11
M3-split,long,2 % H2O,model,0.0,0.46328669922785054,0.9999999559798319,4.242501095569581e-08,1.5771700422080462e-09,1.7987038595859816e-11
M3-split,long,2 % H2O,model,0.0,0.4828872886821559,0.9999999540454524,4.422154064708566e-08,1.7126772567587675e-09,2.032980699970715e-11
M3-split,long,2 % H2O,model,0.0,0.503317133773622,0.9999999520229372,4.609429010590237e-08,1.859792363186557e-09,2.2980143959358723e-11
M3-split,long,2 % H2O,model,0.0,0.5246113183916065,0.9999999499080042,4.8046512212934464e-08,2.0195049770738376e-09,2.5978660070546288e-11
M3-split,long,2 % H2O,model,0.0,0.5468064107437368,0.999999947696139,5.0081601206676324e-08,2.1928884506510108e-09,2.937133767763554e-11
M3-split,long,2 % H2O,model,0.0,0.5699405261539854,0.9999999453825835,5.2203099261718096e-08,2.3811070187573603e-09,3.3210257884060996e-11
M3-split,long,2 % H2O,model,0.0,0.5940533925175866,0.9999999429623145,5.441470502103292e-08,2.5854257930651884e-09,3.7554673479059524e-11
M3-split,long,2 % H2O,model,0.0,0.6191864185251992,0.99999994043004,5.672027624680811e-08,2.8072125790733205e-09,4.24712145107362e-11
M3-split,long,2 % H2O,model,0.0,0.6453827647734762,0.999999937780171,5.912384123137688e-08,3.047952156431205e-09,4.803552042968917e-11
M3-split,long,2 % H2O,model,0.0,0.6726874178841584,0.9999999350068066,6.162960570598767e-08,3.309254352291927e-09,5.433324187736108e-11
M3-split,long,2 % H2O,model,0.0,0.7011472677589756,0.9999999321037124,6.424196107897462e-08,3.5928655044121967e-09,6.146083518077378e-11
M3-split,long,2 % H2O,model,0.0,0.7308111881030229,0.9999999290642986,6.69654925508244e-08,3.90068406977532e-09,6.952491888797008e-11
M3-split,long,2 % H2O,model,0.0,0.7617301203548975,0.9999999258815992,6.980499107797714e-08,4.2347588775914675e-09,7.865074091655671e-11
M3-split,long,2 % H2O,model,0.0,0.7939571611677227,0.9999999225482464,7.27654611645527e-08,4.597314273972267e-09,8.897822177673957e-11
M3-split,long,2 % H2O,model,0.0,0.8275476535912937,0.9999999190564405,7.585213181413021e-08,4.99076304346626e-09,1.0066475795703144e-10
M3-split,long,2 % H2O,model,0.0,0.8625592821119288,0.9999999153979174,7.907046617950165e-08,5.417735301162686e-09,1.1388122488282662e-10
M3-split,long,2 % H2O,model,0.0,0.8990521717132368,0.9999999115639341,8.2426178489747e-08,5.8810522661023635e-09,1.2883504063723647e-10
M3-split,long,2 % H2O,model,0.0,0.9370889911279167,0.9999999075452198,8.592524217625884e-08,6.383783322312193e-09,1.4575469209508204e-10
M3-split,long,2 % H2O,model,0.0,0.9767350604579019,0.9999999033319428,8.957390475136508e-08,6.929253733036145e-09,1.6489876388634079e-10
M3-split,long,2 % H2O,model,0.0,1.0180584633476666,0.9999998989136721,9.337870223211323e-08,7.521065517570967e-09,1.8655990893088717e-10
M3-split,long,2 % H2O,model,0.0,1.0611301639033188,0.9999998942793343,9.73464746844154e-08,8.163122883610448e-09,2.1106817457796797e-10
M3-split,long,2 % H2O,model,0.0,1.1060241285582797,0.9999998894171416,1.0148438437714734e-07,8.859692368604465e-09,2.3878171038248293e-10
M3-split,long,2 % H2O,model,0.0,1.1528174530948103,0.9999998843146076,1.0579992892146398e-07,9.615331875210226e-09,2.7013147855093317e-10
M3-split,long,2 % H2O,model,0.0,1.2015904950395269,0.9999998789584396,1.1030096409257396e-07,1.0435001959934658e-08,3.0559445409410687e-10
M3-split,long,2 % H2O,model,0.0,1.2524270116602694,0.9999998733344935,1.1499572312032452e-07,1.1324073004893871e-08,3.4571030649722266e-10
M3-split,long,2 % H2O,model,0.0,1.3054143038012902,0.9999998674277027,1.198928408525949e-07,1.2288371593157894e-08,3.9108477000166424e-10
M3-split,long,2 % H2O,model,0.0,1.3606433658037873,0.9999998612219881,1.2500138143886752e-07,1.3334240297339978e-08,4.423901421729915e-10
M3-split,long,2 % H2O,model,0.0,1.4182090417692177,0.9999998547002662,1.3033084699507345e-07,1.4468473643851395e-08,5.004130107500194e-10
M3-split,long,2 % H2O,model,0.0,1.4782101884337602,0.9999998478442942,1.3589122076598535e-07,1.569845295568936e-08,5.660321195536689e-10
M3-split,long,2 % H2O,model,0.0,1.540749844933616,0.9999998406345915,1.4169299568469628e-07,1.7032175393417276e-08,6.402375371111848e-10
M3-split,long,2 % H2O,model,0.0,1.6059354097526826,0.9999998330503114,1.4774721674749556e-07,1.847833909159744e-08,7.241327425296555e-10
M3-split,long,2 % H2O,model,0.0,1.6738788251564845,0.9999998250692267,1.5406549075344663e-07,2.0046296225534104e-08,8.189862877892962e-10
M3-split,long,2 % H2O,model,0.0,1.7446967694290683,0.9999998166675405,1.6066004657567363e-07,2.174619079739629e-08,9.262222508837282e-10
M3-split,long,2 % H2O,model,0.0,1.8185108572430024,0.9999998078197756,1.6754378023948065e-07,2.358899375666304e-08,1.0474504698712416e-09
M3-split,long,2 % H2O,model,0.0,1.895447848506563,0.9999997984986432,1.7473028846376747e-07,2.5586582128968064e-08,1.1844863240170213e-09
M3-split,long,2 % H2O,model,0.0,1.9756398660467678,0.9999997886748876,1.8223392722201963e-07,2.7751806355499526e-08,1.3393789596880852e-09
M3-split,long,2 % H2O,model,0.0,2.0592246225020725,0.9999997783171201,1.9006987057771047e-07,3.009856774991536e-08,1.5144415027281608e-09
M3-split,long,2 % H2O,model,0.0,2.1463456568143684,0.9999997673916342,1.9825417713930249e-07,3.2641904667437145e-08,1.7122840782383518e-09
M3-split,long,2 % H2O,model,0.0,2.2371525807264225,0.9999997558621846,2.0680388066172254e-07,3.539808374791269e-08,1.9358509522644297e-09
M3-split,long,2 % H2O,model,0.0,2.3318013357080383,0.9999997436898211,2.157370119882922e-07,3.838470228119514e-08,2.1884644161401643e-09
M3-split,long,2 % H2O,model,0.0,2.4304544607521823,0.9999997308326036,2.2507273102598088e-07,4.162079415037169e-08,2.473871206352008e-09
M3-split,long,2 % H2O,model,0.0,2.533281371500941,0.9999997172453339,2.3483142377809237e-07,4.5126945963255413e-08,2.7962963810005527e-09
M3-split,long,2 % H2O,model,0.0,2.640458651180643,0.9999997028792462,2.4503482844505124e-07,4.892542181357953e-08,3.1605034769273576e-09
M3-split,long,2 % H2O,model,0.0,2.7521703538457944,0.9999996876817391,2.557060901986458e-07,5.304030867949888e-08,3.571861964179044e-09
M3-split,long,2 % H2O,model,0.0,2.868608320452539,0.9999996715959643,2.6686995341616454e-07,5.7497659307182014e-08,4.036423093234513e-09
M3-split,long,2 % H2O,model,0.0,2.9899725083044815,0.999999654560374,2.7855296814027854e-07,6.232565449676248e-08,4.5610034867045115e-09
M3-split,long,2 % H2O,model,0.0,3.1164713344365755,0.999999636508393,2.90783540688602e-07,6.755478342433359e-08,5.153282967640734e-09
M3-split,long,2 % H2O,model,0.0,3.2483220335268164,0.9999996173678389,3.035922173165307e-07,7.321803435125383e-08,5.821909397083098e-09
M3-split,long,2 % H2O,model,0.0,3.385751030950334,0.9999995970603162,3.170119557486147e-07,7.935111396523782e-08,6.5766140471772595e-09
M3-split,long,2 % H2O,model,0.0,3.528994331616538,0.9999995755006992,3.310782829642138e-07,8.599266611664028e-08,7.4283516834241195e-09
M3-split,long,2 % H2O,model,0.0,3.678297925257089,0.9999995525963561,3.458296627179108e-07,9.318453743584027e-08,8.389443609818623e-09
M3-split,long,2 % H2O,model,0.0,3.833918208860631,0.9999995282463743,3.6130782496673643e-07,1.0097205705858704e-07,9.47374385812393e-09
M3-split,long,2 % H2O,model,0.0,3.9961224269797992,0.9999995023406778,3.775581588883021e-07,1.0940433643614892e-07,1.0696826890153304e-08
M3-split,long,2 % H2O,model,0.0,4.165189130666562,0.9999994747590003,3.946301850677744e-07,1.1853462683890943e-07,1.2076187834170984e-08
M3-split,long,2 % H2O,model,0.0,4.341408655824089,0.9999994453697384,4.1257809026269653e-07,1.2842070109419648e-07,1.3631470164176056e-08
M3-split,long,2 % H2O,model,0.0,4.525083621796566,0.9999994140286905,4.3146132108362783e-07,1.3912526512649276e-07,1.5384723152610915e-08
M3-split,long,2 % H2O,model,0.0,4.716529451053179,0.9999993805775175,4.5134534442338113e-07,1.5071646603056808e-07,1.7360671923996353e-08
M3-split,long,2 % H2O,model,0.0,4.916074910858767,0.9999993448420933,4.723024665786017e-07,1.6326840837280167e-07,1.9587031850853534e-08
M3-split,long,2 % H2O,model,0.0,5.124062677861254,0.9999993066305285,4.944128453783346e-07,1.7686178352388564e-07,2.2094842557143683e-08
M3-split,long,2 % H2O,model,0.0,5.34084992656552,0.9999992657309162,5.177656709588182e-07,1.9158457584892966e-07,2.491883689055896e-08
M3-split,long,2 % H2O,model,0.0,5.566808942704215,0.9999992219087632,5.424605385739055e-07,2.075328486461441e-07,2.8097849589341764e-08
M3-split,long,2 % H2O,model,0.0,5.802327762558867,0.9999991749039016,5.686091458607179e-07,2.2481170354353982e-07,3.167524902847009e-08
M3-split,long,2 % H2O,model,0.0,6.047810839329224,0.9999991244270326,5.963372216108351e-07,2.435363258549776e-07,3.5699419737363514e-08
M3-split,long,2 % H2O,model,0.0,6.303679737695092,0.9999990701554919,6.257869606648832e-07,2.63833284541917e-07,4.0224262792884924e-08
M3-split,long,2 % H2O,model,0.0,6.570373857763537,0.9999990117284486,6.571198220835591e-07,2.858419832905349e-07,4.5309745893970525e-08
M3-split,long,2 % H2O,model,0.0,6.848351189644559,0.9999989487410483,6.905200347458609e-07,3.0971644827613086e-07,5.1022468737119426e-08
M3-split,long,2 % H2O,model,0.0,7.138089099951173,0.999998880737559,7.261987690630567e-07,3.3562740993406476e-07,5.743626192441309e-08
M3-split,long,2 % H2O,model,0.0,7.440085151574459,0.9999988072031509,7.643992394883891e-07,3.6376481295419485e-07,6.463279667003884e-08
M3-split,long,2 % H2O,model,0.0,7.7548579581413986,0.9999987275539076,8.054030296247012e-07,3.9434086888378544e-07,7.270219388042931e-08
M3-split,long,2 % H2O,model,0.0,8.082948074622873,0.9999986411249225,8.495377481002071e-07,4.2759370693592194e-07,8.174362241490413e-08
M3-split,long,2 % H2O,model,0.0,8.424918925621194,0.9999985471556487,8.971866248564677e-07,4.6379187704983564e-07,9.186584939594501e-08
M3-split,long,2 % H2O,model,0.0,8.781357772931367,0.9999984447720269,9.488004068986243e-07,5.032398487229762e-07,1.0318771743266245e-07
M3-split,long,2 % H2O,model,0.0,9.1528767240376,0.9999983329644869,1.0049122280721458e-06,5.462847843940513e-07,1.1583850071537238e-07
M3-split,long,2 % H2O,model,0.0,9.540113783277015,0.9999982105607962,1.0661562200188402e-06,5.933249024883498e-07,1.2995808134584449e-07
M3-split,long,2 % H2O,model,0.0,9.943733947475618,0.9999980761918953,1.1332913112076033e-06,6.448199297372179e-07,1.4569686380242135e-07
M3-split,long,2 % H2O,model,0.0,10.36443034793812,0.9999979282493016,1.2072312818973257e-06,7.013040828603963e-07,1.6321533380116853e-07
M3-split,long,2 % H2O,model,0.0,10.802925440752704,0.9999977648311761,1.2890833553256242e-06,7.634023426317958e-07,1.8268312590423382e-07
M3-split,long,2 % H2O,model,0.0,11.259972247454842,0.9999975836736753,1.380197994850504e-06,8.318508972256747e-07,2.042774327263747e-07
M3-split,long,2 % H2O,model,0.0,11.736355648180727,0.9999973820628971,1.4822336571904422e-06,9.075229066772797e-07,2.281805390261907e-07
M3-split,long,2 % H2O,model,0.0,12.23289372953102,0.9999971567211592,1.5972415836487534e-06,9.914610535953704e-07,2.545762033798874e-07
M3-split,long,2 % H2O,model,0.0,12.750439189459637,0.9999969036585894,1.727778080619562e-06,1.0849188011902285e-06,2.8364452870950474e-07
M3-split,long,2 % H2O,model,0.0,13.289880801600054,0.9999966179784902,1.8770538953164218e-06,1.1894127478729633e-06,3.155548667057273e-07
M3-split,long,2 % H2O,model,0.0,13.852144941543997,0.9999962936190372,2.049135571970335e-06,1.306789227618577e-06,3.5045616323012036e-07
M3-split,long,2 % H2O,model,0.0,14.438197177693354,0.9999959230077589,2.249219138422946e-06,1.4393091117958468e-06,3.88463990832942e-07
M3-split,long,2 % H2O,model,0.0,15.049043929417392,0.9999954965936347,2.484007180369264e-06,1.5897558921117026e-06,4.296432927757789e-07
M3-split,long,2 % H2O,model,0.0,15.685734195362725,0.9999950022077149,2.762233342875136e-06,1.7615733365284552e-06,4.739856056061844e-07
M3-split,long,2 % H2O,model,0.0,16.34936135488421,0.9999944241786892,3.0954016624934347e-06,1.9590404517733577e-06,5.213791965499741e-07
M3-split,long,2 % H2O,model,0.0,17.041065045690072,0.9999937420928892,3.4988440048638836e-06,2.1874929255039616e-06,5.715701805973119e-07
M3-split,long,2 % H2O,model,0.0,17.762033120925942,0.9999929290332836,3.993253164910175e-06,2.453601222329162e-06,6.241123291245316e-07
M3-split,long,2 % H2O,model,0.0,18.51350368905859,0.9999919490422036,4.606939711368665e-06,2.7657150237364986e-06,6.783030611555949e-07
M3-split,long,2 % H2O,model,0.0,19.29676724006232,0.9999907534060128,5.379210724135712e-06,3.1342799348428144e-06,7.331033281082202e-07
M3-split,long,2 % H2O,model,0.0,20.113168861559622,0.9999892751275216,6.365510557694404e-06,3.5723215613712468e-06,7.870403595376862e-07
M3-split,long,2 % H2O,model,0.0,20.964110548721372,0.9999874205528367,7.645385393385184e-06,4.095966008649872e-06,8.380957612643624e-07
M3-split,long,2 % H2O,model,0.0,21.851053611893725,0.9999850564554509,9.335042797987723e-06,4.7249125585397585e-06,8.835891927059806e-07
M3-split,long,2 % H2O,model,0.0,22.77552118608608,0.999981989726605,1.1607521303153017e-05,5.4826688079169835e-06,9.200832840150041e-07
M3-split,long,2 % H2O,model,0.0,23.739100846629615,0.9999779348181763,1.472565138003294e-05,6.396167854566545e-06,9.433625890230238e-07
M3-split,long,2 % H2O,model,0.0,24.74344733549848,0.9999724605480448,1.9096802685185187e-05,7.494068135045929e-06,9.485811349105821e-07
M3-split,long,2 % H2O,model,0.0,25.79028540297515,0.9999649016264297,2.5365070265902002e-05,8.802580900926211e-06,9.307224033369761e-07
M3-split,long,2 % H2O,model,0.0,26.88141276954016,0.9999542092652856,3.456797216515224e-05,1.0337224777037648e-05,8.855377723589541e-07
M3-split,long,2 % H2O,model,0.0,28.01870321307253,0.9999386961404884,4.84037399803657e-05,1.2089080251838096e-05,8.110392794529578e-07
M3-split,long,2 % H2O,model,0.0,29.204109786662425,0.9999155987281981,6.968550061650186e-05,1.40064711955253e-05,7.092999897336303e-07
M3-split,long,2 % H2O,model,0.0,30.439668172562268,0.9998803262329626,0.00010310605867389885,1.59799486268029e-05,5.877597366831555e-07
M3-split,long,2 % H2O,model,0.0,31.727500178035505,0.9998251712925593,0.00015652034121836007,1.784954161253128e-05,4.5882460968675e-07
M3-split,long,2 % H2O,model,0.0,33.069817379106794,0.9997370690433067,0.00024314003082027378,1.9453993302741476e-05,3.369325703394393e-07
M3-split,long,2 % H2O,model,0.0,34.46892491847074,0.9995935783868707,0.00038548411897807767,2.070372585416909e-05,2.337682971834024e-07
M3-split,long,2 % H2O,model,0.0,35.92722546408158,0.9993554284975859,0.000622807527284754,2.160943384962806e-05,1.54541279783407e-07
M3-split,long,2 % H2O,model,0.0,37.4472233352214,0.9989524400483489,0.0010252153062695866,2.2246414778291412e-05,9.823060314046648e-08
M3-split,long,2 % H2O,model,0.0,39.03152880313289,0.9982565620443753,0.00172065417017385,2.2723213027462382e-05,6.0572423417854e-08
M3-split,long,2 % H2O,model,0.0,40.68286257360202,0.9970292371109992,0.002947516059895311,2.3210121127618826e-05,3.67079779340462e-08
M3-split,long,2 % H2O,model,0.0,42.404060459188024,0.9948164975544429,0.005159378580990125,2.410132094020975e-05,2.2543626655427156e-08
M3-split,long,2 % H2O,model,0.0,44.1980782491253,0.9907356217317338,0.00923775018676696,2.661275958911619e-05,1.532191006492356e-08
M3-split,long,2 % H2O,model,0.0,46.06799678525902,0.9830330610881728,0.01693189854481627,3.5025908363035626e-05,1.4458647818107143e-08
M3-split,long,2 % H2O,model,0.0,48.01702725273211,0.9681546814963218,0.031779696045186094,6.559547684854073e-05,2.6981643639003665e-08
M3-split,long,2 % H2O,model,0.0,50.048516694508926,0.9387802014101435,0.061035284817365025,0.00018440285157438985,1.1092091707826118e-07
M3-split,long,2 % H2O,model,0.0,52.165953759205564,0.8797552339654322,0.11956102390792707,0.0006829657585671646,7.763680735843778e-07
M3-split,long,2 % H2O,model,0.0,54.372974692097905,0.7605667848194484,0.23641921137494668,0.003006397276535188,7.606529069743618e-06
M3-split,long,2 % H2O,model,0.0,56.67336957959499,0.5293328292328463,0.4546821034644687,0.01587479905446977,0.00011026824821526789
M3-split,long,2 % H2O,model,0.0,59.07108885790181,0.1934531141923,0.7005572420227842,0.10297822337854644,0.0030114204063691453
M3-split,long,2 % H2O,model,0.0,61.57025009704871,0.04232210875719979,0.5884043512315342,0.33200593349247337,0.0372676065187925
M3-split,long,2 % H2O,model,0.0,64.17514507193687,0.014190991195348267,0.40588219155936234,0.47113348759148654,0.10879332965380281
M3-split,long,2 % H2O,model,0.0,66.89024713254423,0.006402528936912588,0.28632182687988184,0.5196526989449303,0.18762294523827533
M3-split,long,2 % H2O,model,0.0,69.72021888594699,0.003414172122981791,0.21021087128716173,0.5252673312544666,0.2611076253353899
M3-split,long,2 % H2O,model,0.0,72.66992020335023,0.00202903359026055,0.15999536110468063,0.5120127624814523,0.32596284282360644
M3-split,long,2 % H2O,model,0.0,75.74441656587685,0.0013041280318953768,0.1256248258935957,0.4911179461931287,0.38195309988138026
M3-split,long,2 % H2O,model,0.0,78.94898776344854,0.0008911556616509413,0.1013694570529262,0.46796744373745425,0.4297719435479686
M3-split,long,2 % H2O,model,0.0,82.28913696169538,0.0006405993916881237,0.08382777895480527,0.4451888419538895,0.470342779699617
M3-split,long,2 % H2O,model,0.0,85.7706001524658,0.0004809902389861412,0.07089160188365885,0.424041253314098,0.5045861545632571
M3-split,long,2 % H2O,model,0.0,89.39935600416594,0.0003752903354784051,0.06120315003222096,0.4050744894197237,0.5333470702125769
M3-split,long,2 % H2O,model,0.0,93.18163612884342,0.0003030537414583388,0.053858649597547,0.38845966765753887,0.5573786290034558
M3-split,long,2 % H2O,model,0.0,97.1239357836489,0.0002524034105304743,0.04823928961428247,0.3741633119948715,0.5773449949803156
M3-split,long,2 % H2O,model,0.0,101.23302502505048,0.0002161415799492202,0.04391085798640569,0.36204294861347,0.5938300518201751
M3-split,long,2 % H2O,model,0.0,105.51596033495792,0.00018974577471270106,0.040561997203468036,0.3519014690110285,0.6073467880107907
M3-split,long,2 % H2O,model,0.0,109.98009673872109,0.00017028310793461092,0.03796504053896406,0.3435189254038138,0.6183457509492875
M3-split,long,2 % H2O,model,0.0,114.63310043581247,0.0001557967903209188,0.03595052094676655,0.33667149274886476,0.6272221895140477
M3-split,long,2 % H2O,model,0.0,119.48296196488577,0.00014494690005080037,0.034390218400312325,0.3311428557506141,0.6343219789490228
M3-split,long,2 % H2O,model,0.0,124.53800992581655,0.00013679356652721649,0.03318568281067311,0.3267309530025361,0.6399465706202636
M3-split,long,2 % H2O,model,0.0,129.80692528229133,0.00013066267929544032,0.0322603459532752,0.3232517645216003,0.644357226845829
M3-split,long,2 % H2O,model,0.0,135.29875626950604,0.0001260608402476132,0.03155402658288063,0.32054114851986576,0.647778764057006
M3-split,long,2 % H2O,model,0.0,141.02293393257435,0.000122620430157774,0.03101904978065434,0.31845534901089023,0.6504029807782976
M3-split,long,2 % H2O,model,0.0,146.9892883223311,0.00012006347136660392,0.03061746365684712,0.3168705835104121,0.6523918893613742
M3-split,long,2 % H2O,model,0.0,153.20806537634184,0.00011817740872882813,0.03031900476743441,0.31568199485678966,0.6538808229670472
M3-split,long,2 % H2O,model,0.0,159.68994451410924,0.00011679853729805456,0.03009957550277291,0.3148021766714641,0.6549814492884649
M3-split,long,2 % H2O,model,0.0,166.4460569766914,0.00011580038368936241,0.02994007334661182,0.31415943562822163,0.6557846906414772
M3-split,long,2 % H2O,model,0.0,173.48800494222866,0.00011508532203732849,0.02982546410513304,0.3136959184416056,0.656363532131224
M3-split,long,2 % H2O,model,0.0,180.82788145020223,0.00011457834046699437,0.029744030021536614,0.31336571368516536,0.6567756779528311
M3-split,long,2 % H2O,model,0.0,188.4782911686432,0.00011422225248306313,0.029686745588831102,0.31313300338321454,0.6570660287754714
M3-split,long,2 % H2O,model,0.0,196.45237203995435,0.00011397392514181537,0.02964675377183172,0.3129703312140435,0.657268941088983
M3-split,long,2 % H2O,model,0.0,204.76381784251524,0.00011380124871426867,0.02961892424384476,0.3128570283296417,0.6574102461777993
M3-split,long,2 % H2O,model,0.0,213.42690170681885,0.00011368067694450959,0.029599482017701156,0.3127778228446415,0.6575090144607129
M3-split,long,2 % H2O,model,0.0,222.45650062652007,0.00011359523070230597,0.029585698712831784,0.3127216462524007,0.6575790598040652
M3-split,long,2 % H2O,model,0.0,231.86812100648996,0.00011353288694353379,0.029575639400448044,0.3126806344637673,0.6576301932488412
M3-split,long,2 % H2O,model,0.0,241.67792529175034,0.00011348529360600469,0.029567958590631185,0.31264931239695914,0.6576692437188036
M3-split,long,2 % H2O,model,0.0,251.90275972301498,0.00011344676549099339,0.029561739803930672,0.3126239476947471,0.6577008657358313
M3-split,long,2 % H2O,model,0.0,262.5601832665064,0.00011341351035709058,0.029556371433112832,0.3126020482097382,0.6577281668467919
M3-split,long,2 % H2O,model,0.0,273.668497767724,0.00011338305177918547,0.02955145394789634,0.3125819852870297,0.6577531777132949
M3-split,long,2 % H2O,model,0.0,285.2467793809492,0.00011335380293529308,0.029546731266369374,0.3125627146622804,0.6577772002684149
M3-split,long,2 % H2O,model,0.0,297.314911328461,0.00011332476609875612,0.029542042326369308,0.3125435793087536,0.6578010535987783
M3-split,long,2 % H2O,model,0.0,309.89361804571615,0.00011329532027803072,0.02953728684366206,0.31252416994523,0.6578252478908299
M3-split,long,2 % H2O,model,0.0,323.00450077113646,0.00011326508085605497,0.029532402671702224,0.3125042327688671,0.6578500994785746
M3-split,long,2 % H2O,model,0.0,336.6700746416139,0.00011323380662208247,0.029527350802525335,0.3124836083108047,0.657875807080048
M3-split,long,2 % H2O,model,0.0,350.91380735744417,0.00011320133865123325,0.02952210550339848,0.3124621912158593,0.6579025019420911
M3-split,long,2 % H2O,model,0.0,365.7601594830805,0.00011316756598923276,0.029516648778322455,0.31243990765509067,0.6579302760005977
M3-split,long,2 % H2O,model,0.0,381.23462645292375,0.00011313240234543463,0.029510966605618864,0.31241669997623217,0.6579592010158036
M3-split,long,2 % H2O,model,0.0,397.3637823542767,0.00011309577322085597,0.029505046859004676,0.3123925182189578,0.6579893391488167
M3-split,long,2 % H2O,model,0.0,414.1753255626552,0.00011305760987874707,0.029498878333482154,0.3123673161377237,0.6580207479189154
M3-split,long,2 % H2O,model,0.0,431.6981263078251,0.00011301784472800939,0.029492449999294592,0.3123410481528709,0.6580534840031066
M3-split,long,2 % H2O,model,0.0,449.9622762522443,0.00011297640900783843,0.02948575062672721,0.31231366781448405,0.6580876051497809
M3-split,long,2 % H2O,model,0.0,468.99914016706043,0.00011293323221855019,0.02947876869337594,0.3122851274192888,0.6581231706551167
M3-split,long,2 % H2O,model,0.0,488.8414097943947,0.00011288824160958445,0.02947149230049508,0.3122553776639352,0.65816024179396
M3-split,long,2 % H2O,model,0.0,509.52315998841743,0.00011284136138157613,0.029463909042690542,0.31222436710681634,0.6581988824891115
M3-split,long,2 % H2O,model,0.0,531.0799072316224,0.00011279251262433137,0.029456005996704,0.3121920421159937,0.6582391593746778
M3-split,long,2 % H2O,model,0.0,553.5486706267875,0.00011274161334762647,0.029447769725113416,0.3121583468775893,0.6582811417839496
M3-split,long,2 % H2O,model,0.0,576.9680354693685,0.00011268857824292922,0.02943918623624006,0.3121232232245991,0.6583249019609178
M3-split,long,2 % H2O,model,0.0,601.3782195094898,0.00011263331845242488,0.02943024094526555,0.31208661046981506,0.6583705152664668
M3-split,long,2 % H2O,model,0.0,626.8211420173293,0.0001125757414926036,0.02942091866004844,0.31204844533915255,0.6584180602593063
M3-split,long,2 % H2O,model,0.0,653.3404957704963,0.00011251575109551763,0.029411203553620792,0.31200866184969106,0.6584676188455927
M3-split,long,2 % H2O,model,0.0,680.9818220870363,0.00011245324706783352,0.02940107913930495,0.31196719119759886,0.6585192764160284
M3-split,long,2 % H2O,model,0.0,709.7925890329016,0.00011238812520605109,0.02939052825475555,0.31192396168164943,0.658573121938389
M3-split,long,2 % H2O,model,0.0,739.822272938202,0.00011232027705594731,0.029379533020623506,0.3118788985219335,0.658629248180387
M3-split,long,2 % H2O,model,0.0,771.1224433622212,0.00011224958973452365,0.0293680748091097,0.31183192371794205,0.6586877518832136
M3-split,long,2 % H2O,model,0.0,803.7468516531015,0.00011217594585776279,0.02935613422940535,0.3117829559746214,0.6587487338501155
M3-split,long,2 % H2O,model,0.0,837.7515232542927,0.0001120992232756204,0.02934369108168502,0.31173191049831817,0.6588122991967212
M3-split,long,2 % H2O,model,0.0,873.1948539162647,0.00011201929492168554,0.02933072432940053,0.31167869886637495,0.6588785575093029
M3-split,long,2 % H2O,model,0.0,910.1377099787206,0.0001119360286245156,0.029317212065076006,0.3116232288685768,0.6589476230377227
M3-split,long,2 % H2O,model,0.0,948.6435328955174,0.00011184928692857293,0.02930313147730918,0.31156540435186564,0.6590196148838966
M3-split,long,2 % H2O,model,0.0,988.7784481817904,0.00011175892686977525,0.02928845881011762,0.31150512503206695,0.6590946572309455
M3-split,long,2 % H2O,model,0.0,1030.6113789703877,0.00011166479980954212,0.029273169331365836,0.3114422863404618,0.6591728795283628
M3-split,long,2 % H2O,model,0.0,1074.214164372607,0.00011156675119341527,0.02925723728856886,0.31137677921707885,0.6592544167431588
M3-split,long,2 % H2O,model,0.0,1119.6616828464998,0.00011146462034267282,0.029240635869602023,0.3113084899214774,0.659339409588578
M3-split,long,2 % H2O,model,0.0,1167.0319807846197,0.00011135824023081178,0.029223337160481398,0.3112372998291099,0.6594280047701777
M3-split,long,2 % H2O,model,0.0,1216.4064065419916,0.00011124743724958367,0.029205312100989058,0.3111630852168778,0.6595203552448835
M3-split,long,2 % H2O,model,0.0,1267.8697501345325,0.00011113203098180671,0.02918653044065453,0.3110857170448155,0.659616620483548
M3-split,long,2 % H2O,model,0.0,1321.51038884775,0.00011101183395156201,0.029166960690685095,0.3110050607209074,0.659716966754456
M3-split,long,2 % H2O,model,0.0,1377.4204390058364,0.00011088665137666065,0.029146570075486572,0.3109209758591812,0.6598215674139556
M3-split,long,2 % H2O,model,0.0,1435.6959141617613,0.00011075628091508115,0.029125324482601942,0.3108333160285728,0.6599306032079101
M3-split,long,2 % H2O,model,0.0,1496.4368899799936,0.00011062051240008526,0.02910318840980643,0.31074192848401383,0.6600442625937796
M3-split,long,2 % H2O,model,0.0,1559.747676095074,0.00011047912757336804,0.029080124911243312,0.3106466538908126,0.6601627420703707
M3-split,long,2 % H2O,model,0.0,1625.7369952410816,0.0001103318998119139,0.02905609554164194,0.3105473260363925,0.6602862465221535
M3-split,long,2 % H2O,model,0.0,1694.5181699596842,0.00011017859384682549,0.029031060298286893,0.3104437715278101,0.6604149895800561
M3-split,long,2 % H2O,model,0.0,1766.2093172073767,0.00011001896548134909,0.029004977561421442,0.31033580947400013,0.660549193999097
M3-split,long,2 % H2O,model,0.0,1840.933551196067,0.00010985276129819434,0.028977804032272285,0.3102232511562776,0.6606890920501519
M3-split,long,2 % H2O,model,0.0,1918.8191948154297,0.0001096797183622159,0.028949494668951036,0.3101058996823264,0.6608349259303603
M3-split,long,2 % H2O,model,0.0,2000.0,0.00010949956392583575,0.028920002621096817,0.30998354962457186,0.6609869481904054
M3-split,long,2 % H2O,model,1e-06,0.1,0.9999931888475946,6.702935970598354e-06,1.0782656605993079e-07,3.8986869780456196e-10
M3-split,long,2 % H2O,model,1e-06,0.10423076887097628,0.9999931837759428,6.703447863414304e-06,1.1235286929794245e-07,4.233246206257513e-10
M3-split,long,2 % H2O,model,1e-06,0.10864053179434878,0.9999931784858546,6.703986879108632e-06,1.1706762376591041e-07,4.59642602004997e-10
M3-split,long,2 % H2O,model,1e-06,0.11323686159476715,0.9999931729677481,6.704554641506683e-06,1.2197854415858415e-07,4.990661616572485e-10
M3-split,long,2 % H2O,model,1e-06,0.11802765148558905,0.9999931672116057,6.705152885065679e-06,1.2709364985744469e-07,5.418594178163605e-10
M3-split,long,2 % H2O,model,1e-06,0.12302112862378574,0.9999931612069524,6.705783463040458e-06,1.3242127607475348e-07,5.883087547016703e-10
M3-split,long,2 % H2O,model,1e-06,0.12822586823832455,0.9999931549428407,6.7064483437091745e-06,1.3797009485107396e-07,6.387208312708701e-10
M3-split,long,2 % H2O,model,1e-06,0.13365080835629065,0.9999931484078098,6.707149653546119e-06,1.437491018812686e-07,6.93434599172356e-10
M3-split,long,2 % H2O,model,1e-06,0.13930526515203676,0.9999931415898752,6.707889660545584e-06,1.4976764896008004e-07,7.52815291073697e-10
M3-split,long,2 % H2O,model,1e-06,0.1451989489457201,0.9999931344764985,6.708670790581461e-06,1.560354527468047e-07,8.172582300682597e-10
M3-split,long,2 % H2O,model,1e-06,0.15134198087870035,0.9999931270545603,6.709495641467074e-06,1.6256260629034915e-07,8.871918527163775e-10
M3-split,long,2 % H2O,model,1e-06,0.15774491029443527,0.9999931193103311,6.710366996371473e-06,1.693595921396807e-07,9.63080432142586e-10
M3-split,long,2 % H2O,model,1e-06,0.1644187328547217,0.9999931112294388,6.711287838354347e-06,1.764372957902554e-07,1.0454270181529195e-09
M3-split,long,2 % H2O,model,1e-06,0.17137490942239292,0.9999931027968378,6.712261366117197e-06,1.8380701946497468e-07,1.1347766107059071e-09
M3-split,long,2 % H2O,model,1e-06,0.17862538574289932,0.9999930939967732,6.713291011077215e-06,1.9148049622723386e-07,1.231719584162157e-09
M3-split,long,2 % H2O,model,1e-06,0.18618261295857116,0.9999930848127444,6.714380455879995e-06,1.9946990442257624e-07,1.3368953808806036e-09
M3-split,long,2 % H2O,model,1e-06,0.19405956899079269,0.9999930752274666,6.715533654477756e-06,2.0778788244435047e-07,1.4509964939234644e-09
M3-split,long,2 % H2O,model,1e-06,0.20226978082680583,0.9999930652228296,6.716754853911347e-06,2.1644754381759772e-07,1.5747727598747775e-09
M3-split,long,2 % H2O,model,1e-06,0.21082734774941828,0.9999930547798538,6.718048616540596e-06,2.2546249432495016e-07,1.7090354845192329e-09
M3-split,long,2 % H2O,model,1e-06,0.2197469655495056,0.9999930438786463,6.719419829925141e-06,2.3484686711992073e-07,1.8546568203792298e-09
M3-split,long,2 % H2O,model,1e-06,0.22904395176288905,0.9999930324983454,6.720873782921379e-06,2.4461527934586897e-07,2.012592265408194e-09
M3-split,long,2 % H2O,model,1e-06,0.23873427197492728,0.999993020617075,6.7224161508169e-06,2.5478290393711835e-07,2.183870406145918e-09
M3-split,long,2 % H2O,model,1e-06,0.24883456723799433,0.999993008211885,6.7240530419811995e-06,2.6536546919321227e-07,2.3696040206065317e-09
M3-split,long,2 % H2O,model,1e-06,0.25936218264892796,0.9999929952586939,6.7257910335324144e-06,2.7637927563048025e-07,2.5709967330561656e-09
M3-split,long,2 % H2O,model,1e-06,0.2703351971355234,0.9999929817322267,6.727637210100353e-06,2.8784121308296933e-07,2.7893501617627438e-09
M3-split,long,2 % H2O,model,1e-06,0.28177245450322547,0.9999929676059442,6.7295992059656645e-06,2.9976877803786937e-07,3.0260715914546454e-09
M3-split,long,2 % H2O,model,1e-06,0.2936935957953338,0.9999929528519759,6.73168525088142e-06,3.121800911896702e-07,3.282682203529887e-09
M3-split,long,2 % H2O,model,1e-06,0.3061190930222936,0.9999929374410155,6.733904226973218e-06,3.2509393197961814e-07,3.5608255429309267e-09
M3-split,long,2 % H2O,model,1e-06,0.3190702843179958,0.9999929213422937,6.7362657079292676e-06,3.385297208083722e-07,3.862277724288323e-09
M3-split,long,2 % H2O,model,1e-06,0.33256941058345696,0.99999290452346,6.738780026254507e-06,3.5250755674513457e-07,4.188957130344319e-09
M3-split,long,2 % H2O,model,1e-06,0.34663965368081123,0.9999928869504858,6.741458339192663e-06,3.670482398041269e-07,4.542935141251305e-09
M3-split,long,2 % H2O,model,1e-06,0.36130517624319886,0.9999928685875702,6.7443126969409895e-06,3.821732852432978e-07,4.926447774233022e-09
M3-split,long,2 % H2O,model,1e-06,0.37659116316892216,0.9999928493970309,6.747356118861391e-06,3.979049421731077e-07,5.341908011022722e-09
M3-split,long,2 % H2O,model,1e-06,0.39252386487112034,0.9999928293391538,6.7506027035205335e-06,4.14266218755687e-07,5.791924084752201e-09
M3-split,long,2 % H2O,model,1e-06,0.4091306423572408,0.9999928083721229,6.7540676794899124e-06,4.312808915499194e-07,6.2793059128249096e-09
M3-split,long,2 % H2O,model,1e-06,0.4264400142157162,0.9999927864519024,6.757767496323932e-06,4.489735226389876e-07,6.807078517948357e-09
M3-split,long,2 % H2O,model,1e-06,0.44448170559054145,0.9999927635320397,6.761719968140713e-06,4.6736948733617835e-07,7.378504692574091e-09
M3-split,long,2 % H2O,model,1e-06,0.46328669922785054,0.9999927395635336,6.765944377054966e-06,4.86494990070265e-07,7.997099109201007e-09
M3-split,long,2 % H2O,model,1e-06,0.4828872886821559,0.9999927144945985,6.770461656267027e-06,5.063770878657625e-07,8.66665754956221e-09
M3-split,long,2 % H2O,model,1e-06,0.503317133773622,0.9999926882706022,6.775294438164268e-06,5.270437031679399e-07,9.391256522227524e-09
M3-split,long,2 % H2O,model,1e-06,0.5246113183916065,0.9999926608338536,6.780467224658561e-06,5.485236449997549e-07,1.017527673881245e-08
M3-split,long,2 % H2O,model,1e-06,0.5468064107437368,0.999992632123339,6.786006596084616e-06,5.708466322406357e-07,1.1023432737844692e-08
M3-split,long,2 % H2O,model,1e-06,0.5699405261539854,0.9999926020744851,6.791941403427236e-06,5.940433145350174e-07,1.1940796857955944e-08
M3-split,long,2 % H2O,model,1e-06,0.5940533925175866,0.9999925706188699,6.798303004559616e-06,6.181452956098546e-07,1.293282989517981e-08
M3-split,long,2 % H2O,model,1e-06,0.6191864185251992,0.9999925376841782,6.805125308570984e-06,6.431851446655368e-07,1.400536874805866e-08
M3-split,long,2 % H2O,model,1e-06,0.6453827647734762,0.9999925031937105,6.812445175728717e-06,6.691964286893904e-07,1.5164685130984853e-08
M3-split,long,2 % H2O,model,1e-06,0.6726874178841584,0.9999924670660303,6.820302713397763e-06,6.962137377752797e-07,1.6417518649495908e-08
M3-split,long,2 % H2O,model,1e-06,0.7011472677589756,0.9999924292147242,6.828741482672431e-06,7.242727060598933e-07,1.7771087077361936e-08
M3-split,long,2 % H2O,model,1e-06,0.7308111881030229,0.999992389548113,6.837808750365358e-06,7.534100353670166e-07,1.9233101142654854e-08
M3-split,long,2 % H2O,model,1e-06,0.7617301203548975,0.9999923479686563,6.847555987357388e-06,7.836635315262845e-07,2.081182489310911e-08
M3-split,long,2 % H2O,model,1e-06,0.7939571611677227,0.9999923043724829,6.858039271210228e-06,8.150721361633355e-07,2.2516109728689666e-08
M3-split,long,2 % H2O,model,1e-06,0.8275476535912937,0.999992258649133,6.869319523455563e-06,8.476759566332003e-07,2.4355386718211226e-08
M3-split,long,2 % H2O,model,1e-06,0.8625592821119288,0.9999922106808338,6.881463131369454e-06,8.815163045894737e-07,2.6339730468076e-08
M3-split,long,2 % H2O,model,1e-06,0.8990521717132368,0.9999921603419561,6.894542418371868e-06,9.166357437639754e-07,2.847988186602667e-08
M3-split,long,2 % H2O,model,1e-06,0.9370889911279167,0.9999921074983724,6.9086362024052765e-06,9.530781470210219e-07,3.0787278144962687e-08
M3-split,long,2 % H2O,model,1e-06,0.9767350604579019,0.9999920520067387,6.923830430447218e-06,9.908887445678817e-07,3.327408638572019e-08
M3-split,long,2 % H2O,model,1e-06,1.0180584633476666,0.9999919937136877,6.940218891717327e-06,1.03011418179174e-06,3.5953238783765893e-08
M3-split,long,2 % H2O,model,1e-06,1.0611301639033188,0.9999919324549613,6.957903982198325e-06,1.0708025939560422e-06,3.8838462549670724e-08
M3-split,long,2 % H2O,model,1e-06,1.1060241285582797,0.9999918680545173,6.9769974643438755e-06,1.1130037273634325e-06,4.194429100493663e-08
M3-split,long,2 % H2O,model,1e-06,1.1528174530948103,0.9999918003234093,6.9976214765603e-06,1.1567690100775943e-06,4.5286104074272315e-08
M3-split,long,2 % H2O,model,1e-06,1.2015904950395269,0.9999917290585636,7.019909640093993e-06,1.2021516338417776e-06,4.88801625276686e-08
M3-split,long,2 % H2O,model,1e-06,1.2524270116602694,0.9999916540415978,7.044008033718689e-06,1.2492067727081738e-06,5.274359593668153e-08
M3-split,long,2 % H2O,model,1e-06,1.3054143038012902,0.9999915750373061,7.070076564027176e-06,1.2979916973501375e-06,5.689443263118894e-08
M3-split,long,2 % H2O,model,1e-06,1.3606433658037873,0.9999914917919903,7.098290467678884e-06,1.3485659235970244e-06,6.135161830324834e-08
M3-split,long,2 % H2O,model,1e-06,1.4182090417692177,0.9999914040317759,7.128841731483749e-06,1.4009914996135926e-06,6.613499313412688e-08
M3-split,long,2 % H2O,model,1e-06,1.4782101884337602,0.9999913114605603,7.161940918200654e-06,1.4553332296088899e-06,7.126529178941116e-08
M3-split,long,2 % H2O,model,1e-06,1.540749844933616,0.9999912137576863,7.19781925125349e-06,1.5116589244665868e-06,7.676413790715002e-08
M3-split,long,2 % H2O,model,1e-06,1.6059354097526826,0.9999911105755704,7.236730628514813e-06,1.5700398103842806e-06,8.265399063693033e-08
M3-split,long,2 % H2O,model,1e-06,1.6738788251564845,0.999991001536792,7.278954207813453e-06,1.6305508895047676e-06,8.895811076340477e-08
M3-split,long,2 % H2O,model,1e-06,1.7446967694290683,0.9999908862309533,7.324797145412997e-06,1.6932714042880835e-06,9.570049703490293e-08
M3-split,long,2 % H2O,model,1e-06,1.8185108572430024,0.9999907642111208,7.374597705400406e-06,1.758285367653906e-06,1.0290580613766115e-07
M3-split,long,2 % H2O,model,1e-06,1.895447848506563,0.9999906349897507,7.42872881874466e-06,1.8256821838701491e-06,1.1059924654594308e-07
M3-split,long,2 % H2O,model,1e-06,1.9756398660467678,0.9999904980342151,7.487601972882525e-06,1.8955573551981675e-06,1.188064567443864e-07
M3-split,long,2 % H2O,model,1e-06,2.0592246225020725,0.9999903527616105,7.551671735981763e-06,1.968013309099401e-06,1.2755334446637407e-07
M3-split,long,2 % H2O,model,1e-06,2.1463456568143684,0.9999901985329259,7.621440829361065e-06,2.0431603463505917e-06,1.3686589847088198e-07
M3-split,long,2 % H2O,model,1e-06,2.2371525807264225,0.9999900346464249,7.697465885877175e-06,2.121117713979467e-06,1.4676997515654e-07
M3-split,long,2 % H2O,model,1e-06,2.3318013357080383,0.9999898603300662,7.780364035629507e-06,2.2020148762427457e-06,1.5729102188688574e-07
M3-split,long,2 % H2O,model,1e-06,2.4304544607521823,0.9999896747329082,7.870820386420883e-06,2.285992917826964e-06,1.684537873992433e-07
M3-split,long,2 % H2O,model,1e-06,2.533281371500941,0.9999894769151962,7.969596651016689e-06,2.37320619951238e-06,1.8028195331436695e-07
M3-split,long,2 % H2O,model,1e-06,2.640458651180643,0.9999892658371011,8.07754095640435e-06,2.4638242031584835e-06,1.9279773927062487e-07
M3-split,long,2 % H2O,model,1e-06,2.7521703538457944,0.9999890403456482,8.195599256193042e-06,2.5580336665608767e-06,2.0602142903452243e-07
M3-split,long,2 % H2O,model,1e-06,2.868608320452539,0.9999887991597786,8.324828387010394e-06,2.6560409846554753e-06,2.1997084960503488e-07
M3-split,long,2 % H2O,model,1e-06,2.9899725083044815,0.9999885408530015,8.466411278066218e-06,2.758074947488587e-06,2.3466077305358652e-07
M3-split,long,2 % H2O,model,1e-06,3.1164713344365755,0.9999882638333336,8.6216745838123e-06,2.8643898347466047e-06,2.5010224789138454e-07
M3-split,long,2 % H2O,model,1e-06,3.2483220335268164,0.9999879663200366,8.792109204130034e-06,2.9752688994527472e-06,2.6630185981352275e-07
M3-split,long,2 % H2O,model,1e-06,3.385751030950334,0.9999876463163916,8.979394398238972e-06,3.0910283156620334e-06,2.832608945759271e-07
M3-split,long,2 % H2O,model,1e-06,3.528994331616538,0.999987301578065,9.185425918515483e-06,3.2120215783715527e-06,3.0097443818436994e-07
M3-split,long,2 % H2O,model,1e-06,3.678297925257089,0.9999869295758588,9.412349310628385e-06,3.3386444618325965e-06,3.194303688446172e-07
M3-split,long,2 % H2O,model,1e-06,3.833918208860631,0.9999865274519805,9.662599213155574e-06,3.471340535171302e-06,3.3860827117109564e-07
M3-split,long,2 % H2O,model,1e-06,3.9961224269797992,0.9999860919684668,9.938945971701215e-06,3.610607303122567e-06,3.58478258341385e-07
M3-split,long,2 % H2O,model,1e-06,4.165189130666562,0.9999856194460731,1.0244551211555528e-05,3.757003011757841e-06,3.789997034769628e-07
M3-split,long,2 % H2O,model,1e-06,4.341408655824089,0.9999851056915925,1.0583034369348291e-05,3.9111541551095524e-06,4.001198828356189e-07
M3-split,long,2 % H2O,model,1e-06,4.525083621796566,0.999984545911216,1.0958552535620863e-05,4.073763706354737e-06,4.217725420354274e-07
M3-split,long,2 % H2O,model,1e-06,4.716529451053179,0.9999839346067092,1.1375896813290593e-05,4.245620088406983e-06,4.4387638908293755e-07
M3-split,long,2 % H2O,model,1e-06,4.916074910858767,0.9999832654505354,1.1840609066173213e-05,4.427606869475816e-06,4.663335288658458e-07
M3-split,long,2 % H2O,model,1e-06,5.124062677861254,0.9999825311349988,1.2359124009047185e-05,4.620713135933888e-06,4.890278564208352e-07
M3-split,long,2 % H2O,model,1e-06,5.34084992656552,0.9999817231891964,1.2938942926958841e-05,4.826044444550929e-06,5.118234321611135e-07
M3-split,long,2 % H2O,model,1e-06,5.566808942704215,0.9999808317558996,1.3588847046985846e-05,5.04483418319434e-06,5.345628701879097e-07
M3-split,long,2 % H2O,model,1e-06,5.802327762558867,0.9999798453181973,1.4319160959809478e-05,5.278455062048545e-06,5.57065780663154e-07
M3-split,long,2 % H2O,model,1e-06,6.047810839329224,0.9999787503631317,1.514207921863485e-05,5.5284303304618955e-06,5.791273191754877e-07
M3-split,long,2 % H2O,model,1e-06,6.303679737695092,0.9999775309655479,1.607207343981135e-05,5.7964441008409474e-06,6.005169114825506e-07
M3-split,long,2 % H2O,model,1e-06,6.570373857763537,0.9999761682704991,1.712640236177282e-05,6.084349896454343e-06,6.209772428245462e-07
M3-split,long,2 % H2O,model,1e-06,6.848351189644559,0.9999746398462822,1.8325753893771766e-05,6.394176198708433e-06,6.402236252503289e-07
M3-split,long,2 % H2O,model,1e-06,7.138089099951173,0.9999729188706628,1.9695058216379038e-05,6.728127223581979e-06,6.579438974290725e-07
M3-split,long,2 % H2O,model,1e-06,7.440085151574459,0.999970973102652,2.1264521689561283e-05,7.088576618194222e-06,6.737990402065719e-07
M3-split,long,2 % H2O,model,1e-06,7.7548579581413986,0.999968763574539,2.3070949911298855e-05,7.478050784019038e-06,6.874247656693056e-07
M3-split,long,2 % H2O,model,1e-06,8.082948074622873,0.9999662429195764,2.515944843093136e-05,7.899197606523768e-06,6.984343861826499e-07
M3-split,long,2 % H2O,model,1e-06,8.424918925621194,0.9999633532204415,2.758562123076915e-05,8.354734963433188e-06,7.064233641627331e-07
M3-split,long,2 % H2O,model,1e-06,8.781357772931367,0.999960023225721,3.0418426342175342e-05,8.847371911520196e-06,7.10976025468388e-07
M3-split,long,2 % H2O,model,1e-06,9.1528767240376,0.9999561647273204,3.3743903901804526e-05,9.379693755972293e-06,7.116750217891804e-07
M3-split,long,2 % H2O,model,1e-06,9.540113783277015,0.9999516678190722,3.7670065978897134e-05,9.954000743737445e-06,7.081142052875926e-07
M3-split,long,2 % H2O,model,1e-06,9.943733947475618,0.9999463946565034,4.233333860282614e-05,1.057208926816778e-05,6.999156255680652e-07
M3-split,long,2 % H2O,model,1e-06,10.36443034793812,0.9999401711991368,4.790708423750767e-05,1.1234965310319418e-05,6.86751315286125e-07
M3-split,long,2 % H2O,model,1e-06,10.802925440752704,0.9999327762270224,5.461291879844367e-05,1.1942483851034487e-05,6.683703280917745e-07
M3-split,long,2 % H2O,model,1e-06,11.259972247454842,0.9999239266586163,6.273579267659038e-05,1.2692917679891002e-05,6.446310272941031e-07
M3-split,long,2 % H2O,model,1e-06,11.736355648180727,0.9999132578290888,7.264415557977463e-05,1.348247757563501e-05,6.155377558830043e-07
M3-split,long,2 % H2O,model,1e-06,12.23289372953102,0.999900296875477,8.481700940204225e-05,1.4304835477723099e-05,5.812796432389148e-07
M3-split,long,2 % H2O,model,1e-06,12.750439189459637,0.999884426637123,9.988035008411653e-05,1.5150745535185867e-05,5.422672578393335e-07
M3-split,long,2 % H2O,model,1e-06,13.289880801600054,0.9998648364154292,0.00011865651709197095,1.6007907247496612e-05,4.991602314036734e-07
M3-split,long,2 % H2O,model,1e-06,13.852144941543997,0.9998404543625414,0.0001422315100183416,1.6861251121239912e-05,4.528763190280447e-07
M3-split,long,2 % H2O,model,1e-06,14.438197177693354,0.9998098538745155,0.00017204774098953927,1.7693813824407964e-05,4.045706705665341e-07
M3-split,long,2 % H2O,model,1e-06,15.049043929417392,0.9997711227033925,0.00021003346716625293,1.8488253828813657e-05,3.555756124866342e-07
M3-split,long,2 % H2O,model,1e-06,15.685734195362725,0.9997216778882243,0.0002587859930250537,1.9228820392992458e-05,3.0729835770925073e-07
M3-split,long,2 % H2O,model,1e-06,16.34936135488421,0.9996580010188321,0.0003218345955227511,1.990329773650907e-05,2.610879085848093e-07
M3-split,long,2 % H2O,model,1e-06,17.041065045690072,0.9995752554861449,0.0004040220950405574,2.0504320180210045e-05,2.1809863432785649e-07
M3-split,long,2 % H2O,model,1e-06,17.762033120925942,0.9994667277387203,0.0005120633814820533,2.1029693446491365e-05,1.7918635122650516e-07
M3-split,long,2 % H2O,model,1e-06,18.51350368905859,0.9993230042957537,0.0006553689302678597,2.148191118052801e-05,1.4486279788059138e-07
M3-split,long,2 % H2O,model,1e-06,19.29676724006232,0.9991307479354948,0.0008472692711979224,2.1867482963909638e-05,1.1531034325798324e-07
M3-split,long,2 % H2O,model,1e-06,20.113168861559622,0.9988708589984484,0.0011068538350567977,2.219672845806264e-05,9.043803672079762e-08
M3-split,long,2 % H2O,model,1e-06,20.964110548721372,0.9985156821206931,0.0014617632848045628,2.2484639165340108e-05,6.995533727135015e-08
M3-split,long,2 % H2O,model,1e-06,21.851053611893725,0.9980247139291651,0.0019524788838195526,2.2753740538590716e-05,5.3446476647313994e-08
M3-split,long,2 % H2O,model,1e-06,22.77552118608608,0.9973379291387711,0.0026389894675614037,2.3040957036239208e-05,4.043663123006144e-08
M3-split,long,2 % H2O,model,1e-06,23.739100846629615,0.9963652777671754,0.0036112788053287185,2.3412980249335816e-05,3.044724652133854e-08
M3-split,long,2 % H2O,model,1e-06,24.74344733549848,0.9949699525368085,0.005006023957002351,2.4000463191733633e-05,2.304299727083257e-08
M3-split,long,2 % H2O,model,1e-06,25.79028540297515,0.992941398376547,0.007033508402922956,2.5075340475011482e-05,1.7880055076583974e-08
M3-split,long,2 % H2O,model,1e-06,26.88141276954016,0.9899512342857479,0.010021520805543962,2.723012544798008e-05,1.4783260075874097e-08
M3-split,long,2 % H2O,model,1e-06,28.01870321307253,0.985480404767731,0.014487775096403203,3.180619681545929e-05,1.3939050270193643e-08
M3-split,long,2 % H2O,model,1e-06,29.204109786662425,0.9786974508816018,0.021260581582401385,4.195102621886489e-05,1.650977800401057e-08
M3-split,long,2 % H2O,model,1e-06,30.439668172562268,0.9682532761338022,0.03168137264443879,6.532437948129358e-05,2.6842277633362287e-08
M3-split,long,2 % H2O,model,1e-06,31.727500178035505,0.9519334333414889,0.04794519110440817,0.00012131442305789516,6.113104505664612e-08
M3-split,long,2 % H2O,model,1e-06,33.069817379106794,0.9260710814681565,0.07366751449184379,0.0002612196571218589,1.8438287810466913e-07
M3-split,long,2 % H2O,model,1e-06,34.46892491847074,0.884577613671201,0.11479360678932904,0.0006280956262836754,6.839131861815397e-07
M3-split,long,2 % H2O,model,1e-06,35.92722546408158,0.8174526814453028,0.18089600337492204,0.0016483266451307983,2.988534644400136e-06
M3-split,long,2 % H2O,model,1e-06,37.4472233352214,0.709028257833291,0.28624241973117137,0.004713877495837065,1.5444939700467213e-05
M3-split,long,2 % H2O,model,1e-06,39.03152880313289,0.5388642089467968,0.44602795964776987,0.015007372184392381,0.00010045922104092547
M3-split,long,2 % H2O,model,1e-06,40.68286257360202,0.3040990401064745,0.6402423582827885,0.054727916164401966,0.0009306854463349159
M3-split,long,2 % H2O,model,1e-06,42.404060459188024,0.1083837564262074,0.6990773334520101,0.1830079981726824,0.009530911949100352
M3-split,long,2 % H2O,model,1e-06,44.1980782491253,0.0383275861051457,0.572607612391665,0.3471868919818365,0.04187790952135291
M3-split,long,2 % H2O,model,1e-06,46.06799678525902,0.017197816599402005,0.4377271707789945,0.45215858572720163,0.09291642689440187
M3-split,long,2 % H2O,model,1e-06,48.01702725273211,0.00910581748679235,0.33634131959797803,0.504193954039416,0.1503589088758136
M3-split,long,2 % H2O,model,1e-06,50.048516694508926,0.005365175460088167,0.2631828010556427,0.5239463080274597,0.2075057154568095
M3-split,long,2 % H2O,model,1e-06,52.165953759205564,0.0034051441941488187,0.20992672910034388,0.5252371400067699,0.2614309866987372
M3-split,long,2 % H2O,model,1e-06,54.372974692097905,0.002284481638909315,0.17046744728400906,0.5162386662052056,0.3110094048718759
M3-split,long,2 % H2O,model,1e-06,56.67336957959499,0.0016014003745955158,0.14070743345482284,0.5017522331146197,0.3559389330559619
M3-split,long,2 % H2O,model,1e-06,59.07108885790181,0.0011641521033505808,0.11790615446947565,0.48463890537624743,0.39629078805092627
M3-split,long,2 % H2O,model,1e-06,61.57025009704871,0.0008732087767005739,0.1001996392906979,0.46662627351077646,0.432300878421825
M3-split,long,2 % H2O,model,1e-06,64.17514507193687,0.0006734222657745548,0.08629277751219626,0.4487622453084932,0.46427155491353594
M3-split,long,2 % H2O,model,1e-06,66.89024713254423,0.0005325984500695714,0.07526646038359429,0.4316760044428656,0.4925249367234705
M3-split,long,2 % H2O,model,1e-06,69.72021888594699,0.00043112510432999547,0.06645554252125928,0.41573239337473067,0.5173809389996801
M3-split,long,2 % H2O,model,1e-06,72.66992020335023,0.0003566233900947182,0.05937012004290452,0.4011259320802364,0.5391473244867644
M3-split,long,2 % H2O,model,1e-06,75.74441656587685,0.00030104178727770564,0.05364363188825747,0.38793970003003225,0.5581156262944326
M3-split,long,2 % H2O,model,1e-06,78.94898776344854,0.0002590061457091292,0.0489978959096005,0.376183213792397,0.5745598841522934
M3-split,long,2 % H2O,model,1e-06,82.28913696169538,0.00022684719465476577,0.045219068337558045,0.36581742656492144,0.5887366579028658
M3-split,long,2 % H2O,model,1e-06,85.7706001524658,0.00020200859392147843,0.04214080356851889,0.3567716440146347,0.6008855438229249
M3-split,long,2 % H2O,model,1e-06,89.39935600416594,0.000182676412037654,0.03963226029979522,0.34895524587108817,0.611229817417079
M3-split,long,2 % H2O,model,1e-06,93.18163612884342,0.00016754148485827186,0.03758943566713708,0.3422659905112677,0.619977032336737
M3-split,long,2 % H2O,model,1e-06,97.1239357836489,0.00015564372202849744,0.03592882798312368,0.3365960132699541,0.6273195150248937
M3-split,long,2 % H2O,model,1e-06,101.23302502505048,0.00014626818702947355,0.03458275643335929,0.33183622163931487,0.6334347537402963
M3-split,long,2 % H2O,model,1e-06,105.51596033495792,0.0001388746097143306,0.03349587772639626,0.32787953811360177,0.6384857095502876
M3-split,long,2 % H2O,model,1e-06,109.98009673872109,0.0001330489074786738,0.03262257782104079,0.3246232841683449,0.6426210891031358
M3-split,long,2 % H2O,model,1e-06,114.63310043581247,0.00012846944657650828,0.03192500896635129,0.32197089918536886,0.6459756224017034
M3-split,long,2 % H2O,model,1e-06,119.48296196488577,0.00012488331972895471,0.03137160477583436,0.3198331272789182,0.6486703846255185
M3-split,long,2 % H2O,model,1e-06,124.53800992581655,0.00012208951193088205,0.030935949333818585,0.3181287656863578,0.6508131954678926
M3-split,long,2 % H2O,model,1e-06,129.80692528229133,0.00011992684601258059,0.030595908021868807,0.3167850503248771,0.6524991148072415
M3-split,long,2 % H2O,model,1e-06,135.29875626950604,0.00011826525744401789,0.03033294927651458,0.3157377349737522,0.6538110504922892
M3-split,long,2 % H2O,model,1e-06,141.02293393257435,0.0001169993976621494,0.030131605219873788,0.31493091951530144,0.6548204758671627
M3-split,long,2 % H2O,model,1e-06,146.9892883223311,0.00011604386046726756,0.029979031719549777,0.31431667546898506,0.6555882489509979
M3-split,long,2 % H2O,model,1e-06,153.20806537634184,0.0001153295415730174,0.029864639836644356,0.3138545165310178,0.6561655140907648
M3-split,long,2 % H2O,model,1e-06,159.68994451410924,0.0001148007863748893,0.029779778487082825,0.31351075721549065,0.6565946635110517
M3-split,long,2 % H2O,model,1e-06,166.4460569766914,0.00011441309143409987,0.029717455170379485,0.31325780109077367,0.6569103306474128
M3-split,long,2 % H2O,model,1e-06,173.48800494222866,0.00011413120446454741,0.029672086893473622,0.3130733972888572,0.6571403846132046
M3-split,long,2 % H2O,model,1e-06,180.82788145020223,0.00011392751702124577,0.02963927605821045,0.3129398953283745,0.6573069010963938
M3-split,long,2 % H2O,model,1e-06,188.4782911686432,0.00011378068989997021,0.02961560972284003,0.3128435282445698,0.6574270813426902
M3-split,long,2 % H2O,model,1e-06,196.45237203995435,0.00011367446868421401,0.029598480707315383,0.31277374250254325,0.6575141023214571
M3-split,long,2 % H2O,model,1e-06,204.76381784251524,0.00011359666776319304,0.02958593055946806,0.3127225913602695,0.6575778814124994
M3-split,long,2 % H2O,model,1e-06,213.42690170681885,0.00011353830634551784,0.029576513922901067,0.3126842003270446,0.6576257474437088
M3-split,long,2 % H2O,model,1e-06,222.45650062652007,0.00011349288264976288,0.029569183429761645,0.31265430767809127,0.6576630160094974
M3-split,long,2 % H2O,model,1e-06,231.86812100648996,0.00011345577733738625,0.0295631944745152,0.3126298812695853,0.6576934684785621
M3-split,long,2 % H2O,model,1e-06,241.67792529175034,0.00011342376999764459,0.029558027713507896,0.31260880509920824,0.6577197434172862
M3-split,long,2 % H2O,model,1e-06,251.90275972301498,0.00011339465872517959,0.02955332793279121,0.3125896312977205,0.657743646110763
M3-split,long,2 % H2O,model,1e-06,262.5601832665064,0.00011336696570334715,0.029548856661636036,0.31257138751417135,0.6577663888584894
M3-split,long,2 % H2O,model,1e-06,273.668497767724,0.00011333971547163171,0.02954445644897538,0.3125534315344698,0.6577887723010831
M3-split,long,2 % H2O,model,1e-06,285.2467793809492,0.00011331227362450885,0.02954002486049001,0.31253534538244726,0.6578113174834382
M3-split,long,2 % H2O,model,1e-06,297.314911328461,0.0001132842292585309,0.02953549552023048,0.31251685807058693,0.6578343621799241
M3-split,long,2 % H2O,model,1e-06,309.89361804571615,0.00011325531612231204,0.029530825390748826,0.3124977937556772,0.6578581255374517
M3-split,long,2 % H2O,model,1e-06,323.00450077113646,0.00011322535665490799,0.029525985743554986,0.31247803492431203,0.6578827539754781
M3-split,long,2 % H2O,model,1e-06,336.6700746416139,0.00011319422694630143,0.029520956504202236,0.31245749933259304,0.6579083499362585
M3-split,long,2 % H2O,model,1e-06,350.91380735744417,0.00011316183416228807,0.029515722608402392,0.3124361251432581,0.6579349904141774
M3-split,long,2 % H2O,model,1e-06,365.7601594830805,0.00011312810160370431,0.02951027158975484,0.3124138610828955,0.657962739225746
M3-split,long,2 % H2O,model,1e-06,381.23462645292375,0.00011309296104615128,0.02950459234254448,0.31239066139211435,0.6579916533042951
M3-split,long,2 % H2O,model,1e-06,397.3637823542767,0.00011305634761546339,0.02949867429328478,0.3123664824414875,0.6580217869176123
M3-split,long,2 % H2O,model,1e-06,414.1753255626552,0.00011301819666402951,0.029492506896380968,0.3123412806702306,0.6580531942367245
M3-split,long,2 % H2O,model,1e-06,431.6981263078251,0.00011297844246346708,0.029486079421401912,0.3123150117132024,0.6580859304229323
M3-split,long,2 % H2O,model,1e-06,449.9622762522443,0.00011293701754084765,0.029479380844976977,0.3122876299553034,0.6581200521821788
M3-split,long,2 % H2O,model,1e-06,468.99914016706043,0.00011289385184168692,0.029472399715299295,0.3122590879737959,0.6581556184590631
M3-split,long,2 % H2O,model,1e-06,488.8414097943947,0.00011284887257082854,0.029465124124703507,0.31222933642045286,0.6581926905822729
M3-split,long,2 % H2O,model,1e-06,509.52315998841743,0.0001128020040705446,0.029457541688825577,0.31219832393075053,0.6582313323763535
M3-split,long,2 % H2O,model,1e-06,531.0799072316224,0.00011275316758596786,0.029449639507871016,0.31216599695967984,0.6582716103648631
M3-split,long,2 % H2O,model,1e-06,553.5486706267875,0.00011270228112170167,0.029441404141715165,0.31213229967288103,0.658313593904282
M3-split,long,2 % H2O,model,1e-06,576.9680354693685,0.00011264925934671304,0.02943282159304107,0.3120971738703397,0.6583573552772725
M3-split,long,2 % H2O,model,1e-06,601.3782195094898,0.00011259401340237873,0.029423877274822426,0.3120605588455046,0.6584029698662707
M3-split,long,2 % H2O,model,1e-06,626.8211420173293,0.00011253645084342242,0.02941455599899113,0.3120223913302166,0.6584505162199488
M3-split,long,2 % H2O,model,1e-06,653.3404957704963,0.00011247647546694515,0.02940484194688472,0.31198260536434813,0.6585000762133002
M3-split,long,2 % H2O,model,1e-06,680.9818220870363,0.00011241398711424861,0.029394718635109927,0.31194113214582064,0.6585517352319552
M3-split,long,2 % H2O,model,1e-06,709.7925890329016,0.00011234888160003152,0.029384168902067645,0.3118978999644158,0.6586055822519165
M3-split,long,2 % H2O,model,1e-06,739.822272938202,0.00011228105048526459,0.029373174868389224,0.31185283402747593,0.6586617100536496
M3-split,long,2 % H2O,model,1e-06,771.1224433622212,0.00011221038094063952,0.02936171791219156,0.31180585634543906,0.6587202153614288
M3-split,long,2 % H2O,model,1e-06,803.7468516531015,0.0001121367555853652,0.02934977864050442,0.3117568856005989,0.6587811990033113
M3-split,long,2 % H2O,model,1e-06,837.7515232542927,0.00011206005228772249,0.029337336853969193,0.3117058369870074,0.6588447661067357
M3-split,long,2 % H2O,model,1e-06,873.1948539162647,0.00011198014402460066,0.02932437151993081,0.31165262208289035,0.6589110262531541
M3-split,long,2 % H2O,model,1e-06,910.1377099787206,0.0001118968986647367,0.029310860734353843,0.3115971486764987,0.6589800936904826
M3-split,long,2 % H2O,model,1e-06,948.6435328955174,0.00011181017878492338,0.029296781687889704,0.3115393206069035,0.659052087526422
M3-split,long,2 % H2O,model,1e-06,988.7784481817904,0.00011171984146854102,0.02928211062910261,0.3114790375916284,0.6591271319378004
M3-split,long,2 % H2O,model,1e-06,1030.6113789703877,0.00011162573810445655,0.029266822827010545,0.3114161950491954,0.6592053563856897
M3-split,long,2 % H2O,model,1e-06,1074.214164372607,0.00011152771417942685,0.02925089253218032,0.31135068391365045,0.6592868958399899
M3-split,long,2 % H2O,model,1e-06,1119.6616828464998,0.00011142560905567591,0.029234292935458855,0.3112823904375599,0.6593718910179256
M3-split,long,2 % H2O,model,1e-06,1167.0319807846197,0.00011131925575147058,0.029216996126304916,0.3112111959907653,0.6594604886271783
M3-split,long,2 % H2O,model,1e-06,1216.4064065419916,0.00011120848070736691,0.029198973048398764,0.3111369768446668,0.6595528416262271
M3-split,long,2 % H2O,model,1e-06,1267.8697501345325,0.00011109310355141088,0.029180193454506644,0.3110596039511288,0.6596491094908131
M3-split,long,2 % H2O,model,1e-06,1321.51038884775,0.0001109729368570377,0.02916062585959041,0.3109789427110889,0.6597494584924637
M3-split,long,2 % H2O,model,1e-06,1377.4204390058364,0.000110847785893625,0.029140237492015653,0.3108948527314717,0.659854061990619
M3-split,long,2 % H2O,model,1e-06,1435.6959141617613,0.00011071744837118543,0.02911899424306297,0.3108071875712364,0.6599631007373296
M3-split,long,2 % H2O,model,1e-06,1496.4368899799936,0.00011058171417497219,0.029096860614322134,0.3107157944766362,0.6600767631948665
M3-split,long,2 % H2O,model,1e-06,1559.747676095074,0.00011044036510504036,0.0290737996644437,0.31062051410484676,0.6601952458656045
M3-split,long,2 % H2O,model,1e-06,1625.7369952410816,0.00011029317459997963,0.029049772952912944,0.3105211802343223,0.6603187536381648
M3-split,long,2 % H2O,model,1e-06,1694.5181699596842,0.00011013990745479621,0.02902474048189905,0.3104176194620254,0.6604475001486206
M3-split,long,2 % H2O,model,1e-06,1766.2093172073767,0.00010998031953750523,0.02899866063662886,0.31030965088729506,0.6605817081565386
M3-split,long,2 % H2O,model,1e-06,1840.933551196067,0.00010981415749899456,0.028971490123594484,0.31019708578117466,0.660721609937732
M3-split,long,2 % H2O,model,1e-06,1918.8191948154297,0.00010964115847805466,0.028943183906733342,0.31007972724064914,0.6608674476941394
M3-split,long,2 % H2O,model,1e-06,2000.0,0.00010946104980127447,0.02891369514149167,0.3099573698271325,0.6610194739815746
M3-split,long,2 % H2O,measured,,168.07722222222222,-0.0010711191791421,0.0474570978595056,0.3110819331643747,0.6646627372176465
M3-split,long,2 % H2O,measured,,201.0863888888889,-0.0098593038586997,0.0334572695449766,0.3194433195126915,0.6665102412244548
M3-split,long,2 % H2O,measured,,240.07861111111112,0.0002907167844127,0.0334362654249292,0.3148079220219537,0.6665862072580934
M3-split,long,2 % H2O,measured,,264.0830555555556,0.0086596375712932,0.0358955628262214,0.3164927413342183,0.6567827099376988
M3-split,long,2 % H2O,measured,,288.08472222222224,-0.0020310606665759,0.0397880334356645,0.3151206704105191,0.6581188452484922
M3-split,long,2 % H2O,measured,,313.09472222222223,-0.0011376573631658,0.0418159161497612,0.3143935369194698,0.6603572661300198
M3-split,free,0.5 % H2O,model,0.0,0.1,0.9998228949521631,0.00017700440730380071,1.0062249600414977e-07,1.803710029384435e-11
M3-split,free,0.5 % H2O,model,0.0,0.10423076887097628,0.9998146880786721,0.00018520226918379858,1.0963167041770708e-07,2.0473672510121907e-11
M3-split,free,0.5 % H2O,model,0.0,0.10864053179434878,0.9998060774917433,0.00019380302581303068,1.194592023078977e-07,2.3241381928177066e-11
M3-split,free,0.5 % H2O,model,0.0,0.11323686159476715,0.9997970418706182,0.00020282792221617836,1.3018078008501348e-07,2.6385562223848266e-11
M3-split,free,0.5 % H2O,model,0.0,0.11802765148558905,0.9997875587032219,0.00021229938758169227,1.418792385665001e-07,2.995780684375696e-11
M3-split,free,0.5 % H2O,model,0.0,0.12302112862378574,0.9997776042195777,0.0002222411011578507,1.5464524756804959e-07,3.4016842273873266e-11
M3-split,free,0.5 % H2O,model,0.0,0.12822586823832455,0.9997671533220949,0.00023267806120727723,1.6857806835615295e-07,3.862952356444821e-11
M3-split,free,0.5 % H2O,model,0.0,0.13365080835629065,0.999756179512578,0.00024363665716547951,1.8378638438106492e-07,4.387197000809742e-11
M3-split,free,0.5 % H2O,model,0.0,0.13930526515203676,0.9997446548156083,0.00025514474534825345,2.0038921265263842e-07,4.983086301559822e-11
M3-split,free,0.5 % H2O,model,0.0,0.1451989489457201,0.999732549698788,0.00026723172770124284,2.1851690563166838e-07,5.660492447161376e-11
M3-split,free,0.5 % H2O,model,0.0,0.15134198087870035,0.9997198329892594,0.00027992863418356784,2.3831225053520923e-07,6.430660676666458e-11
M3-split,free,0.5 % H2O,model,0.0,0.15774491029443527,0.9997064717866934,0.0002932682085659433,2.599316764956321e-07,7.306402209010668e-11
M3-split,free,0.5 % H2O,model,0.0,0.1644187328547217,0.9996924313729373,0.00030728499745877503,2.83546580782805e-07,8.302314269196019e-11
M3-split,free,0.5 % H2O,model,0.0,0.17137490942239292,0.9996776751177553,0.00032201544311069884,3.0934478364511986e-07,9.435031801686689e-11
M3-split,free,0.5 % H2O,model,0.0,0.17862538574289932,0.9996621643814386,0.0003374979791989687,3.375321270528844e-07,1.0723514427201993e-10
M3-split,free,0.5 % H2O,model,0.0,0.18618261295857116,0.9996458584134529,0.000353773130425254,3.6833422797404495e-07,1.218937478099275e-10
M3-split,free,0.5 % H2O,model,0.0,0.19405956899079269,0.9996287142483382,0.0003708836146837762,4.0199840545053657e-07,1.3857252817993624e-10
M3-split,free,0.5 % H2O,model,0.0,0.20226978082680583,0.9996106865973697,0.00038887444928576375,4.387957920624628e-07,1.5755244445901204e-10
M3-split,free,0.5 % H2O,model,0.0,0.21082734774941828,0.9995917277379539,0.00040779305923756504,4.790236546256668e-07,1.791539019861881e-10
M3-split,free,0.5 % H2O,model,0.0,0.2197469655495056,0.9995717873992771,0.00042768938904280175,5.230079375785218e-07,2.03742344213943e-10
M3-split,free,0.5 % H2O,model,0.0,0.22904395176288905,0.9995508126453464,0.0004486160168647268,5.711060540191967e-07,2.3173463926742217e-10
M3-split,free,0.5 % H2O,model,0.0,0.23873427197492728,0.9995287477555334,0.00047062827091322437,6.237099471762286e-07,2.636063770684827e-10
M3-split,free,0.5 % H2O,model,0.0,0.24883456723799433,0.9995055341023945,0.0004937843482594776,6.812494458759666e-07,2.9990021241066985e-10
M3-split,free,0.5 % H2O,model,0.0,0.25936218264892796,0.9994811100276427,0.0005181454351784273,7.441959436143811e-07,3.412353973519941e-10
M3-split,free,0.5 % H2O,model,0.0,0.2703351971355234,0.9994554107164534,0.0005437758287970245,8.13066430822502e-07,3.883186743641157e-10
M3-split,free,0.5 % H2O,model,0.0,0.28177245450322547,0.999428368069799,0.000570743060334426,8.884279098705164e-07,4.4195673353942266e-10
M3-split,free,0.5 % H2O,model,0.0,0.2936935957953338,0.9993999105766226,0.0005991180180731861,9.7090223397536e-07,5.030704392401179e-10
M3-split,free,0.5 % H2O,model,0.0,0.3061190930222936,0.9993699631846502,0.0006289750712372997,1.061171401462533e-06,5.727110998037791e-10
M3-split,free,0.5 % H2O,model,0.0,0.3190702843179958,0.9993384471714855,0.00066039219308407,1.1599833516241807e-06,6.520790563644972e-10
M3-split,free,0.5 % H2O,model,0.0,0.33256941058345696,0.9993052800162854,0.0006934510828634665,1.2681583063972448e-06,7.425449235252206e-10
M3-split,free,0.5 % H2O,model,0.0,0.34663965368081123,0.9992703752708331,0.0007282372877939639,1.3865956989391504e-06,8.45673880863463e-10
M3-split,free,0.5 % H2O,model,0.0,0.36130517624319886,0.9992336424343075,0.0007648403206812965,1.516281757840163e-06,9.632533991214047e-10
M3-split,free,0.5 % H2O,model,0.0,0.37659116316892216,0.999194986827207,0.0008033537776863268,1.6582977817801438e-06,1.097324954999277e-09
M3-split,free,0.5 % H2O,model,0.0,0.39252386487112034,0.9991543094691361,0.0008438754514600858,1.813829183655319e-06,1.2502202429610428e-09
M3-split,free,0.5 % H2O,model,0.0,0.4091306423572408,0.9991115069591224,0.000886507440912553,1.9841753625098683e-06,1.4246025442861862e-09
M3-split,free,0.5 % H2O,model,0.0,0.4264400142157162,0.9990664713583046,0.0009313562577100774,2.170760471278869e-06,1.6235139889865347e-09
M3-split,free,0.5 % H2O,model,0.0,0.44448170559054145,0.9990190900766204,0.0009785329277877156,2.3751451625134744e-06,1.8504295229197099e-09
M3-split,free,0.5 % H2O,model,0.0,0.46328669922785054,0.9989692457623871,0.0010281530889064093,2.59903938789874e-06,2.109318541743054e-09
M3-split,free,0.5 % H2O,model,0.0,0.4828872886821559,0.9989168161967454,0.0010803370821910628,2.844316348387591e-06,2.4047152424906514e-09
M3-split,free,0.5 % H2O,model,0.0,0.503317133773622,0.9988616741902655,0.0011352100402581436,3.1130276774294872e-06,2.7417989505961353e-09
M3-split,free,0.5 % H2O,model,0.0,0.5246113183916065,0.9988036874832141,0.0011929019703332201,3.4074199668150473e-06,3.126485792412239e-09
M3-split,free,0.5 % H2O,model,0.0,0.5468064107437368,0.9987427186498451,0.0012535478318730824,3.729952748609094e-06,3.565533285024492e-09
M3-split,free,0.5 % H2O,model,0.0,0.5699405261539854,0.9986786250045676,0.0013172876107290466,4.083318043780727e-06,4.066659662243848e-09
M3-split,free,0.5 % H2O,model,0.0,0.5940533925175866,0.9986112585098025,0.0013842663899101128,4.470461607552783e-06,4.638679971828646e-09
M3-split,free,0.5 % H2O,model,0.0,0.6191864185251992,0.9985404656850322,0.001454634417295385,4.8946060112101205e-06,5.291661256917682e-09
M3-split,free,0.5 % H2O,model,0.0,0.6453827647734762,0.9984660875146912,0.0015285471725064825,5.359275702923551e-06,6.037099470604338e-09
M3-split,free,0.5 % H2O,model,0.0,0.6726874178841584,0.9983879593528171,0.0016061654348574642,5.868324204403825e-06,6.8881211212719205e-09
M3-split,free,0.5 % H2O,model,0.0,0.7011472677589756,0.998305910823427,0.0016876553532405836,6.425963619453157e-06,7.859713031647406e-09
M3-split,free,0.5 % H2O,model,0.0,0.7308111881030229,0.9982197657151245,0.0017731885192474276,7.036796643920348e-06,8.96898405277551e-09
M3-split,free,0.5 % H2O,model,0.0,0.7617301203548975,0.998129341864889,0.001862942048382916,7.705851265161595e-06,1.0235463135310314e-08
M3-split,free,0.5 % H2O,model,0.0,0.7939571611677227,0.9980344510325975,0.0019570986675726144,8.438618391346906e-06,1.1681438652204801e-08
M3-split,free,0.5 % H2O,model,0.0,0.8275476535912937,0.9979348987563041,0.0020558468187402822,9.241092610829734e-06,1.3332344682592282e-08
M3-split,free,0.5 % H2O,model,0.0,0.8625592821119288,0.9978304841893031,0.002159380777136133,1.0119816360368907e-05,1.5217200563512717e-08
M3-split,free,0.5 % H2O,model,0.0,0.8990521717132368,0.99772099991398,0.00226790078913623,1.1081927772963018e-05,1.7369110944051337e-08
M3-split,free,0.5 % H2O,model,0.0,0.9370889911279167,0.9976062317294961,0.0023816132321573353,1.2135212512079653e-05,1.9825834507233883e-08
M3-split,free,0.5 % H2O,model,0.0,0.9767350604579019,0.9974859584092904,0.0025007308003575724,1.3288159921266751e-05,2.2630430626221324e-08
M3-split,free,0.5 % H2O,model,0.0,1.0180584633476666,0.9973599514235633,0.0026254727205991066,1.455002384312854e-05,2.5831994463421993e-08
M3-split,free,0.5 % H2O,model,0.0,1.0611301639033188,0.9972279746184542,0.002756065006578343,1.593088847493222e-05,2.948649246130229e-08
M3-split,free,0.5 % H2O,model,0.0,1.1060241285582797,0.9970897838561936,0.0028927407463646697,1.7441739730213917e-05,3.36577115856287e-08
M3-split,free,0.5 % H2O,model,0.0,1.1528174530948103,0.9969451266072976,0.003035740431822002,1.909454254269893e-05,3.841833764695178e-08
M3-split,free,0.5 % H2O,model,0.0,1.2015904950395269,0.9967937414943803,0.0031853123298046706,2.090232463518481e-05,4.3851179940969134e-08
M3-split,free,0.5 % H2O,model,0.0,1.2524270116602694,0.9966353577808406,0.0033417129013118716,2.2879267285635752e-05,5.005056182512263e-08
M3-split,free,0.5 % H2O,model,0.0,1.3054143038012902,0.9964696948060514,0.0035052072663347596,2.5040803714415676e-05,5.712389933808084e-08
M3-split,free,0.5 % H2O,model,0.0,1.3606433658037873,0.9962964613591383,0.0036760697216526375,2.7403725715980296e-05,6.519349302834054e-08
M3-split,free,0.5 % H2O,model,0.0,1.4182090417692177,0.9961153550006178,0.0038545843015142735,2.9986299306733803e-05,7.43985612699977e-08
M3-split,free,0.5 % H2O,model,0.0,1.4782101884337602,0.9959260613312669,0.004041045381019656,3.280839016611999e-05,8.489754724216972e-08
M3-split,free,0.5 % H2O,model,0.0,1.540749844933616,0.9957282531878355,0.004235758341823983,3.5891599604247634e-05,9.687073624151435e-08
M3-split,free,0.5 % H2O,model,0.0,1.6059354097526826,0.9955215897982446,0.00443904026638743,3.9259412143708286e-05,1.1052322416605488e-07
M3-split,free,0.5 % H2O,model,0.0,1.6738788251564845,0.995305715872432,0.00465122068371033,4.293735557357224e-05,1.260882841468414e-07
M3-split,free,0.5 % H2O,model,0.0,1.7446967694290683,0.9950802606613973,0.0048726423327023665,4.695317471639845e-05,1.4383118380321478e-07
M3-split,free,0.5 % H2O,model,0.0,1.8185108572430024,0.9948448369444456,0.005103661982195795,5.133701984521979e-05,1.6405351340557542e-07
M3-split,free,0.5 % H2O,model,0.0,1.895447848506563,0.9945990399910608,0.005344651259606092,5.6121651241031385e-05,1.8709809209549112e-07
M3-split,free,0.5 % H2O,model,0.0,1.9756398660467678,0.9943424464759939,0.005595997508356114,6.13426611208652e-05,2.1335452900624047e-07
M3-split,free,0.5 % H2O,model,0.0,2.0592246225020725,0.9940746133724484,0.005858104647506315,6.70387145198195e-05,2.4326552567870786e-07
M3-split,free,0.5 % H2O,model,0.0,2.1463456568143684,0.9937950767956258,0.006131394059808786,7.325181054721636e-05,2.773340180997934e-07
M3-split,free,0.5 % H2O,model,0.0,2.2371525807264225,0.993503350825907,0.00641630547696245,8.002756586161605e-05,3.1613126889889715e-07
M3-split,free,0.5 % H2O,model,0.0,2.3318013357080383,0.9931989263173299,0.00671329785441424,8.741552222106808e-05,3.603060350484693e-07
M3-split,free,0.5 % H2O,model,0.0,2.4304544607521823,0.9928812696733138,0.007022850251744242,9.546947998871799e-05,4.105949530583024e-07
M3-split,free,0.5 % H2O,model,0.0,2.533281371500941,0.9925498215916927,0.007345462714273824,0.00010424785973170956,4.6783430191926565e-07
M3-split,free,0.5 % H2O,model,0.0,2.640458651180643,0.9922039957972065,0.007681657135166512,0.00011381409430212318,5.329733248178865e-07
M3-split,free,0.5 % H2O,model,0.0,2.7521703538457944,0.9918431777515778,0.008031978105277834,0.00012423705382978335,6.070893145916322e-07
M3-split,free,0.5 % H2O,model,0.0,2.868608320452539,0.9914667233181222,0.008396993770996144,0.00013559150618675008,6.914046946646457e-07
M3-split,free,0.5 % H2O,model,0.0,2.9899725083044815,0.9910739573965558,0.008777296681207494,0.0001479586158799332,7.873063568657753e-07
M3-split,free,0.5 % H2O,model,0.0,3.1164713344365755,0.9906641725221502,0.009173504625845177,0.0001614264844528992,8.963675517842209e-07
M3-split,free,0.5 % H2O,model,0.0,3.2483220335268164,0.990236627415642,0.00958626147601091,0.00017609073568134828,1.0203726657725094e-06
M3-split,free,0.5 % H2O,model,0.0,3.385751030950334,0.9897905454632537,0.01001623804241688,0.00019205514906743234,1.161345261935488e-06
M3-split,free,0.5 % H2O,model,0.0,3.528994331616538,0.9893251131351722,0.01046413293946233,0.00020943234555449207,1.3215798109507509e-06
M3-split,free,0.5 % H2O,model,0.0,3.678297925257089,0.9888394783394046,0.010930673453374623,0.0002283445296280495,1.5036775928126308e-06
M3-split,free,0.5 % H2O,model,0.0,3.833918208860631,0.9883327486796438,0.011416616440892126,0.0002489242921511722,1.710587312869426e-06
M3-split,free,0.5 % H2O,model,0.0,3.9961224269797992,0.9878039896033398,0.011922749266917224,0.00027131547869775315,1.9456510451537124e-06
M3-split,free,0.5 % H2O,model,0.0,4.165189130666562,0.9872522224654658,0.01244989074965358,0.00029567412868596537,2.2126561944878937e-06
M3-split,free,0.5 % H2O,model,0.0,4.341408655824089,0.9866764224806338,0.012998892134350362,0.0003221694907576103,2.515894258224648e-06
M3-split,free,0.5 % H2O,model,0.0,4.525083621796566,0.9860755165241857,0.013570638128337115,0.00035098512020859286,2.860227268524299e-06
M3-split,free,0.5 % H2O,model,0.0,4.716529451053179,0.9854483808193668,0.01416604795270366,0.00038232006502192053,3.251162907574286e-06
M3-split,free,0.5 % H2O,model,0.0,4.916074910858767,0.9847938384825138,0.01478607643082419,0.00041639014724636917,3.6949394158025657e-06
M3-split,free,0.5 % H2O,model,0.0,5.124062677861254,0.9841106569276382,0.015431715103743996,0.00045342934706270625,4.198621555259961e-06
M3-split,free,0.5 % H2O,model,0.0,5.34084992656552,0.9833975450908669,0.016103993402856197,0.0004936912972258301,4.770209051082409e-06
M3-split,free,0.5 % H2O,model,0.0,5.566808942704215,0.9826531505035061,0.016803979841010022,0.0005374508963707599,5.418759113015227e-06
M3-split,free,0.5 % H2O,model,0.0,5.802327762558867,0.9818760561968126,0.01753278322827901,0.0005850060500660524,6.154524842388196e-06
M3-split,free,0.5 % H2O,model,0.0,6.047810839329224,0.9810647774234792,0.01829155391586752,0.000636679549095964,6.989111557349863e-06
M3-split,free,0.5 % H2O,model,0.0,6.303679737695092,0.9802177581818227,0.01908148506977573,0.0006928210950770813,7.935653324499288e-06
M3-split,free,0.5 % H2O,model,0.0,6.570373857763537,0.9793333675350637,0.019903813968482478,0.0007538094841824307,9.009012271448853e-06
M3-split,free,0.5 % H2O,model,0.0,6.848351189644559,0.9784098957307731,0.020759823305184135,0.0008200549604667285,1.0226003576179585e-05
M3-split,free,0.5 % H2O,model,0.0,7.138089099951173,0.9774455500948451,0.021650842504876727,0.0008920017508878384,1.160564939047225e-05
M3-split,free,0.5 % H2O,model,0.0,7.440085151574459,0.9764384506942593,0.02257824904548544,0.0009701307948977034,1.3169465357708259e-05
M3-split,free,0.5 % H2O,model,0.0,7.7548579581413986,0.9753866257404176,0.023543469793587637,0.0010549626821561317,1.4941783838672056e-05
M3-split,free,0.5 % H2O,model,0.0,8.082948074622873,0.9742880067344933,0.02454798233427961,0.0011470608127631472,1.6950118463822426e-05
M3-split,free,0.5 % H2O,model,0.0,8.424918925621194,0.9731404233421131,0.025593316287553777,0.0012470347951361736,1.9225575196986686e-05
M3-split,free,0.5 % H2O,model,0.0,8.781357772931367,0.9719415979773842,0.026681054609465706,0.001355544097423372,2.1803315726849122e-05
M3-split,free,0.5 % H2O,model,0.0,9.1528767240376,0.9706891400724604,0.027812834878681237,0.0014733019691879398,2.4723079670243615e-05
M3-split,free,0.5 % H2O,model,0.0,9.540113783277015,0.9693805400245414,0.028990350551941917,0.0016010796504112579,2.8029773105436923e-05
M3-split,free,0.5 % H2O,model,0.0,9.943733947475618,0.9680131627923156,0.03021535218968048,0.0017397108867987048,3.177413120530668e-05
M3-split,free,0.5 % H2O,model,0.0,10.36443034793812,0.9665842411384568,0.031489648627536705,0.001890096769398581,3.601346460791539e-05
M3-split,free,0.5 % H2O,model,0.0,10.802925440752704,0.96509086848359,0.032815108098294354,0.0020532109186265322,4.081249948931431e-05
M3-split,free,0.5 % H2O,model,0.0,11.259972247454842,0.9635299913608347,0.034193659283388404,0.002230105033044211,4.6244322732512284e-05
M3-split,free,0.5 % H2O,model,0.0,11.736355648180727,0.9618984014435585,0.03562729228816983,0.0024219148229735438,5.239144529804725e-05
M3-split,free,0.5 % H2O,model,0.0,12.23289372953102,0.9601927271256119,0.037118059526174425,0.0026298663502097013,5.934699800400443e-05
M3-split,free,0.5 % H2O,model,0.0,12.750439189459637,0.9584094246385476,0.038668076490288736,0.0028552827959200727,6.721607524365345e-05
M3-split,free,0.5 % H2O,model,0.0,13.289880801600054,0.9565447686675383,0.04027952240999783,0.003099591677545699,7.611724491797249e-05
M3-split,free,0.5 % H2O,model,0.0,13.852144941543997,0.954594842464225,0.041954640755656206,0.0033643325361480416,8.618424397086307e-05
M3-split,free,0.5 % H2O,model,0.0,14.438197177693354,0.9525555274139,0.04369573958858551,0.0036511651158221267,9.756788169223351e-05
M3-split,free,0.5 % H2O,model,0.0,15.049043929417392,0.9504224920473784,0.045505191722537267,0.003961878055242238,0.00011043817484202461
M3-split,free,0.5 % H2O,model,0.0,15.685734195362725,0.9481911804686391,0.047385434678332734,0.004298398111154513,0.0001249867418737417
M3-split,free,0.5 % H2O,model,0.0,16.34936135488421,0.945856800176688,0.04933897040535278,0.004662799932025319,0.0001414294859337829
M3-split,free,0.5 % H2O,model,0.0,17.041065045690072,0.9434143092623984,0.05136836473985105,0.0050573163981042606,0.00016000959964620592
M3-split,free,0.5 % H2O,model,0.0,17.762033120925942,0.9408584029599766,0.05347624656961248,0.005484349542180382,0.00018100092823058913
M3-split,free,0.5 % H2O,model,0.0,18.51350368905859,0.9381834995374034,0.055665306669955755,0.005946482061817078,0.00020471173082388364
M3-split,free,0.5 % H2O,model,0.0,19.29676724006232,0.9353837255107423,0.0579382961747545,0.006446489430461756,0.0002314888840416187
M3-split,free,0.5 % H2O,model,0.0,20.113168861559622,0.9324529001718624,0.06029802464145404,0.006987352610328817,0.00026172257635458427
M3-split,free,0.5 % H2O,model,0.0,20.964110548721372,0.9293845194208955,0.06274735766902234,0.007572271364199734,0.0002958515458823354
M3-split,free,0.5 % H2O,model,0.0,21.851053611893725,0.9261717389053937,0.06528921401998486,0.008204678156367747,0.0003343689182536936
M3-split,free,0.5 % H2O,model,0.0,22.77552118608608,0.9228073564675643,0.06792656219626331,0.008888252626732112,0.00037782870944025814
M3-split,free,0.5 % H2O,model,0.0,23.739100846629615,0.9192837939173933,0.07066241641489664,0.009626936609965267,0.0004268530577447601
M3-split,free,0.5 % H2O,model,0.0,24.74344733549848,0.9155930781498608,0.07349983192494938,0.010424949664254743,0.00048214026093509123
M3-split,free,0.5 % H2O,model,0.0,25.79028540297515,0.911726821644214,0.07644189960102436,0.011286805059274842,0.000544473695486831
M3-split,free,0.5 % H2O,model,0.0,26.88141276954016,0.9076762023882112,0.07949173974940009,0.012217326160017328,0.0006147317023712508
M3-split,free,0.5 % H2O,model,0.0,28.01870321307253,0.903431943291338,0.08265249506035854,0.013221663125485865,0.0006938985228176969
M3-split,free,0.5 % H2O,model,0.0,29.204109786662425,0.8989842911673913,0.08592732261610686,0.01430530982597511,0.0007830763905266739
M3-split,free,0.5 % H2O,model,0.0,30.439668172562268,0.8943229953874641,0.08931938489645404,0.015474120856127606,0.0008834988599542692
M3-split,free,0.5 % H2O,model,0.0,31.727500178035505,0.8894372863275463,0.09283183968123922,0.01673432850391719,0.0009965454872972643
M3-split,free,0.5 % H2O,model,0.0,33.069817379106794,0.8843158537671,0.09646782876800378,0.01809255950396606,0.0011237579609302466
M3-split,free,0.5 % H2O,model,0.0,34.46892491847074,0.8789468254175621,0.10023046542542301,0.0195558513780491,0.001266857778965885
M3-split,free,0.5 % H2O,model,0.0,35.92722546408158,0.8733177458061822,0.10412282047505281,0.02113166813309797,0.0014277655856669731
M3-split,free,0.5 % H2O,model,0.0,37.4472233352214,0.8674155557760012,0.10814790691248577,0.02282791505046612,0.0016086222610469372
M3-split,free,0.5 % H2O,model,0.0,39.03152880313289,0.86122657290804,0.11230866297612549,0.024652952266619517,0.001811811849215064
M3-split,free,0.5 % H2O,model,0.0,40.68286257360202,0.8547364732250456,0.11660793356730927,0.026615606803581465,0.0020399864040637067
M3-split,free,0.5 % H2O,model,0.0,42.404060459188024,0.8479302745952972,0.12104844992265353,0.028725182666125705,0.0022960928159235657
M3-split,free,0.5 % H2O,model,0.0,44.1980782491253,0.8407923223289767,0.1256328074283602,0.03099146857362989,0.0025834016690330797
M3-split,free,0.5 % H2O,model,0.0,46.06799678525902,0.8333062775047213,0.13036344152078427,0.03342474286491007,0.002905538109584356
M3-split,free,0.5 % H2O,model,0.0,48.01702725273211,0.8254551086746195,0.1352426015572234,0.036035775056200606,0.0032665147119567586
M3-split,free,0.5 % H2O,model,0.0,50.048516694508926,0.8172210876653024,0.1402723225835673,0.03883582349937432,0.003670766251756166
M3-split,free,0.5 % H2O,model,0.0,52.165953759205564,0.8085857903061855,0.14545439490282655,0.04183662854030329,0.00412318625068464
M3-split,free,0.5 % H2O,model,0.0,54.372974692097905,0.7995301029781654,0.15079033140697473,0.04505040057511468,0.004629165039745178
M3-split,free,0.5 % H2O,model,0.0,56.67336957959499,0.7900342360815666,0.15628133251925416,0.048489802320413784,0.005194629078765407
M3-split,free,0.5 % H2O,model,0.0,59.07108885790181,0.7800777455627945,0.16192824870133113,0.05216792466155719,0.005826081074317131
M3-split,free,0.5 % H2O,model,0.0,61.57025009704871,0.7696395638303251,0.16773154039695706,0.05609825541598407,0.006530640356733788
M3-split,free,0.5 % H2O,model,0.0,64.17514507193687,0.758698041537558,0.17369123526502236,0.06029464038320273,0.007316082814216743
M3-split,free,0.5 % H2O,model,0.0,66.89024713254423,0.7472310019116196,0.1798068824722161,0.06477123608918178,0.008190879526982503
M3-split,free,0.5 % H2O,model,0.0,69.72021888594699,0.7352158094612704,0.18607750376271498,0.06954245375239443,0.009164233023620223
M3-split,free,0.5 % H2O,model,0.0,72.66992020335023,0.7226294552085472,0.19250154081084328,0.07462289406691718,0.01024610991369242
M3-split,free,0.5 % H2O,model,0.0,75.74441656587685,0.7094486609082254,0.19907679811538023,0.08002727253456175,0.011447268441832647
M3-split,free,0.5 % H2O,model,0.0,78.94898776344854,0.6956500050047185,0.20580038043489918,0.085770335333407,0.012779279226975358
M3-split,free,0.5 % H2O,model,0.0,82.28913696169538,0.6812100735397322,0.2126686232801594,0.0918667659536782,0.014254537226430204
M3-split,free,0.5 % H2O,model,0.0,85.7706001524658,0.666105639942586,0.21967701421511,0.09833108303074022,0.015886262811563818
M3-split,free,0.5 % H2O,model,0.0,89.39935600416594,0.6503138779938471,0.22682010206253747,0.105177530435092,0.017688489508523295
M3-split,free,0.5 % H2O,model,0.0,93.18163612884342,0.6338126140092021,0.2340913893491541,0.11241996051977736,0.019676036121866476
M3-split,free,0.5 % H2O,model,0.0,97.1239357836489,0.6165806251939183,0.24148320192350897,0.12007171214086722,0.02186446074170545
M3-split,free,0.5 % H2O,model,0.0,101.23302502505048,0.5985979926238131,0.24898652752905964,0.12814548567422682,0.024269994172900503
M3-split,free,0.5 % H2O,model,0.0,105.51596033495792,0.579846520698582,0.2565908114572498,0.13665321691616167,0.026909450928006604
M3-split,free,0.5 % H2O,model,0.0,109.98009673872109,0.5603102369369429,0.26428369397669,0.14560595284415295,0.029800116242214073
M3-split,free,0.5 % H2O,model,0.0,114.63310043581247,0.5399759915681654,0.27205066815857853,0.15501373140747243,0.0329596088657837
M3-split,free,0.5 % H2O,model,0.0,119.48296196488577,0.5188341828015927,0.27987462947412156,0.1648854668133376,0.03640572091094814
M3-split,free,0.5 % H2O,model,0.0,124.53800992581655,0.4968796392757216,0.28773528051002656,0.17522884240594713,0.04015623780830487
M3-split,free,0.5 % H2O,model,0.0,129.80692528229133,0.4741127028759205,0.29560834176681927,0.18605021059919974,0.04422874475806042
M3-split,free,0.5 % H2O,model,0.0,135.29875626950604,0.4505405690888913,0.303464504815902,0.19735449599356863,0.04864043010163817
M3-split,free,0.5 % H2O,model,0.0,141.02293393257435,0.42617895709066866,0.311268047126252,0.2091450944680788,0.05340790131500062
M3-split,free,0.5 % H2O,model,0.0,146.9892883223311,0.4010542023780549,0.3189750072796692,0.2214237541937164,0.05854703614855943
M3-split,free,0.5 % H2O,model,0.0,153.20806537634184,0.37520589028476764,0.3265307966834985,0.23419041306353688,0.06407289996819697
M3-split,free,0.5 % H2O,model,0.0,159.68994451410924,0.34869017245640466,0.3338671042198982,0.24744295265200797,0.06999977067168915
M3-split,free,0.5 % H2O,model,0.0,166.4460569766914,0.32158393229854415,0.34089793820348263,0.2611768052459699,0.07634132425200332
M3-split,free,0.5 % H2O,model,0.0,173.48800494222866,0.29398997611950056,0.3475146621968438,0.275384315620686,0.08311104606296967
M3-split,free,0.5 % H2O,model,0.0,180.82788145020223,0.2660434029507189,0.35357995162961636,0.29005370499096983,0.09032294042869493
M3-split,free,0.5 % H2O,model,0.0,188.4782911686432,0.237919210457278,0.35892076943365503,0.30516740945028614,0.0979926106587808
M3-split,free,0.5 % H2O,model,0.0,196.45237203995435,0.20984095821039564,0.36332083240557006,0.32069945356326074,0.10613875582077359
M3-split,free,0.5 % H2O,model,0.0,204.76381784251524,0.1820897991401912,0.3665137771375978,0.3366113726874335,0.1147850510347776
M3-split,free,0.5 % H2O,model,0.0,213.42690170681885,0.15501225639166186,0.36817949614210466,0.35284604157900723,0.1239622058872264
M3-split,free,0.5 % H2O,model,0.0,222.45650062652007,0.12902354276075634,0.3679481223710111,0.36931868212349855,0.133709652744734
M3-split,free,0.5 % H2O,model,0.0,231.86812100648996,0.10460099559882301,0.3654187084717862,0.3859045512917624,0.14407574463762846
M3-split,free,0.5 % H2O,model,0.0,241.67792529175034,0.08225988700404167,0.36020173792202576,0.40242382998084353,0.15511454509308892
M3-split,free,0.5 % H2O,model,0.0,251.90275972301498,0.06250355017177403,0.35199311755023605,0.41862673150170276,0.16687660077628716
M3-split,free,0.5 % H2O,model,0.0,262.5601832665064,0.04574534729726802,0.3406770719671923,0.43418617068927223,0.17939141004626738
M3-split,free,0.5 % H2O,model,0.0,273.668497767724,0.0322152016725974,0.32643296236256486,0.44870968534160777,0.19264215062322998
M3-split,free,0.5 % H2O,model,0.0,285.2467793809492,0.021884466031893292,0.30979483927851625,0.46178148002822506,0.20653921466136543
M3-split,free,0.5 % H2O,model,0.0,297.314911328461,0.01445214454145154,0.2916094741239628,0.4730331187243045,0.22090526261028126
M3-split,free,0.5 % H2O,model,0.0,309.89361804571615,0.009412496164994979,0.2728831640021485,0.4822205322633132,0.23548380756954335
M3-split,free,0.5 % H2O,model,0.0,323.00450077113646,0.006176889443881363,0.2545776061361014,0.48927339390723673,0.2499721105127805
M3-split,free,0.5 % H2O,model,0.0,336.6700746416139,0.004192675180396856,0.23744625389729632,0.4942958742383998,0.264065196683907
M3-split,free,0.5 % H2O,model,0.0,350.91380735744417,0.003015436293417392,0.2219654629923649,0.4975254409841886,0.27749365973002915
M3-split,free,0.5 % H2O,model,0.0,365.7601594830805,0.0023278266680700366,0.20835258598685397,0.4992740420448251,0.29004554530025095
M3-split,free,0.5 % H2O,model,0.0,381.23462645292375,0.0019234722097731835,0.1966296797619456,0.49987410341156757,0.30157274461671363
M3-split,free,0.5 % H2O,model,0.0,397.3637823542767,0.0016778746344391971,0.18669467070817208,0.4996400479349019,0.31198740672248676
M3-split,free,0.5 % H2O,model,0.0,414.1753255626552,0.001520352601461766,0.17837969645067514,0.49884617529086056,0.3212537756570025
M3-split,free,0.5 % H2O,model,0.0,431.6981263078251,0.0014126190158309084,0.1714913297897609,0.49771726372131236,0.32937878747309574
M3-split,free,0.5 % H2O,model,0.0,449.9622762522443,0.0013345336370235435,0.1658349595829695,0.4964275794653065,0.3364029273147003
M3-split,free,0.5 % H2O,model,0.0,468.99914016706043,0.0012755297857987306,0.16122782065315047,0.4951048127919539,0.3423918367690969
M3-split,free,0.5 % H2O,model,0.0,488.8414097943947,0.0012298602990287327,0.15750484688452157,0.49383651759269453,0.3474287752237551
M3-split,free,0.5 % H2O,model,0.0,509.52315998841743,0.0011941415540573763,0.15452041824028534,0.49267748077903534,0.3516079594266218
M3-split,free,0.5 % H2O,model,0.0,531.0799072316224,0.0011661594921069133,0.15214797967949636,0.4916570417977669,0.35502881903062977
M3-split,free,0.5 % H2O,model,0.0,553.5486706267875,0.0011443153783243245,0.15027868666650104,0.49078578272198203,0.35779121523319257
M3-split,free,0.5 % H2O,model,0.0,576.9680354693685,0.0011273734816515811,0.14881969507422707,0.490061282468244,0.3599916489758773
M3-split,free,0.5 % H2O,model,0.0,601.3782195094898,0.00111434296714238,0.14769239861322736,0.4894728152354642,0.36172044318416596
M3-split,free,0.5 % H2O,model,0.0,626.8211420173293,0.0011044170723502277,0.146830747211971,0.48900500061731134,0.3630598350983674
M3-split,free,0.5 % H2O,model,0.0,653.3404957704963,0.0010969365765630353,0.14617968958033503,0.4886404975975648,0.36408287624553703
M3-split,free,0.5 % H2O,model,0.0,680.9818220870363,0.0010913643352424712,0.14569375598719897,0.48836187237091033,0.36485300730664816
M3-split,free,0.5 % H2O,model,0.0,709.7925890329016,0.0010872653833916735,0.14533576494972078,0.488152799098725,0.36542417056816257
M3-split,free,0.5 % H2O,model,0.0,739.822272938202,0.0010842905187401204,0.1450756511049204,0.4879987415251838,0.3658413168511558
M3-split,free,0.5 % H2O,model,0.0,771.1224433622212,0.001082162303670604,0.1448894012244925,0.48788725559102714,0.36614118088080977
M3-split,free,0.5 % H2O,model,0.0,803.7468516531015,0.001080662934656708,0.14475809102191595,0.4878080304856263,0.366353215557801
M3-split,free,0.5 % H2O,model,0.0,837.7515232542927,0.001079623722883639,0.14466702299966777,0.4877527626300622,0.3665005906473865
M3-split,free,0.5 % H2O,model,0.0,873.1948539162647,0.0010789159208264712,0.1446049577513286,0.48771493486291057,0.36660119146493436
M3-split,free,0.5 % H2O,model,0.0,910.1377099787206,0.0010784428389666056,0.14456344294810508,0.48768955397488084,0.36666856023804745
M3-split,free,0.5 % H2O,model,0.0,948.6435328955174,0.0010781330861144355,0.1445362319749429,0.48767288113751633,0.3667127538014263
M3-split,free,0.5 % H2O,model,0.0,988.7784481817904,0.0010779349096009675,0.14451879368826948,0.4876621792025058,0.36674109219962364
M3-split,free,0.5 % H2O,model,0.0,1030.6113789703877,0.0010778115099925826,0.14450790480604284,0.4876554887293334,0.3667587949546311
M3-split,free,0.5 % H2O,model,0.0,1074.214164372607,0.0010777372306852852,0.14450131741254382,0.48765143731439226,0.3667695080423786
M3-split,free,0.5 % H2O,model,0.0,1119.6616828464998,0.0010776945859101523,0.14449749917971771,0.4876490866943343,0.36677571954003785
M3-split,free,0.5 % H2O,model,0.0,1167.0319807846197,0.0010776718894193113,0.14449542585384464,0.48764780854656614,0.36677909371017003
M3-split,free,0.5 % H2O,model,0.0,1216.4064065419916,0.001077661536973664,0.14449443085532235,0.4876471934246151,0.366780714183089
M3-split,free,0.5 % H2O,model,0.0,1267.8697501345325,0.0010776586889971681,0.14449408987859533,0.4876469805083194,0.3667812709240882
M3-split,free,0.5 % H2O,model,0.0,1321.51038884775,0.0010776603356740572,0.14449413897193947,0.48764700746070494,0.36678119323168146
M3-split,free,0.5 % H2O,model,0.0,1377.4204390058364,0.0010776646752091918,0.14449442005146543,0.48764717702219784,0.36678073825112756
M3-split,free,0.5 % H2O,model,0.0,1435.6959141617613,0.0010776706452822664,0.14449483983813666,0.4876474317951476,0.36678005772143346
M3-split,free,0.5 % H2O,model,0.0,1496.4368899799936,0.0010776776373539788,0.14449534481791554,0.48764773884205054,0.3667792387026799
M3-split,free,0.5 % H2O,model,0.0,1559.747676095074,0.0010776853300295298,0.1444959066358654,0.48764808070654175,0.36677832732756327
M3-split,free,0.5 % H2O,model,0.0,1625.7369952410816,0.001077693556693934,0.1444965104952006,0.48764844827595916,0.3667773476721463
M3-split,free,0.5 % H2O,model,0.0,1694.5181699596842,0.00107770222744618,0.14449714831494623,0.48764883656950436,0.36677631288810325
M3-split,free,0.5 % H2O,model,0.0,1766.2093172073767,0.0010777113091393084,0.14449781697966912,0.4876492436622297,0.36677522804896184
M3-split,free,0.5 % H2O,model,0.0,1840.933551196067,0.0010777207990059314,0.1444985160273005,0.48764966926183273,0.3667740939118607
M3-split,free,0.5 % H2O,model,0.0,1918.8191948154297,0.0010777307010112502,0.14449924557682925,0.48765011343291514,0.36677291028924436
M3-split,free,0.5 % H2O,model,0.0,2000.0,0.001077741025798962,0.14450000632295854,0.4876505765939697,0.36677167605727284
M3-split,free,0.5 % H2O,model,1e-06,0.1,0.9998214745684585,0.00017842390401214366,1.0150932373968665e-07,1.8205656772410484e-11
M3-split,free,0.5 % H2O,model,1e-06,0.10423076887097628,0.9998132147599995,0.00018667462724475248,1.1059209168780738e-07,2.066410325542685e-11
M3-split,free,0.5 % H2O,model,1e-06,0.10864053179434878,0.9998045495647132,0.00019532991264038484,1.2049918991041083e-07,2.3456505297975693e-11
M3-split,free,0.5 % H2O,model,1e-06,0.11323686159476715,0.9997954576334832,0.00020441103311386776,1.3130677444508286e-07,2.662855610131636e-11
M3-split,free,0.5 % H2O,model,1e-06,0.11802765148558905,0.9997859164275863,0.00021394044399920844,1.4309818227203694e-07,3.0232253691807985e-11
M3-split,free,0.5 % H2O,model,1e-06,0.12302112862378574,0.9997759021523211,0.00022394184873000578,1.5596462210930347e-07,3.4326779985757935e-11
M3-split,free,0.5 % H2O,model,1e-06,0.12822586823832455,0.9997653896875197,0.00023444026756749736,1.700059331854192e-07,3.897950271712793e-11
M3-split,free,0.5 % H2O,model,1e-06,0.13365080835629065,0.9997543525148473,0.00024546210946689464,1.8533141858449153e-07,4.426711758478266e-11
M3-split,free,0.5 % H2O,model,1e-06,0.13930526515203676,0.99974276264146,0.00025703524750378447,2.02060759260756e-07,5.027695431997749e-11
M3-split,free,0.5 % H2O,model,1e-06,0.1451989489457201,0.9997305905204904,0.0002691890973826508,2.2032501851386616e-07,5.7108464022092665e-11
M3-split,free,0.5 % H2O,model,1e-06,0.15134198087870035,0.9997178049679213,0.0002819546994594581,2.402677443595997e-07,6.487491837571509e-11
M3-split,free,0.5 % H2O,model,1e-06,0.15774491029443527,0.9997043730758498,0.0002953648042653128,2.620461795284017e-07,7.370535035171983e-11
M3-split,free,0.5 % H2O,model,1e-06,0.1644187328547217,0.9996902601224732,0.0003094539611890015,2.8583259085459154e-07,8.374676652666996e-11
M3-split,free,0.5 % H2O,model,1e-06,0.17137490942239292,0.9996754294781018,0.00032425861100426374,3.1181572708295746e-07,9.516667824594195e-11
M3-split,free,0.5 % H2O,model,1e-06,0.17862538574289932,0.999659842508287,0.0003398171811354498,3.402024215825607e-07,1.0815598481428363e-10
M3-split,free,0.5 % H2O,model,1e-06,0.18618261295857116,0.9996434584727365,0.0003561701849823304,3.71219348730359e-07,1.2293227446025554e-10
M3-split,free,0.5 % H2O,model,1e-06,0.19405956899079269,0.9996262344212601,0.0003733603240429135,4.051149533421882e-07,1.397435894764241e-10
M3-split,free,0.5 % H2O,model,1e-06,0.20226978082680583,0.9996081250865299,0.0003914325930289931,4.4216156848168536e-07,1.588727258117389e-10
M3-split,free,0.5 % H2O,model,1e-06,0.21082734774941828,0.9995890827728345,0.0004104343887872252,4.826577360703962e-07,1.8064215376720576e-10
M3-split,free,0.5 % H2O,model,1e-06,0.2197469655495056,0.999569057243092,0.00043041562073055785,5.269307577867181e-07,2.0541962476318117e-10
M3-split,free,0.5 % H2O,model,1e-06,0.22904395176288905,0.9995479956014042,0.0004514288254845375,5.753394866576523e-07,2.3362459622694776e-10
M3-split,free,0.5 % H2O,model,1e-06,0.23873427197492728,0.9995258421746062,0.0004735292822634813,6.282773948999622e-07,2.6573555283028303e-10
M3-split,free,0.5 % H2O,model,1e-06,0.24883456723799433,0.9995025383898581,0.0004967751319125268,6.86175930941858e-07,3.022983917643824e-10
M3-split,free,0.5 % H2O,model,1e-06,0.25936218264892796,0.9994780226515131,0.0005212274963463407,7.495082046451403e-07,3.4393598726201917e-10
M3-split,free,0.5 % H2O,model,1e-06,0.2703351971355234,0.9994522302150736,0.00054695060054659,8.187930206922818e-07,3.913591348638072e-10
M3-split,free,0.5 % H2O,model,1e-06,0.28177245450322547,0.9994250930602137,0.0005740118951082793,8.945992990015952e-07,4.4537905151846033e-10
M3-split,free,0.5 % H2O,model,1e-06,0.2936935957953338,0.9993965397633989,0.0006024821787611528,9.775509181422482e-07,5.069216526671813e-10
M3-split,free,0.5 % H2O,model,1e-06,0.3061190930222936,0.9993664953679491,0.0006324357229978044,1.068332009112716e-06,5.770438918489594e-10
M3-split,free,0.5 % H2O,model,1e-06,0.3190702843179958,0.9993348812568346,0.0006639503934518827,1.1676927610909573e-06,6.569523951336158e-10
M3-split,free,0.5 % H2O,model,1e-06,0.33256941058345696,0.9993016150222604,0.0006971077739578237,1.2764557569811136e-06,7.480247996361779e-10
M3-split,free,0.5 % H2O,model,1e-06,0.34663965368081123,0.9992666103390985,0.0007319932861526055,1.3955229148001955e-06,8.518340948185387e-10
M3-split,free,0.5 % H2O,model,1e-06,0.36130517624319886,0.9992297768376804,0.0007686963090768462,1.5258830662813133e-06,9.70176458633748e-10
M3-split,free,0.5 % H2O,model,1e-06,0.37659116316892216,0.9991910199786495,0.0008073102960092591,1.66862023823059e-06,1.105103054402777e-09
M3-split,free,0.5 % H2O,model,1e-06,0.39252386487112034,0.9991502409304986,0.0008479328878462888,1.8249226985861528e-06,1.2589563468953799e-09
M3-split,free,0.5 % H2O,model,1e-06,0.4091306423572408,0.9991073364492212,0.0008906660235389043,1.996092828271433e-06,1.4344115903083041e-09
M3-split,free,0.5 % H2O,model,1e-06,0.4264400142157162,0.9990621987609944,0.0009356160465893425,2.183557891956703e-06,1.634524210116577e-09
M3-split,free,0.5 % H2O,model,1e-06,0.44448170559054145,0.9990147154477115,0.0009828938077231523,2.3888817815155542e-06,1.862783915612321e-09
M3-split,free,0.5 % H2O,model,1e-06,0.46328669922785054,0.9989647693374405,0.0010326147615601316,2.613777822822073e-06,2.1231764641011686e-09
M3-split,free,0.5 % H2O,model,1e-06,0.4828872886821559,0.9989122383962149,0.0010848990608139189,2.8601227169010573e-06,2.420254200883156e-09
M3-split,free,0.5 % H2O,model,1e-06,0.503317133773622,0.998856995624412,0.0011398716446463413,3.12997172525456e-06,2.7592165570207013e-09
M3-split,free,0.5 % H2O,model,1e-06,0.5246113183916065,0.9987989089568632,0.0011976623219364109,3.425575198523584e-06,3.1460019056139275e-09
M3-split,free,0.5 % H2O,model,1e-06,0.5468064107437368,0.9987378411655269,0.001258405850526256,3.749396554400189e-06,3.587392370460139e-09
M3-split,free,0.5 % H2O,model,1e-06,0.5699405261539854,0.9986736497639749,0.0013222420130698225,4.10413182193288e-06,4.091133389056429e-09
M3-split,free,0.5 % H2O,model,1e-06,0.5940533925175866,0.9986061869157147,0.0013893156873221052,4.492730893332142e-06,4.6660700364544685e-09
M3-split,free,0.5 % H2O,model,1e-06,0.6191864185251992,0.9985352993403389,0.0014597769167626932,4.918420595893203e-06,5.3223024987522875e-09
M3-split,free,0.5 % H2O,model,1e-06,0.6453827647734762,0.9984608282193312,0.001533780979558248,5.384729747010752e-06,6.071363290948172e-09
M3-split,free,0.5 % H2O,model,1e-06,0.6726874178841584,0.9983826090998124,0.0016114884574173873,5.8955163510748754e-06,6.926419213640271e-09
M3-split,free,0.5 % H2O,model,1e-06,0.7011472677589756,0.9983004717938694,0.0016930653065213108,6.4549971079493814e-06,7.902501451160052e-09
M3-split,free,0.5 % H2O,model,1e-06,0.7308111881030229,0.9982142402704798,0.0017786829333377545,7.067779414820035e-06,9.016767675129372e-09
M3-split,free,0.5 % H2O,model,1e-06,0.7617301203548975,0.9981237325396104,0.001868518275515731,7.738896073367353e-06,1.0288800495433584e-08
M3-split,free,0.5 % H2O,model,1e-06,0.7939571611677227,0.9980287605226293,0.0019627538935192515,8.473842904187239e-06,1.1740947256355443e-08
M3-split,free,0.5 % H2O,model,1e-06,0.8275476535912937,0.9979291299063419,0.0020615780754448866,9.278619506453886e-06,1.3398706791577174e-08
M3-split,free,0.5 % H2O,model,1e-06,0.8625592821119288,0.9978246399783031,0.0021651849571033073,1.0159773424083018e-05,1.529116949384055e-08
M3-split,free,0.5 % H2O,model,1e-06,0.8990521717132368,0.99771508343955,0.002273774660937053,1.1124447995188622e-05,1.7451517921670266e-08
M3-split,free,0.5 % H2O,model,1e-06,0.9370889911279167,0.9976002461908752,0.002387553457341499,1.2180434187009497e-05,1.991759612509357e-08
M3-split,free,0.5 % H2O,model,1e-06,0.9767350604579019,0.9974799070901378,0.002506733950552358,1.3336226753134175e-05,2.273255694100002e-08
M3-split,free,0.5 % H2O,model,1e-06,1.0180584633476666,0.9973538376709534,0.0026315352984074354,1.4601085041204037e-05,2.5945597835806108e-08
M3-split,free,0.5 % H2O,model,1e-06,1.0611301639033188,0.9972218018226445,0.002762183465696415,1.598509886188543e-05,2.9612797139916184e-08
M3-split,free,0.5 % H2O,model,1e-06,1.1060241285582797,0.9970835554282889,0.002898911513798289,1.7499259848783187e-05,3.379806413854081e-08
M3-split,free,0.5 % H2O,model,1e-06,1.1528174530948103,0.9969388459575318,0.0030419599294739673,1.915553877580248e-05,3.857421827728116e-08
M3-split,free,0.5 % H2O,model,1e-06,1.2015904950395269,0.9967874120125266,0.003191576993910377,2.0966969348163118e-05,4.402421474636209e-08
M3-split,free,0.5 % H2O,model,1e-06,1.2524270116602694,0.996628982813808,0.003348019204692075,2.2947738964016967e-05,5.024253615082841e-08
M3-split,free,0.5 % H2O,model,1e-06,1.3054143038012902,0.9964632776324382,0.0035115517436934917,2.5113287095965272e-05,5.733677231638164e-08
M3-split,free,0.5 % H2O,model,1e-06,1.3606433658037873,0.9962900051726722,0.003682448985932538,2.748041198204444e-05,6.5429413253716e-08
M3-split,free,0.5 % H2O,model,1e-06,1.4182090417692177,0.9961088628915309,0.003860995062311372,3.0067386273946692e-05,7.465988385973895e-08
M3-split,free,0.5 % H2O,model,1e-06,1.4782101884337602,0.9959195362656088,0.004047484465060153,3.289408247872675e-05,8.518685239845806e-08
M3-split,free,0.5 % H2O,model,1e-06,1.540749844933616,0.9957216979937936,0.004242222706381472,3.5982108975652025e-05,9.719084933113686e-08
M3-split,free,0.5 % H2O,model,1e-06,1.6059354097526826,0.9955150071471301,0.004445527018051265,3.935495758096569e-05,1.1087723760329175e-07
M3-split,free,0.5 % H2O,model,1e-06,1.6738788251564845,0.9952991082746292,0.004657727082095626,4.3038163694294316e-05,1.2647958099151524e-07
M3-split,free,0.5 % H2O,model,1e-06,1.7446967694290683,0.9950736304495171,0.004879165807009919,4.7059480009357686e-05,1.4426346356285245e-07
M3-split,free,0.5 % H2O,model,1e-06,1.8185108572430024,0.9948381862704055,0.005110200133757466,5.144906501692343e-05,1.6453081990320204e-07
M3-split,free,0.5 % H2O,model,1e-06,1.895447848506563,0.9945923708172933,0.005351201870320008,5.623968754295134e-05,1.876248438180333e-07
M3-split,free,0.5 % H2O,model,1e-06,1.9756398660467678,0.9943357605784251,0.005602558537271454,6.146694875146736e-05,2.1393555194528115e-07
M3-split,free,0.5 % H2O,model,1e-06,2.0592246225020725,0.9940679123393279,0.005864674231565879,6.716952301705899e-05,2.439060890645314e-07
M3-split,free,0.5 % H2O,model,1e-06,2.1463456568143684,0.9937883620263828,0.006137970514550836,7.338941919316457e-05,2.7803987321216787e-07
M3-split,free,0.5 % H2O,model,1e-06,2.2371525807264225,0.993496623540269,0.006422887286886819,8.017226415285046e-05,3.1690869110870356e-07
M3-split,free,0.5 % H2O,model,1e-06,2.3318013357080383,0.9931921875631395,0.006719883664645748,8.756761034527669e-05,3.6116186950223007e-07
M3-split,free,0.5 % H2O,model,1e-06,2.4304544607521823,0.9928745203306324,0.007029438863407632,9.56292692955352e-05,4.1153666432849315e-07
M3-split,free,0.5 % H2O,model,1e-06,2.533281371500941,0.9925430623853263,0.007352053071387356,0.00010441567325845746,4.688700278168361e-07
M3-split,free,0.5 % H2O,model,1e-06,2.640458651180643,0.9921972273080841,0.007688248312673809,0.00011399026730736759,5.341119348274662e-07
M3-split,free,0.5 % H2O,model,1e-06,2.7521703538457944,0.9918364004274614,0.008038569297726865,0.00012442193433838828,6.083404733212313e-07
M3-split,free,0.5 % H2O,model,1e-06,2.868608320452539,0.9914599374859878,0.008403584279525547,0.00013578545555588905,6.927789306861066e-07
M3-split,free,0.5 % H2O,model,1e-06,2.9899725083044815,0.9910671632723752,0.008783885903120762,0.0001481620093665711,7.888151374341803e-07
M3-split,free,0.5 % H2O,model,1e-06,3.1164713344365755,0.9906573702261513,0.009180092038661582,0.00016163971182332534,8.980233638687844e-07
M3-split,free,0.5 % H2O,model,1e-06,3.2483220335268164,0.9902298169840921,0.009592846624985205,0.00017631420181884552,1.022189104009617e-06
M3-split,free,0.5 % H2O,model,1e-06,3.385751030950334,0.9897837268531433,0.01002282053517204,0.00019228927456055333,1.1633371240834098e-06
M3-split,free,0.5 % H2O,model,1e-06,3.528994331616538,0.9893182862379337,0.010470712431521197,0.00020967756734378414,1.323763201323401e-06
M3-split,free,0.5 % H2O,model,1e-06,3.678297925257089,0.9888326429949472,0.010937249633348273,0.00022860130166989535,1.5060700344636203e-06
M3-split,free,0.5 % H2O,model,1e-06,3.833918208860631,0.9883259046735222,0.011423189032587435,0.0002491930860209383,1.7132078693994199e-06
M3-split,free,0.5 % H2O,model,1e-06,3.9961224269797992,0.9877971366776472,0.01192931801763082,0.0002715967842696133,1.948520452581543e-06
M3-split,free,0.5 % H2O,model,1e-06,4.165189130666562,0.9872453603302198,0.012456455417945768,0.00029596845483015707,2.215797004192467e-06
M3-split,free,0.5 % H2O,model,1e-06,4.341408655824089,0.9866695508108969,0.013005452492116744,0.0003224773659941985,2.51933099205774e-06
M3-split,free,0.5 % H2O,model,1e-06,4.525083621796566,0.9860686349665336,0.0135771939534654,0.000351307093414217,2.8639865867270896e-06
M3-split,free,0.5 % H2O,model,1e-06,4.716529451053179,0.9854414889921838,0.014172599027899484,0.0003826567061261141,3.255273790750114e-06
M3-split,free,0.5 % H2O,model,1e-06,4.916074910858767,0.9847869359855386,0.014792622533119026,0.0004167420479805864,3.699433361917692e-06
M3-split,free,0.5 % H2O,model,1e-06,5.124062677861254,0.9841037433361746,0.0154382560093681,0.00045379712166411534,4.203532793239766e-06
M3-split,free,0.5 % H2O,model,1e-06,5.34084992656552,0.9833906199581528,0.016110528883891077,0.0004940755831842468,4.775574771893976e-06
M3-split,free,0.5 % H2O,model,1e-06,5.566808942704215,0.9826462133613467,0.016810509663752263,0.0005378523551811765,5.424619719815398e-06
M3-split,free,0.5 % H2O,model,1e-06,5.802327762558867,0.9818691065585191,0.017539307149257444,0.000585425368002089,6.160924221229291e-06
M3-split,free,0.5 % H2O,model,1e-06,6.047810839329224,0.9810578147843894,0.018298071680254817,0.0006371174379855777,6.996097370156703e-06
M3-split,free,0.5 % H2O,model,1e-06,6.303679737695092,0.9802107820138878,0.019087996415720673,0.0006932782930655334,7.943277326087557e-06
M3-split,free,0.5 % H2O,model,1e-06,6.570373857763537,0.9793263772875921,0.01991031862523407,0.0007542867565217278,9.017330652147676e-06
M3-split,free,0.5 % H2O,model,1e-06,6.848351189644559,0.9784028908321294,0.020766320990223738,0.0008205531003145872,1.023507733226644e-05
M3-split,free,0.5 % H2O,model,1e-06,7.138089099951173,0.9774385299546517,0.02165733292051328,0.000892521580110634,1.1615544724492231e-05
M3-split,free,0.5 % H2O,model,1e-06,7.440085151574459,0.9764314146986954,0.02258473188233888,0.0009706731648543118,1.3180254111316276e-05
M3-split,free,0.5 % H2O,model,1e-06,7.7548579581413986,0.9753795732504005,0.023549944731152617,0.001055528474486708,1.4953543960007828e-05
M3-split,free,0.5 % H2O,model,1e-06,8.082948074622873,0.9742809370858858,0.024554449039426225,0.0011476509401758877,1.6962934511999906e-05
M3-split,free,0.5 % H2O,model,1e-06,8.424918925621194,0.973133335847063,0.025599774411861228,0.0012476502021905535,1.923953888525638e-05
M3-split,free,0.5 % H2O,model,1e-06,8.781357772931367,0.9719344919230799,0.02668750378910171,0.0013561857613236788,2.1818526494804842e-05
M3-split,free,0.5 % H2O,model,1e-06,9.1528767240376,0.9706820147212883,0.027819274732925104,0.0014739709004034946,2.4739645382962226e-05
M3-split,free,0.5 % H2O,model,1e-06,9.540113783277015,0.9693733946091784,0.02899678068657772,0.0016017768936300355,2.8047810613913837e-05
M3-split,free,0.5 % H2O,model,1e-06,9.943733947475618,0.9680059965190009,0.030221772192448676,0.0017404375212986753,3.1793767251798586e-05
M3-split,free,0.5 % H2O,model,1e-06,10.36443034793812,0.9665770531834769,0.03149605807010569,0.0018908539099077326,3.603483650962471e-05
M3-split,free,0.5 % H2O,model,1e-06,10.802925440752704,0.9650836579948723,0.032821506533132296,0.002053999716058923,4.083575593639814e-05
M3-split,free,0.5 % H2O,model,1e-06,11.259972247454842,0.9635227574566058,0.03420004624368485,0.002230926674931917,4.626962477749876e-05
M3-split,free,0.5 % H2O,model,1e-06,11.736355648180727,0.9618911432107499,0.03563366728799422,0.002422770533844369,5.241896741157111e-05
M3-split,free,0.5 % H2O,model,1e-06,12.23289372953102,0.9601854436218203,0.037124422056949075,0.0026307573922165726,5.937692901397858e-05
M3-split,free,0.5 % H2O,model,1e-06,12.750439189459637,0.9584021148866089,0.03867442602462764,0.002856210469237354,6.724861952618615e-05
M3-split,free,0.5 % H2O,model,1e-06,13.289880801600054,0.9565374316593462,0.040285858396566156,0.003100557320503133,7.615262358460072e-05
M3-split,free,0.5 % H2O,model,1e-06,13.852144941543997,0.9545874771572672,0.04196096262096411,0.0033653375255120344,8.622269625680755e-05
M3-split,free,0.5 % H2O,model,1e-06,14.438197177693354,0.9525481327321176,0.043702046734816126,0.0036522108667954947,9.760966627058717e-05
M3-split,free,0.5 % H2O,model,1e-06,15.049043929417392,0.9504150668814358,0.04551148352575213,0.0039629660214201955,0.00011048357139193513
M3-split,free,0.5 % H2O,model,1e-06,15.685734195362725,0.9481837236748112,0.047391710488159,0.004299529784356879,0.00012503605267301032
M3-split,free,0.5 % H2O,model,1e-06,16.34936135488421,0.945849310576877,0.049345229543719005,0.0046639768418732215,0.00014148303753077355
M3-split,free,0.5 % H2O,model,1e-06,17.041065045690072,0.9434067856431253,0.05137460650057234,0.0050585401115571605,0.0001600677447452151
M3-split,free,0.5 % H2O,model,1e-06,17.762033120925942,0.9408508440726718,0.05348247021693129,0.005485621662766469,0.00018106404763030735
M3-split,free,0.5 % H2O,model,1e-06,18.51350368905859,0.9381759040985241,0.05567151143758451,0.005947804228574641,0.00020478023531664172
M3-split,free,0.5 % H2O,model,1e-06,19.29676724006232,0.9353760922029613,0.057944481263346906,0.006447863316849545,0.00023156321684231424
M3-split,free,0.5 % H2O,model,1e-06,20.113168861559622,0.9324452276434037,0.060304189218564515,0.006988779922694745,0.00026180321533715166
M3-split,free,0.5 % H2O,model,1e-06,20.964110548721372,0.9293768062873229,0.06275350086705359,0.007573753839864697,0.0002959390057588376
M3-split,free,0.5 % H2O,model,1e-06,21.851053611893725,0.926163983749002,0.06529533493511683,0.008206217561919518,0.0003344637539614933
M3-split,free,0.5 % H2O,model,1e-06,22.77552118608608,0.922799557839624,0.06793265988730186,0.008889850755113381,0.0003779315179608085
M3-split,free,0.5 % H2O,model,1e-06,23.739100846629615,0.9192759503384006,0.07066848990216174,0.009628595277918522,0.00042696448151922814
M3-split,free,0.5 % H2O,model,1e-06,24.74344733549848,0.915585188112505,0.07350588018760688,0.010426670708983912,0.0004822609909041709
M3-split,free,0.5 % H2O,model,1e-06,25.79028540297515,0.9117188836150112,0.0764479215752145,0.011288590334846856,0.0005446044749275261
M3-split,free,0.5 % H2O,model,1e-06,26.88141276954016,0.9076682148098247,0.07949773433065502,0.012219177532491394,0.0006148733270289202
M3-split,free,0.5 % H2O,model,1e-06,28.01870321307253,0.9034239045854888,0.08265846109593786,0.013223582469124204,0.000694051849449334
M3-split,free,0.5 % H2O,model,1e-06,29.204109786662425,0.8989761997382423,0.08593325891055768,0.014307299016788873,0.0007832423344113326
M3-split,free,0.5 % H2O,model,1e-06,30.439668172562268,0.8943148496249869,0.08932529020551774,0.015476181766836326,0.0008836784026590846
M3-split,free,0.5 % H2O,model,1e-06,31.727500178035505,0.8894290846135507,0.0928377127081983,0.01673646299688805,0.0009967396813629467
M3-split,free,0.5 % H2O,model,1e-06,33.069817379106794,0.884307594478144,0.09647366816935364,0.018094769423989947,0.0011239679285123905
M3-split,free,0.5 % H2O,model,1e-06,34.46892491847074,0.8789385069321534,0.10023626980387271,0.019558138544437928,0.0012670847195359383
M3-split,free,0.5 % H2O,model,1e-06,35.92722546408158,0.8733093665113154,0.10412858837870201,0.021134034330323535,0.001428010779658866
M3-split,free,0.5 % H2O,model,1e-06,37.4472233352214,0.8674071140758738,0.10815363683086873,0.022830362017905424,0.0016088870753522078
M3-split,free,0.5 % H2O,model,1e-06,39.03152880313289,0.8612180672271869,0.11231435335129977,0.024655481690200296,0.00181209773131313
M3-split,free,0.5 % H2O,model,1e-06,40.68286257360202,0.8547279020204149,0.11661358278477868,0.026618220303399713,0.0020402948914069233
M3-split,free,0.5 % H2O,model,1e-06,42.404060459188024,0.8479216363701864,0.12105405630360594,0.028727881782020227,0.002296425544187609
M3-split,free,0.5 % H2O,model,1e-06,44.1980782491253,0.8407836156405297,0.12563836923749735,0.03099425475363138,0.0025837603683416957
M3-split,free,0.5 % H2O,model,1e-06,46.06799678525902,0.8332975009750365,0.1303689569667526,0.03342761745230342,0.002905924605907515
M3-split,free,0.5 % H2O,model,1e-06,48.01702725273211,0.825446261006364,0.1352480687892078,0.036038739273342266,0.0032669309310859795
M3-split,free,0.5 % H2O,model,1e-06,50.048516694508926,0.8172121676602848,0.14027773968752194,0.03883887842941136,0.0036712142227816316
M3-split,free,0.5 % H2O,model,1e-06,52.165953759205564,0.808576796872835,0.14545975991354826,0.04183977511644175,0.004123668097174976
M3-split,free,0.5 % H2O,model,1e-06,54.372974692097905,0.7995210351572204,0.15079564229886358,0.04505363955811934,0.004629682985796661
M3-split,free,0.5 % H2O,model,1e-06,56.67336957959499,0.7900250930632048,0.15628658721054242,0.048493134282356874,0.0051951854438958694
M3-split,free,0.5 % H2O,model,1e-06,59.07108885790181,0.7800685267099762,0.16193344505271215,0.05217134996597778,0.005826678271333851
M3-split,free,0.5 % H2O,model,1e-06,61.57025009704871,0.7696302686984168,0.16773667621625957,0.05610177420168418,0.006531280883639479
M3-split,free,0.5 % H2O,model,1e-06,64.17514507193687,0.7586886699003302,0.1736963083078914,0.06029825254486649,0.0073167692469119534
M3-split,free,0.5 % H2O,model,1e-06,66.89024713254423,0.7472215538073214,0.17981189042684836,0.0647749412451938,0.008191614520636275
M3-split,free,0.5 % H2O,model,1e-06,69.72021888594699,0.7352062851806322,0.18608244428872311,0.06954625125686852,0.009165019273776007
M3-split,free,0.5 % H2O,model,1e-06,72.66992020335023,0.7226198553407375,0.19250641152526124,0.074626782982879,0.010246950151122312
M3-split,free,0.5 % H2O,model,1e-06,75.74441656587685,0.7094389863914904,0.19908159657708385,0.08003125160674733,0.011448165424678422
M3-split,free,0.5 % H2O,model,1e-06,78.94898776344854,0.6956402571748221,0.20580510413523453,0.08577440296679076,0.012780235723152728
M3-split,free,0.5 % H2O,model,1e-06,82.28913696169538,0.6812002541693788,0.2126732696425962,0.0918709202042785,0.01425555598374652
M3-split,free,0.5 % H2O,model,1e-06,85.7706001524658,0.6660957512569037,0.21968158060671297,0.09833532161926993,0.01588734651711354
M3-split,free,0.5 % H2O,model,1e-06,89.39935600416594,0.6503039227073476,0.2268245857888045,0.10518185075384474,0.017689640750003163
M3-split,free,0.5 % H2O,model,1e-06,93.18163612884342,0.6338025954129065,0.23409578761119296,0.11242435961089407,0.019677257365006542
M3-split,free,0.5 % H2O,model,1e-06,97.1239357836489,0.6165705471940539,0.24148751179748335,0.12007618671967309,0.0218657542887897
M3-split,free,0.5 % H2O,model,1e-06,101.23302502505048,0.5985878598635157,0.24899074589593523,0.1281500321078747,0.02427136213267431
M3-split,free,0.5 % H2O,model,1e-06,105.51596033495792,0.5798363387810888,0.2565949348775284,0.13665783115057908,0.026910895190803794
M3-split,free,0.5 % H2O,model,1e-06,109.98009673872109,0.5603000122373115,0.2642877187605544,0.14561063063342972,0.02980163836870444
M3-split,free,0.5 % H2O,model,1e-06,114.63310043581247,0.5399657315087967,0.27205459017275696,0.15501846824345372,0.0329612100749927
M3-split,free,0.5 % H2O,model,1e-06,119.48296196488577,0.5188238960074023,0.27987844397913014,0.16489025795878046,0.03640740205468713
M3-split,free,0.5 % H2O,model,1e-06,124.53800992581655,0.49686933572719405,0.2877389819659718,0.1752336829678618,0.04015799933897222
M3-split,free,0.5 % H2O,model,1e-06,129.80692528229133,0.47410239446409697,0.29561192347755,0.18605509537415862,0.04423058668419439
M3-split,free,0.5 % H2O,model,1e-06,135.29875626950604,0.4505302696328371,0.3034679586770176,0.197359419707604,0.04864235198254142
M3-split,free,0.5 % H2O,model,1e-06,141.02293393257435,0.4261686828073497,0.31127136314784215,0.20915005176511464,0.053409902279693534
M3-split,free,0.5 % H2O,model,1e-06,146.9892883223311,0.4010439724412015,0.3189781729831835,0.2214287396440406,0.058549114931574456
M3-split,free,0.5 % H2O,model,1e-06,153.20806537634184,0.3751957274734489,0.32653379650790415,0.23419542107191668,0.06407505494673034
M3-split,free,0.5 % H2O,model,1e-06,159.68994451410924,0.34868010396992205,0.33386991853263825,0.24744797747382027,0.07000200002361938
M3-split,free,0.5 % H2O,model,1e-06,166.4460569766914,0.32157399075127663,0.34090054212029086,0.2611818409546131,0.07634362617381932
M3-split,free,0.5 % H2O,model,1e-06,173.48800494222866,0.29398020107873585,0.34751702396750456,0.2753893558822416,0.08311341907151798
M3-split,free,0.5 % H2O,model,1e-06,180.82788145020223,0.26603384159900795,0.3535820325476148,0.29005874241301227,0.09032538344036493
M3-split,free,0.5 % H2O,model,1e-06,188.4782911686432,0.2379099200690498,0.35892252079362374,0.30517243541836253,0.09799512371896396
M3-split,free,0.5 % H2O,model,1e-06,196.45237203995435,0.209832007150797,0.36332219529875875,0.32070445714008994,0.10614134041035435
M3-split,free,0.5 % H2O,model,1e-06,204.76381784251524,0.18208126849533882,0.36651468137848936,0.3366163394315647,0.11478771069460728
M3-split,free,0.5 % H2O,model,1e-06,213.42690170681885,0.15500423981410377,0.3681798620162279,0.3528509516340701,0.12396494653559814
M3-split,free,0.5 % H2O,model,1e-06,222.45650062652007,0.12901614379766002,0.3679478656396399,0.3693235080491782,0.13371248251352205
M3-split,free,0.5 % H2O,model,1e-06,231.86812100648996,0.10459432489294984,0.3654177463449006,0.3859092547275606,0.1440786740345889
M3-split,free,0.5 % H2O,model,1e-06,241.67792529175034,0.08225405105978284,0.3602000073273239,0.40242835615299655,0.15511758545989685
M3-split,free,0.5 % H2O,model,1e-06,251.90275972301498,0.06249863165594487,0.3519905968340868,0.4186310126068107,0.16687975890315773
M3-split,free,0.5 % H2O,model,1e-06,262.5601832665064,0.04574138665439705,0.3406738047632011,0.4341901241373186,0.1793946844450833
M3-split,free,0.5 % H2O,model,1e-06,273.668497767724,0.0322121762942656,0.3264290775480288,0.4487132215063241,0.19264552465138154
M3-split,free,0.5 % H2O,model,1e-06,285.2467793809492,0.021882285127999328,0.3097905436610121,0.4617845188522671,0.20654265235872135
M3-split,free,0.5 % H2O,model,1e-06,297.314911328461,0.01445066397690727,0.2916050188739877,0.47303560709024384,0.22090871005886115
M3-split,free,0.5 % H2O,model,1e-06,309.89361804571615,0.009411547072010725,0.2728787962708066,0.4822224573417537,0.23548719931542902
M3-split,free,0.5 % H2O,model,1e-06,323.00450077113646,0.0061763104006163925,0.25457352417420204,0.4892747854047694,0.24997538002041217
M3-split,free,0.5 % H2O,model,1e-06,336.6700746416139,0.004192335091996915,0.237442582283033,0.4942967964637578,0.2640682861612123
M3-split,free,0.5 % H2O,model,1e-06,350.91380735744417,0.003015241052617061,0.22196225587086152,0.4975259767648308,0.27749652631169064
M3-split,free,0.5 % H2O,model,1e-06,365.7601594830805,0.002327714839035218,0.20834984433094308,0.49927427884075565,0.2900481619892659
M3-split,free,0.5 % H2O,model,1e-06,381.23462645292375,0.0019234065197322023,0.19662737241281414,0.49987412189823394,0.3015750991692199
M3-split,free,0.5 % H2O,model,1e-06,397.3637823542767,0.001677833972834399,0.18669274978877903,0.4996399173706927,0.31198949886769395
M3-split,free,0.5 % H2O,model,1e-06,414.1753255626552,0.0015203256313634295,0.1783781086244473,0.49884595146573774,0.32125561427845145
M3-split,free,0.5 % H2O,model,1e-06,431.6981263078251,0.0014125998262338418,0.17149002302211172,0.49771698916572454,0.32938038798592995
M3-split,free,0.5 % H2O,model,1e-06,449.9622762522443,0.0013345191839771475,0.1658338864395751,0.496427284901917,0.33640430947453065
M3-split,free,0.5 % H2O,model,1e-06,468.99914016706043,0.0012755184523378467,0.16122693956635054,0.4951045191342676,0.3423930228470439
M3-split,free,0.5 % H2O,model,1e-06,488.8414097943947,0.001229851188832851,0.15750412230065688,0.49383623792538817,0.347429788585122
M3-split,free,0.5 % H2O,model,1e-06,509.52315998841743,0.0011941341050765609,0.15451982020783114,0.49267722234171596,0.3516088233453763
M3-split,free,0.5 % H2O,model,1e-06,531.0799072316224,0.0011661533221417894,0.15214748327423777,0.4916568075659292,0.35502955583769114
M3-split,free,0.5 % H2O,model,1e-06,553.5486706267875,0.001144310198031412,0.1502782712005966,0.4907855729371209,0.357791845664251
M3-split,free,0.5 % H2O,model,1e-06,576.9680354693685,0.0011273690753827736,0.14881934370791772,0.4900610954255501,0.35999219179114944
M3-split,free,0.5 % H2O,model,1e-06,601.3782195094898,0.001114339163507821,0.1476920975989724,0.48947264832741455,0.36172091491010533
M3-split,free,0.5 % H2O,model,1e-06,626.8211420173293,0.0011044137248723631,0.14683048488407338,0.4890048511788618,0.36306025021219257
M3-split,free,0.5 % H2O,model,1e-06,653.3404957704963,0.0010969335874684379,0.14617945759636228,0.48864036226064067,0.36408324655552865
M3-split,free,0.5 % H2O,model,1e-06,680.9818220870363,0.001091361609649578,0.14569354649342595,0.4883617485778797,0.36485334331904484
M3-split,free,0.5 % H2O,model,1e-06,709.7925890329016,0.0010872628609097119,0.1453355728237627,0.48815268426265573,0.3654244800526718
M3-split,free,0.5 % H2O,model,1e-06,739.822272938202,0.0010842881444277825,0.14507547167203946,0.48799863355952944,0.3658416066240034
M3-split,free,0.5 % H2O,model,1e-06,771.1224433622212,0.0010821600393783155,0.1448892312483943,0.4878871528287561,0.36614145588347136
M3-split,free,0.5 % H2O,model,1e-06,803.7468516531015,0.0010806607479151246,0.14475792771319707,0.4878079314885329,0.3663534800503549
M3-split,free,0.5 % H2O,model,1e-06,837.7515232542927,0.0010796215925131206,0.14466686455193842,0.4877526664095692,0.36650084744597927
M3-split,free,0.5 % H2O,model,1e-06,873.1948539162647,0.0010789138278659567,0.14460480252574373,0.4877148405082789,0.3666014431381114
M3-split,free,0.5 % H2O,model,1e-06,910.1377099787206,0.0010784407741289974,0.1445632901524214,0.4876894610263978,0.36666880804705193
M3-split,free,0.5 % H2O,model,1e-06,948.6435328955174,0.0010781310371017739,0.14453608054284706,0.4876727889926341,0.36671299942741714
M3-split,free,0.5 % H2O,model,1e-06,988.7784481817904,0.0010779328769183528,0.14451864367172282,0.48766208787796833,0.3667413355733905
M3-split,free,0.5 % H2O,model,1e-06,1030.6113789703877,0.0010778094804503096,0.14450775505706095,0.48765539757062054,0.3667590378918682
M3-split,free,0.5 % H2O,model,1e-06,1074.214164372607,0.0010777352106807001,0.14450116849335187,0.4876513466419103,0.3667697496540572
M3-split,free,0.5 % H2O,model,1e-06,1119.6616828464998,0.0010776925661147804,0.14449735027663577,0.48764899603496425,0.36677596112228517
M3-split,free,0.5 % H2O,model,1e-06,1167.0319807846197,0.0010776698705542154,0.1444952770309227,0.48764771793100953,0.36677933516751365
M3-split,free,0.5 % H2O,model,1e-06,1216.4064065419916,0.0010776595228034972,0.14449428244320653,0.4876471030593253,0.36678095497466473
M3-split,free,0.5 % H2O,model,1e-06,1267.8697501345325,0.0010776566712504437,0.14449394115342865,0.48764688995186084,0.3667815122234601
M3-split,free,0.5 % H2O,model,1e-06,1321.51038884775,0.0010776583203511642,0.14449399045965822,0.4876469170337241,0.36678143418626663
M3-split,free,0.5 % H2O,model,1e-06,1377.4204390058364,0.0010776626622773795,0.1444942717492015,0.48764708672528334,0.36678097886323774
M3-split,free,0.5 % H2O,model,1e-06,1435.6959141617613,0.001077668627963697,0.14449469115249317,0.48764734126319126,0.3667802989563518
M3-split,free,0.5 % H2O,model,1e-06,1496.4368899799936,0.001077675620765667,0.14449519619728662,0.4876476483505848,0.3667794798313629
M3-split,free,0.5 % H2O,model,1e-06,1559.747676095074,0.0010776833182734047,0.14449575843942625,0.4876479904769423,0.36677856776535794
M3-split,free,0.5 % H2O,model,1e-06,1625.7369952410816,0.001077691541568614,0.14449636200454383,0.487648357866031,0.3667775885878566
M3-split,free,0.5 % H2O,model,1e-06,1694.5181699596842,0.0010777002092912916,0.14449699956024956,0.4876487459980899,0.36677655423236927
M3-split,free,0.5 % H2O,model,1e-06,1766.2093172073767,0.0010777092933351455,0.1444976684320664,0.48764915321943625,0.36677546905516223
M3-split,free,0.5 % H2O,model,1e-06,1840.933551196067,0.0010777187871762457,0.14449836782887845,0.4876495790347849,0.3667743343491604
M3-split,free,0.5 % H2O,model,1e-06,1918.8191948154297,0.0010777286903586403,0.14449909748264764,0.48765002327065166,0.36677315055634213
M3-split,free,0.5 % H2O,model,1e-06,2000.0,0.0010777390129881495,0.14449985804125814,0.4876504863175158,0.36677191662823794
M3-split,free,0.5 % H2O,measured,,19.863611111111112,0.9299932391087324,0.0602067459778262,-0.0127888361282447,0.0225283334121302
M3-split,free,2 % H2O,model,0.0,0.1,0.9992609801178731,0.0007372789539324427,1.739631969807555e-06,1.29622468079513e-09
M3-split,free,2 % H2O,model,0.0,0.10423076887097628,0.9992266644195903,0.000771438719449733,1.8953896188983084e-06,1.471340979681053e-09
M3-split,free,2 % H2O,model,0.0,0.10864053179434878,0.9991906561060957,0.0008072769301974944,2.065293449732081e-06,1.6702572600952841e-09
M3-split,free,2 % H2O,model,0.0,0.11323686159476715,0.9991528655549398,0.0008448818976812232,2.250651147359286e-06,1.896231713735532e-09
M3-split,free,2 % H2O,model,0.0,0.11802765148558905,0.9991131981299,0.0008843468234112934,2.4528937164104873e-06,2.1529723741008722e-09
M3-split,free,2 % H2O,model,0.0,0.12302112862378574,0.9990715539011765,0.0009257700667895853,2.673587333832672e-06,2.4446998841854432e-09
M3-split,free,2 % H2O,model,0.0,0.12822586823832455,0.9990278273533884,0.000969255424014902,2.914446377889027e-06,2.7762188426220885e-09
M3-split,free,2 % H2O,model,0.0,0.13365080835629065,0.9989819070781601,0.0010149124211361086,3.177347704373163e-06,3.1529995116986988e-09
M3-split,free,2 % H2O,model,0.0,0.13930526515203676,0.9989336754526125,0.0010628566197990654,3.464346317435113e-06,3.5812710195638297e-09
M3-split,free,2 % H2O,model,0.0,0.1451989489457201,0.9988830083054219,0.001113209933851811,3.777692598949823e-06,4.068127358735171e-09
M3-split,free,2 % H2O,model,0.0,0.15134198087870035,0.9988297745657003,0.0011661009614724021,4.119851178329778e-06,4.621648859036612e-09
M3-split,free,2 % H2O,model,0.0,0.15774491029443527,0.9987738358983012,0.001221665328997591,4.493521660487473e-06,5.251040609322382e-09
M3-split,free,2 % H2O,model,0.0,0.1644187328547217,0.9987150463252152,0.0012800460466081559,4.901661386343155e-06,5.966790321665429e-09
M3-split,free,2 % H2O,model,0.0,0.17137490942239292,0.998653251829669,0.0013413938791120477,5.347510369854671e-06,6.7808490278820295e-09
M3-split,free,2 % H2O,model,0.0,0.17862538574289932,0.9985882899485861,0.0014058677258688142,5.834618708324039e-06,7.706836815471186e-09
M3-split,free,2 % H2O,model,0.0,0.18618261295857116,0.9985199893471762,0.0014736350159450667,6.366876600443153e-06,8.760278399996828e-09
M3-split,free,2 % H2O,model,0.0,0.19405956899079269,0.9984481693821964,0.0015448721116094871,6.948547322595976e-06,9.95887156847732e-09
M3-split,free,2 % H2O,model,0.0,0.20226978082680583,0.9983726396480447,0.0016197647258187776,7.584303342076403e-06,1.1322794410260992e-08
M3-split,free,2 % H2O,model,0.0,0.21082734774941828,0.9982931995132223,0.001698508345741741,8.279265980654476e-06,1.2875055466411283e-08
M3-split,free,2 % H2O,model,0.0,0.2197469655495056,0.9982096376392933,0.0017813086699915973,9.039048820373872e-06,1.4641894621176688e-08
M3-split,free,2 % H2O,model,0.0,0.22904395176288905,0.9981217314915505,0.0018683820498641666,9.869805345103639e-06,1.6653240251757453e-08
M3-split,free,2 % H2O,model,0.0,0.23873427197492728,0.9980292468350752,0.0019599559406034608,1.0778281089228598e-05,1.894323212101934e-08
M3-split,free,2 % H2O,model,0.0,0.24883456723799433,0.9979319372228244,0.0020562693555494617,1.1771870807913128e-05,2.155081822166022e-08
M3-split,free,2 % H2O,model,0.0,0.25936218264892796,0.9978295434708123,0.00215757332772559,1.2858681024725267e-05,2.452043734163126e-08
M3-split,free,2 % H2O,model,0.0,0.2703351971355234,0.9977217931300331,0.0022641313685738255,1.4047598595229388e-05,2.7902797820029676e-08
M3-split,free,2 % H2O,model,0.0,0.28177245450322547,0.99760839994458,0.002376219934030381,1.534836562097485e-05,3.1755768639434875e-08
M3-split,free,2 % H2O,model,0.0,0.2936935957953338,0.9974890633105198,0.002494128882564311,1.6771661519702222e-05,3.6145396057262184e-08
M3-split,free,2 % H2O,model,0.0,0.3061190930222936,0.9973634677254685,0.0026181619347840765,1.8329192681258915e-05,4.114706605712054e-08
M3-split,free,2 % H2O,model,0.0,0.3190702843179958,0.9972312822365041,0.002748637126171951,2.0033790492013786e-05,4.684683196484963e-08
M3-split,free,2 % H2O,model,0.0,0.33256941058345696,0.9970921598905502,0.0028858872480123855,2.1899518507257378e-05,5.3342930129879454e-08
M3-split,free,2 % H2O,model,0.0,0.34663965368081123,0.996945737177436,0.0030302602856927814,2.3941789358752346e-05,6.074751267139599e-08
M3-split,free,2 % H2O,model,0.0,0.36130517624319886,0.9967916334781542,0.003182119840778163,2.617749244197055e-05,6.918862553246593e-08
M3-split,free,2 % H2O,model,0.0,0.37659116316892216,0.996629450519168,0.00334184553507149,2.8625133294053225e-05,7.881246660663531e-08
M3-split,free,2 % H2O,model,0.0,0.39252386487112034,0.9964587718210508,0.003509833407575867,3.130498540724496e-05,8.978596612707081e-08
M3-split,free,2 % H2O,model,0.0,0.4091306423572408,0.9962791621596443,0.003686496284774947,3.4239255849957724e-05,1.0229973079720526e-07
M3-split,free,2 % H2O,model,0.0,0.4264400142157162,0.9960901670286599,0.0038722641343169636,3.7452265617823675e-05,1.1657140528021723e-07
M3-split,free,2 % H2O,model,0.0,0.44448170559054145,0.9958913121083949,0.004067584396082849,4.0970646013851526e-05,1.3284950843842297e-07
M3-split,free,2 % H2O,model,0.0,0.46328669922785054,0.9956821027393614,0.004272922290479918,4.482355234787088e-05,1.5141781081722537e-07
M3-split,free,2 % H2O,model,0.0,0.4828872886821559,0.9954620233970353,0.004488761106336685,4.9042896298705634e-05,1.7260032939246295e-07
M3-split,free,2 % H2O,model,0.0,0.503317133773622,0.9952305371707229,0.004715602463723395,5.366359852930684e-05,1.9676702431521284e-07
M3-split,free,2 % H2O,model,0.0,0.5246113183916065,0.9949870852399286,0.004953966556693396,5.87238630819981e-05,2.2434029591905652e-07
M3-split,free,2 % H2O,model,0.0,0.5468064107437368,0.9947310863490959,0.005204392373151693,6.426547536084052e-05,2.5580239168885467e-07
M3-split,free,2 % H2O,model,0.0,0.5699405261539854,0.9944619362705783,0.005467437900139393,7.033412543231342e-05,2.91703850001972e-07
M3-split,free,2 % H2O,model,0.0,0.5940533925175866,0.9941790072548246,0.005743680313338433,7.697975871478774e-05,3.3267312218156884e-07
M3-split,free,2 % H2O,model,0.0,0.6191864185251992,0.9938816474659086,0.0060337161502736,8.425695628426284e-05,3.7942753348424143e-07
M3-split,free,2 % H2O,model,0.0,0.6453827647734762,0.9935691803810568,0.006338161486369667,9.222534680430628e-05,4.3278576926364203e-07
M3-split,free,2 % H2O,model,0.0,0.6726874178841584,0.9932409041533335,0.006657652111870695,0.00010095005270351863,4.936820923649459e-07
M3-split,free,2 % H2O,model,0.0,0.7011472677589756,0.9928960909260544,0.006992843718197203,0.00011050217322094482,5.631825275130706e-07
M3-split,free,2 % H2O,model,0.0,0.7308111881030229,0.9925339860886534,0.007344412100873871,0.00012095930719332818,6.425032792473356e-07
M3-split,free,2 % H2O,model,0.0,0.7617301203548975,0.992153807456204,0.007713053393559671,0.00013240611854974715,7.330316867071479e-07
M3-split,free,2 % H2O,model,0.0,0.7939571611677227,0.9917547443691709,0.008099484332722864,0.00014493494805102708,8.363500552444564e-07
M3-split,free,2 % H2O,model,0.0,0.8275476535912937,0.991335956681551,0.00850444258119643,0.00015864647449674853,9.542627559447018e-07
M3-split,free,2 % H2O,model,0.0,0.8625592821119288,0.9908965736237674,0.008928687119886742,0.00017365042931476475,1.0888270311080293e-06
M3-split,free,2 % H2O,model,0.0,0.8990521717132368,0.9904356925336365,0.009372998709432551,0.00019006636893118824,1.2423879998225737e-06
M3-split,free,2 % H2O,model,0.0,0.9370889911279167,0.9899523774319349,0.009838180440317113,0.0002080245093215389,1.417618426468706e-06
M3-split,free,2 % H2O,model,0.0,0.9767350604579019,0.9894456574233635,0.010325058385129616,0.0002276666276190425,1.61756388772684e-06
M3-split,free,2 % H2O,model,0.0,1.0180584633476666,0.9889145249108846,0.010834482358837303,0.0002491470362227347,1.8456940554120408e-06
M3-split,free,2 % H2O,model,0.0,1.0611301639033188,0.9883579335789028,0.011367326825604557,0.0002726336345792791,2.10596091335582e-06
M3-split,free,2 % H2O,model,0.0,1.1060241285582797,0.9877747961621451,0.01192449192742621,0.00029830904560873133,2.4028648200025226e-06
M3-split,free,2 % H2O,model,0.0,1.1528174530948103,0.9871639819729803,0.012506904654265068,0.0003263718432968584,2.741529457809359e-06
M3-split,free,2 % H2O,model,0.0,1.2015904950395269,0.9865243141706465,0.013115520163766351,0.00035703787874334555,3.1277868440776586e-06
M3-split,free,2 % H2O,model,0.0,1.2524270116602694,0.9858545667552528,0.013751323258506825,0.00039054171250913215,3.5682737311740724e-06
M3-split,free,2 % H2O,model,0.0,1.3054143038012902,0.9851534612813343,0.014415330015813986,0.00042713816195695347,4.070540894669627e-06
M3-split,free,2 % H2O,model,0.0,1.3606433658037873,0.984419663263436,0.015108589587118372,0.0004671039724382799,4.643177007371418e-06
M3-split,free,2 % H2O,model,0.0,1.4182090417692177,0.9836517783209927,0.015832186106513147,0.000510739623490991,5.295949003037766e-06
M3-split,free,2 % H2O,model,0.0,1.4782101884337602,0.9828483480243452,0.01658724073448461,0.000558371280071156,6.039961099109979e-06
M3-split,free,2 % H2O,model,0.0,1.540749844933616,0.9820078453944922,0.017374913871183256,0.0006103528993956207,6.887834928901915e-06
M3-split,free,2 % H2O,model,0.0,1.6059354097526826,0.981128670152766,0.01819640742584229,0.0006670685078700529,7.853913521933765e-06
M3-split,free,2 % H2O,model,0.0,1.6738788251564845,0.9802091436475971,0.019052967200355302,0.0007289346597884861,8.9544922592495e-06
M3-split,free,2 % H2O,model,0.0,1.7446967694290683,0.9792475035518523,0.0199458852738903,0.000796403093956559,1.0208080300826878e-05
M3-split,free,2 % H2O,model,0.0,1.8185108572430024,0.97824189818541,0.02087650251792027,0.0008699636001933547,1.1635696476413483e-05
M3-split,free,2 % H2O,model,0.0,1.895447848506563,0.9771903806209106,0.021846211059880757,0.00095014711512511,1.3261204083434165e-05
M3-split,free,2 % H2O,model,0.0,1.9756398660467678,0.9760909025079736,0.022856456739397967,0.0010375290629798092,1.5111689648566588e-05
M3-split,free,2 % H2O,model,0.0,2.0592246225020725,0.9749413076399651,0.023908741508632866,0.0011327329600649022,1.7217891337230368e-05
M3-split,free,2 % H2O,model,0.0,2.1463456568143684,0.9737393252192571,0.025004625796057632,0.0012364343012562313,1.9614683428997858e-05
M3-split,free,2 % H2O,model,0.0,2.2371525807264225,0.9724825628363095,0.026145730790348844,0.001349364749262823,2.2341624078657494e-05
M3-split,free,2 % H2O,model,0.0,2.3318013357080383,0.9711684992364369,0.027333740539213964,0.0014723166498600668,2.5443574489191516e-05
M3-split,free,2 % H2O,model,0.0,2.4304544607521823,0.969794476746768,0.028570403961191346,0.0016061478933578415,2.8971398682832547e-05
M3-split,free,2 % H2O,model,0.0,2.533281371500941,0.9683576933420036,0.029857536757779215,0.0017517871460294287,3.2982754187694484e-05
M3-split,free,2 % H2O,model,0.0,2.640458651180643,0.9668551944339648,0.03119702310210101,0.0019102394786993215,3.754298523483824e-05
M3-split,free,2 % H2O,model,0.0,2.7521703538457944,0.9652838642990392,0.03259081715185479,0.002082592417563494,4.2726131542391255e-05
M3-split,free,2 % H2O,model,0.0,2.868608320452539,0.9636404170295347,0.03404094445995867,0.0022700224431136326,4.861606739274351e-05
M3-split,free,2 % H2O,model,0.0,2.9899725083044815,0.9619213870562501,0.035549503188761856,0.0024738019674862837,5.530778750188377e-05
M3-split,free,2 % H2O,model,0.0,3.1164713344365755,0.9601231191841423,0.03711866513774282,0.0026953068198718043,6.290885824314477e-05
M3-split,free,2 % H2O,model,0.0,3.2483220335268164,0.9582417581061944,0.03875067656743914,0.002936024271294409,7.154105507200453e-05
M3-split,free,2 % H2O,model,0.0,3.385751030950334,0.9562732372185654,0.04044785894335041,0.0031975616285126545,8.134220957161242e-05
M3-split,free,2 % H2O,model,0.0,3.528994331616538,0.9542132668064727,0.04221260946857647,0.0034816554325967945,9.246829235401321e-05
M3-split,free,2 % H2O,model,0.0,3.678297925257089,0.9520573215653073,0.04404740137670248,0.0037901812967225854,0.00010509576126752314
M3-split,free,2 % H2O,model,0.0,3.833918208860631,0.9498006272735188,0.04595478410273751,0.004125164415797599,0.00011942420794608708
M3-split,free,2 % H2O,model,0.0,3.9961224269797992,0.9474381465978706,0.04793738327837939,0.004488790784080752,0.0001356793396693271
M3-split,free,2 % H2O,model,0.0,4.165189130666562,0.944964564030555,0.04999790047387706,0.00488341915764474,0.00015411633792333223
M3-split,free,2 % H2O,model,0.0,4.341408655824089,0.942374269906058,0.05213911265632592,0.00531159379762545,0.0001750236399906055
M3-split,free,2 % H2O,model,0.0,4.525083621796566,0.9396613433499413,0.05436387142656237,0.005776058028114286,0.0001987271953819921
M3-split,free,2 % H2O,model,0.0,4.716529451053179,0.9368195341318809,0.05667510196943018,0.006279768643725959,0.00022559525496295435
M3-split,free,2 % H2O,model,0.0,4.916074910858767,0.933842243445803,0.05907580159551182,0.006825911201330074,0.000256043757354908
M3-split,free,2 % H2O,model,0.0,5.124062677861254,0.93072250355634,0.06156903783207383,0.007417916226910085,0.0002905423846760739
M3-split,free,2 % H2O,model,0.0,5.34084992656552,0.9274529561890663,0.0641579460783714,0.008059476364619097,0.0003296213679431875
M3-split,free,2 % H2O,model,0.0,5.566808942704215,0.924025829630105,0.06684572674567821,0.008754564492687942,0.00037387913152895226
M3-split,free,2 % H2O,model,0.0,5.802327762558867,0.9204329145968376,0.06963564169973645,0.009507452827349073,0.00042399087607678307
M3-split,free,2 % H2O,model,0.0,6.047810839329224,0.9166655387804283,0.0725310099818039,0.010322733027398868,0.0004807182103690655
M3-split,free,2 % H2O,model,0.0,6.303679737695092,0.9127145400614374,0.07553520267815814,0.01120533730567705,0.0005449199547272236
M3-split,free,2 % H2O,model,0.0,6.570373857763537,0.9085702383145884,0.07865163689029872,0.012160560543296863,0.0006175642518162395
M3-split,free,2 % H2O,model,0.0,6.848351189644559,0.9042224058476941,0.08188376862433408,0.013194083392805632,0.0006997421351662732
M3-split,free,2 % H2O,model,0.0,7.138089099951173,0.8996602365178151,0.08523508441795498,0.01431199634271217,0.0007926827215178405
M3-split,free,2 % H2O,model,0.0,7.440085151574459,0.8948723135286629,0.08870909156196138,0.015520824699093803,0.0008977702102821578
M3-split,free,2 % H2O,model,0.0,7.7548579581413986,0.8898465759276244,0.09230930675957556,0.016827554420846685,0.0010165628919532683
M3-split,free,2 % H2O,model,0.0,8.082948074622873,0.8845702839228304,0.09603924296684285,0.018239658723103007,0.0011508143872236787
M3-split,free,2 % H2O,model,0.0,8.424918925621194,0.8790299830793217,0.09990239422409701,0.01976512533649951,0.0013024973600819377
M3-split,free,2 % H2O,model,0.0,8.781357772931367,0.8732114675850676,0.1039022181628002,0.021412484281018843,0.0014738299711132786
M3-split,free,2 % H2O,model,0.0,9.1528767240376,0.867099742844815,0.10804211581943965,0.023190835974485468,0.0016673053612598606
M3-split,free,2 % H2O,model,0.0,9.540113783277015,0.8606789876042983,0.11232540845792677,0.025109879455572835,0.0018857244822020488
M3-split,free,2 % H2O,model,0.0,9.943733947475618,0.8539325159769405,0.11675531095436706,0.027179940452549796,0.0021322326161427635
M3-split,free,2 % H2O,model,0.0,10.36443034793812,0.8468427397944931,0.12133490127515303,0.029411998974338244,0.0024103599560155856
M3-split,free,2 % H2O,model,0.0,10.802925440752704,0.8393911318692233,0.12606708546229722,0.03181771602621703,0.002724066642262474
M3-split,free,2 % H2O,model,0.0,11.259972247454842,0.8315581907963393,0.13095455751298268,0.03440945900233345,0.003077792688344719
M3-split,free,2 % H2O,model,0.0,11.736355648180727,0.823323408234946,0.13599975332637493,0.037200325191995204,0.0034765132466840665
M3-split,free,2 % H2O,model,0.0,12.23289372953102,0.8146652396113446,0.14120479793973145,0.04020416275222081,0.003925799696703255
M3-split,free,2 % H2O,model,0.0,12.750439189459637,0.8055610796005024,0.14657144492504293,0.04343558840377017,0.004431887070684486
M3-split,free,2 % H2O,model,0.0,13.289880801600054,0.7959872438532914,0.15210100687106995,0.04691000093600274,0.005001748339635873
M3-split,free,2 % H2O,model,0.0,13.852144941543997,0.7859189588926744,0.15779427549582906,0.05064358949764145,0.005643176113855101
M3-split,free,2 % H2O,model,0.0,14.438197177693354,0.77533036246921,0.16365142974618146,0.05465333546271721,0.006364872321891102
M3-split,free,2 % H2O,model,0.0,15.049043929417392,0.764194517081533,0.1696719300494851,0.05895700645284139,0.007176546416140523
M3-split,free,2 % H2O,model,0.0,15.685734195362725,0.7524834400802699,0.1758543963093071,0.06357314091172164,0.008089022698701384
M3-split,free,2 % H2O,model,0.0,16.34936135488421,0.7401681543609844,0.18219646700849682,0.06852102132292304,0.009114357307595869
M3-split,free,2 % H2O,model,0.0,17.041065045690072,0.7272187644517839,0.1886946363201696,0.07382063386777184,0.010265965360274793
M3-split,free,2 % H2O,model,0.0,17.762033120925942,0.7136045639315701,0.1953440653417238,0.07949261199038234,0.011558758736323638
M3-split,free,2 % H2O,model,0.0,18.51350368905859,0.6992941812836819,0.20213836291373938,0.08555816089734262,0.013009294905236177
M3-split,free,2 % H2O,model,0.0,19.29676724006232,0.6842557727872454,0.20906933058370114,0.09203895952630925,0.014635937102744235
M3-split,free,2 % H2O,model,0.0,20.113168861559622,0.6684572728118903,0.21612666519139437,0.09895703595781176,0.0164590260389036
M3-split,free,2 % H2O,model,0.0,20.964110548721372,0.6518667141222537,0.22329761117717634,0.10633461151449455,0.018501063186075434
M3-split,free,2 % H2O,model,0.0,21.851053611893725,0.6344526334747397,0.2305665530967057,0.11419390792689266,0.020786905501661873
M3-split,free,2 % H2O,model,0.0,22.77552118608608,0.6161845810731856,0.23791453682381408,0.1225569108744368,0.023343971228563475
M3-split,free,2 % H2O,model,0.0,23.739100846629615,0.5970337564507924,0.24531870551848808,0.13144508186179477,0.02620245616892476
M3-split,free,2 % H2O,model,0.0,24.74344733549848,0.5769737982612719,0.25275163355013175,0.14087900863577668,0.029395559552819743
M3-split,free,2 % H2O,model,0.0,25.79028540297515,0.5559817610895319,0.2601805383193841,0.1508779824013497,0.032959718189734276
M3-split,free,2 % H2O,model,0.0,26.88141276954016,0.5340393202389105,0.2675663456181725,0.1614594866865635,0.03693484745635342
M3-split,free,2 % H2O,model,0.0,28.01870321307253,0.511134253296307,0.27486258027903476,0.17263857939945318,0.04136458702520499
M3-split,free,2 % H2O,model,0.0,29.204109786662425,0.48726225742551516,0.28201404938815317,0.18442714438422267,0.046296548802109046
M3-split,free,2 % H2O,model,0.0,30.439668172562268,0.462429172472606,0.2889552816130672,0.19683298205649039,0.05178256385783644
M3-split,free,2 % H2O,model,0.0,31.727500178035505,0.4366536919659367,0.29560868376974353,0.20985870009590912,0.05787892416841076
M3-split,free,2 % H2O,model,0.0,33.069817379106794,0.4099706541130529,0.3018823807511329,0.22350035177378283,0.06464661336203134
M3-split,free,2 % H2O,model,0.0,34.46892491847074,0.3824350123304608,0.3076677140761955,0.23774575579273,0.07215151780061371
M3-split,free,2 % H2O,model,0.0,35.92722546408158,0.3541265800513084,0.31283640642662236,0.25257240919553514,0.08046460432653398
M3-split,free,2 % H2O,model,0.0,37.4472233352214,0.3251556159834809,0.31723746369777717,0.2679448790893843,0.08966204122935767
M3-split,free,2 % H2O,model,0.0,39.03152880313289,0.2956692556916155,0.3206939895141045,0.28381153157296884,0.09982522322131124
M3-split,free,2 % H2O,model,0.0,40.68286257360202,0.2658586460276697,0.3230003006978708,0.3001004225658372,0.11104063070862223
M3-split,free,2 % H2O,model,0.0,42.404060459188024,0.23596636234388957,0.3239200801586129,0.31671415846008655,0.12339939903741087
M3-split,free,2 % H2O,model,0.0,44.1980782491253,0.20629325764507955,0.3231867975310191,0.3335235531661056,0.13699639165779573
M3-split,free,2 % H2O,model,0.0,46.06799678525902,0.1772031071320581,0.3205084569864932,0.35036001243433423,0.15192842344711438
M3-split,free,2 % H2O,model,0.0,48.01702725273211,0.1491223858610332,0.3155796673635034,0.3670068710136568,0.16829107576180657
M3-split,free,2 % H2O,model,0.0,50.048516694508926,0.12253122605034444,0.3081049713637487,0.38319053266041775,0.18617326992548916
M3-split,free,2 % H2O,model,0.0,52.165953759205564,0.09794058205769293,0.2978375074257988,0.3985734201442421,0.20564849037226623
M3-split,free,2 % H2O,model,0.0,54.372974692097905,0.07585100534584722,0.2846350210051276,0.4127525016070896,0.22676147204193559
M3-split,free,2 % H2O,model,0.0,56.67336957959499,0.05669198468317886,0.2685290686006526,0.425269266673701,0.2495096800424675
M3-split,free,2 % H2O,model,0.0,59.07108885790181,0.04074906442438251,0.2497922754617551,0.43563809405324533,0.27382056606061705
M3-split,free,2 % H2O,model,0.0,61.57025009704871,0.028097663554222288,0.22897597104893436,0.4433977285570223,0.29952863683982095
M3-split,free,2 % H2O,model,0.0,64.17514507193687,0.01857086421387649,0.20688659025873196,0.44818255201415286,0.32635999351323874
M3-split,free,2 % H2O,model,0.0,66.89024713254423,0.011783008415456528,0.18448573553807665,0.44979764424660595,0.35393361179986094
M3-split,free,2 % H2O,model,0.0,69.72021888594699,0.007207964258601876,0.162735044944459,0.44827179769883485,0.3817851930981043
M3-split,free,2 % H2O,model,0.0,72.66992020335023,0.004283318040634577,0.14244012981078277,0.44386571083447746,0.40941084131410527
M3-split,free,2 % H2O,model,0.0,75.74441656587685,0.00250091602022061,0.12414969862801423,0.43703048242909504,0.4363189029226701
M3-split,free,2 % H2O,model,0.0,78.94898776344854,0.0014579181896733058,0.10813390847240165,0.42833282429951614,0.462075349038409
M3-split,free,2 % H2O,model,0.0,82.28913696169538,0.000866816866878408,0.09442687275822735,0.41837358188370255,0.4863327284911918
M3-split,free,2 % H2O,model,0.0,85.7706001524658,0.000539032075103618,0.08289902675490934,0.4077211731491714,0.5088407680208157
M3-split,free,2 % H2O,model,0.0,89.39935600416594,0.00035893680652584315,0.07332907623555936,0.39686921608161796,0.5294427708762969
M3-split,free,2 % H2O,model,0.0,93.18163612884342,0.00025933677550569496,0.06545965200554851,0.3862170549792629,0.5480639562396827
M3-split,free,2 % H2O,model,0.0,97.1239357836489,0.0002028139529419049,0.059033398769778526,0.3760669181409538,0.5646968691363258
M3-split,free,2 % H2O,model,0.0,101.23302502505048,0.00016922193991755833,0.05381282009948302,0.3666309929479261,0.5793869650126733
M3-split,free,2 % H2O,model,0.0,105.51596033495792,0.00014798578072247942,0.04958895893490835,0.3580433139678231,0.5922197413165461
M3-split,free,2 % H2O,model,0.0,109.98009673872109,0.00013364186967484493,0.046183360618661545,0.35037325024660354,0.60330974726506
M3-split,free,2 % H2O,model,0.0,114.63310043581247,0.0001233741313445157,0.04344646478669001,0.34363881765929893,0.6127913434226666
M3-split,free,2 % H2O,model,0.0,119.48296196488577,0.00011570525784291022,0.041254392388918,0.3378189382067845,0.6208109641464546
M3-split,free,2 % H2O,model,0.0,124.53800992581655,0.00010982482222938126,0.03950524957646124,0.33286426140327546,0.6275206641980339
M3-split,free,2 % H2O,model,0.0,129.80692528229133,0.00010525453092636149,0.038115533744099456,0.3287064177116193,0.633072794013355
M3-split,free,2 % H2O,model,0.0,135.29875626950604,0.00010168552706327388,0.03701691247633212,0.32526570301345986,0.6376156989831449
M3-split,free,2 % H2O,model,0.0,141.02293393257435,9.890047256889484e-05,0.03615346920935949,0.322457265678932,0.6412903646391396
M3-split,free,2 % H2O,model,0.0,146.9892883223311,9.673612697875348e-05,0.0354794182580303,0.32019590961730804,0.644227935997683
M3-split,free,2 % H2O,model,0.0,153.20806537634184,9.50647639215024e-05,0.034957246250711116,0.31839965597714553,0.6465480330082218
M3-split,free,2 % H2O,model,0.0,159.68994451410924,9.378423465902777e-05,0.03455621713182329,0.3169922236423527,0.6483577749911651
M3-split,free,2 % H2O,model,0.0,166.4460569766914,9.281205700886519e-05,0.034251175801153784,0.3159045954059334,0.649751416735904
M3-split,free,2 % H2O,model,0.0,173.48800494222866,9.208147177882278e-05,0.034021589144775245,0.31507583754631785,0.6508104918371281
M3-split,free,2 % H2O,model,0.0,180.82788145020223,9.15385549521449e-05,0.033850770745964695,0.31445333269895015,0.651604358000133
M3-split,free,2 % H2O,model,0.0,188.4782911686432,9.113996591764003e-05,0.033725245366858524,0.3139925719506798,0.652191042716544
M3-split,free,2 % H2O,model,0.0,196.45237203995435,9.085112396577249e-05,0.03363422007465738,0.3136566369143795,0.6526182918869974
M3-split,free,2 % H2O,model,0.0,204.76381784251524,9.064469430031934e-05,0.03356913709763223,0.3134154827113061,0.6529247354967612
M3-split,free,2 % H2O,model,0.0,213.42690170681885,9.049930659815602e-05,0.03352328967639595,0.31324510992723703,0.6531411010897687
M3-split,free,2 % H2O,model,0.0,222.45650062652007,9.039846839678093e-05,0.03349149214620297,0.3131267040884248,0.6532914052969755
M3-split,free,2 % H2O,model,0.0,231.86812100648996,9.03296293721664e-05,0.03346979278337794,0.3130457865279537,0.6533940910592962
M3-split,free,2 % H2O,model,0.0,241.67792529175034,9.028339080622076e-05,0.03345522911914037,0.31299142777404554,0.6534630597160079
M3-split,free,2 % H2O,model,0.0,251.90275972301498,9.025282933953624e-05,0.03344561729652807,0.312955532662946,0.6535085972111864
M3-split,free,2 % H2O,model,0.0,262.5601832665064,9.02329394418219e-05,0.03343937757540636,0.3129322262684268,0.653538163216725
M3-split,free,2 % H2O,model,0.0,273.668497767724,9.022016849042678e-05,0.0334353883632375,0.3129173285382658,0.6535570629300063
M3-split,free,2 % H2O,model,0.0,285.2467793809492,9.021204718572512e-05,0.033432869906794956,0.3129079292333528,0.6535689888126666
M3-split,free,2 % H2O,model,0.0,297.314911328461,9.020689428982914e-05,0.0334312912451812,0.31290204488606554,0.6535764569744634
M3-split,free,2 % H2O,model,0.0,309.89361804571615,9.020358993566022e-05,0.033430298697281965,0.31289835350586875,0.6535811442069137
M3-split,free,2 % H2O,model,0.0,323.00450077113646,9.020140652764516e-05,0.033429662486864443,0.3128959959344444,0.6535841401721636
M3-split,free,2 % H2O,model,0.0,336.6700746416139,9.019988026429696e-05,0.033429236173694504,0.31289442451356225,0.6535861394324789
M3-split,free,2 % H2O,model,0.0,350.91380735744417,9.01987246323848e-05,0.033428929330123515,0.3128933010254059,0.6535875709198383
M3-split,free,2 % H2O,model,0.0,365.7601594830805,9.019776630165903e-05,0.033428687291827505,0.3128924210192249,0.653588693922646
M3-split,free,2 % H2O,model,0.0,381.23462645292375,9.019690218556873e-05,0.03342847759191706,0.31289166307673216,0.6535896624291653
M3-split,free,2 % H2O,model,0.0,397.3637823542767,9.019607379873714e-05,0.033428281859844665,0.3128909585149968,0.6535905635513598
M3-split,free,2 % H2O,model,0.0,414.1753255626552,9.019524826648018e-05,0.03342808982167906,0.31289026894428545,0.653591445985769
M3-split,free,2 % H2O,model,0.0,431.6981263078251,9.01944062705486e-05,0.03342789549152348,0.31288957201860906,0.6535923380835968
M3-split,free,2 % H2O,model,0.0,449.9622762522443,9.019353764534156e-05,0.03342769578039227,0.31288885623233936,0.6535932544496231
M3-split,free,2 % H2O,model,0.0,468.99914016706043,9.01926368627399e-05,0.033427489069820036,0.3128881155839053,0.6535942027094118
M3-split,free,2 % H2O,model,0.0,488.8414097943947,9.019170018903007e-05,0.033427274313706117,0.3128873462151236,0.6535951877709812
M3-split,free,2 % H2O,model,0.0,509.52315998841743,9.019072447778922e-05,0.033427050657152554,0.3128865449854603,0.6535962136329093
M3-split,free,2 % H2O,model,0.0,531.0799072316224,9.018970758997286e-05,0.03342681756946842,0.31288570997001103,0.6535972827529305
M3-split,free,2 % H2O,model,0.0,553.5486706267875,9.01886480109883e-05,0.03342657472341212,0.3128848400075713,0.6535983966210056
M3-split,free,2 % H2O,model,0.0,576.9680354693685,9.01875438623154e-05,0.03342632168312829,0.31288393353305005,0.6535995572399594
M3-split,free,2 % H2O,model,0.0,601.3782195094898,9.018639307841626e-05,0.03342605796032947,0.3128829887880005,0.6536007668585917
M3-split,free,2 % H2O,model,0.0,626.8211420173293,9.018519345970503e-05,0.03342578303131095,0.3128820038842841,0.6536020278909453
M3-split,free,2 % H2O,model,0.0,653.3404957704963,9.018394299437631e-05,0.03342549643894441,0.31288097718590635,0.6536033424321549
M3-split,free,2 % H2O,model,0.0,680.9818220870363,9.018263971151831e-05,0.03342519774656266,0.31287990713650166,0.6536047124772242
M3-split,free,2 % H2O,model,0.0,709.7925890329016,9.018128139216673e-05,0.03342488644697487,0.31287879191903,0.653606140352603
M3-split,free,2 % H2O,model,0.0,739.822272938202,9.017986564744048e-05,0.03342456198748673,0.3128776295495617,0.6536076285973041
M3-split,free,2 % H2O,model,0.0,771.1224433622212,9.01783900219958e-05,0.03342422380293409,0.31287641800102334,0.6536091798060206
M3-split,free,2 % H2O,model,0.0,803.7468516531015,9.017685193193949e-05,0.0334238712964288,0.3128751551312506,0.6536107967203887
M3-split,free,2 % H2O,model,0.0,837.7515232542927,9.017524873240777e-05,0.03342350386108312,0.3128738387644677,0.6536124821257168
M3-split,free,2 % H2O,model,0.0,873.1948539162647,9.017357773761796e-05,0.033423120886736706,0.3128724667166082,0.6536142388189176
M3-split,free,2 % H2O,model,0.0,910.1377099787206,9.017183602579348e-05,0.03342272169872284,0.31287103656632326,0.6536160698989282
M3-split,free,2 % H2O,model,0.0,948.6435328955174,9.017002066495399e-05,0.03342230562963842,0.31286954592371946,0.6536179784259772
M3-split,free,2 % H2O,model,0.0,988.7784481817904,9.016812853368567e-05,0.03342187196315005,0.3128679922202595,0.6536199676880567
M3-split,free,2 % H2O,model,0.0,1030.6113789703877,9.016615637450248e-05,0.0334214199513172,0.3128663727737589,0.6536220411185495
M3-split,free,2 % H2O,model,0.0,1074.214164372607,9.016410080454535e-05,0.03342094881844912,0.3128646848030082,0.6536242022777382
M3-split,free,2 % H2O,model,0.0,1119.6616828464998,9.016195825368595e-05,0.03342045774204506,0.31286292535663496,0.6536264549430664
M3-split,free,2 % H2O,model,0.0,1167.0319807846197,9.015972507807873e-05,0.03341994588919904,0.31286109144955404,0.6536288029361689
M3-split,free,2 % H2O,model,0.0,1216.4064065419916,9.015739745061727e-05,0.03341941238252325,0.31285917993564166,0.6536312502843845
M3-split,free,2 % H2O,model,0.0,1267.8697501345325,9.015497137773689e-05,0.03341885630602218,0.3128571875299371,0.653633801192663
M3-split,free,2 % H2O,model,0.0,1321.51038884775,9.015244269712836e-05,0.033418276704957714,0.3128551108083624,0.6536364600439828
M3-split,free,2 % H2O,model,0.0,1377.4204390058364,9.014980707061701e-05,0.033417672584210995,0.3128529462018255,0.6536392314068931
M3-split,free,2 % H2O,model,0.0,1435.6959141617613,9.01470599767425e-05,0.03341704290657504,0.3128506899900711,0.6536421200433772
M3-split,free,2 % H2O,model,0.0,1496.4368899799936,9.014419670302615e-05,0.033416386590975206,0.31284833829527214,0.6536451309170497
M3-split,free,2 % H2O,model,0.0,1559.747676095074,9.014121233791308e-05,0.033415702510614494,0.3128458870753475,0.6536482692017002
M3-split,free,2 % H2O,model,0.0,1625.7369952410816,9.013810176237557e-05,0.03341498949104046,0.31284333211699633,0.6536515402902009
M3-split,free,2 % H2O,model,0.0,1694.5181699596842,9.013485964116325e-05,0.03341424630813047,0.3128406690284363,0.6536549498037921
M3-split,free,2 % H2O,model,0.0,1766.2093172073767,9.013148038626966e-05,0.03341347167732471,0.3128378931993714,0.6536585036429177
M3-split,free,2 % H2O,model,0.0,1840.933551196067,9.012795820172482e-05,0.033412664268601566,0.31283499985738383,0.653662207915813
M3-split,free,2 % H2O,model,0.0,1918.8191948154297,9.01242870538661e-05,0.033411822697927855,0.3128319840362269,0.6536660689787914
M3-split,free,2 % H2O,model,0.0,2000.0,9.012046064490805e-05,0.03341094551978703,0.3128288405481664,0.6536700934714017
M3-split,free,2 % H2O,model,1e-06,0.1,0.9992595191543984,0.0007387361275760085,1.7434188060830485e-06,1.2992195790051271e-09
M3-split,free,2 % H2O,model,1e-06,0.10423076887097628,0.9992251492592785,0.0007729497760655572,1.8994899319608098e-06,1.4747240819988572e-09
M3-split,free,2 % H2O,model,1e-06,0.10864053179434878,0.9991890850556899,0.0008088435376495497,2.0697325819166855e-06,1.6740784989565024e-09
M3-split,free,2 % H2O,model,1e-06,0.11323686159476715,0.9991512368941969,0.0008465057488432188,2.2554564126550873e-06,1.900547376377862e-09
M3-split,free,2 % H2O,model,1e-06,0.11802765148558905,0.99911151011343,0.0008860296341802031,2.4580945439385163e-06,2.157845902326918e-09
M3-split,free,2 % H2O,model,1e-06,0.12302112862378574,0.9990698047605785,0.0009275135737973919,2.6792154213585203e-06,2.4502027624768165e-09
M3-split,free,2 % H2O,model,1e-06,0.12822586823832455,0.9990260152995797,0.0009710613821344175,2.9205358542386766e-06,2.782431605692531e-09
M3-split,free,2 % H2O,model,1e-06,0.13365080835629065,0.9989800303039696,0.0010167826007155317,3.1839353019372595e-06,3.1600128755158094e-09
M3-split,free,2 % H2O,model,1e-06,0.13930526515203676,0.9989317321357243,0.001064792803532293,3.471471556358623e-06,3.589187136403573e-09
M3-split,free,2 % H2O,model,1e-06,0.1451989489457201,0.9988809966115388,0.001115213913418689,3.785397981348519e-06,4.077061237650989e-09
M3-split,free,2 % H2O,model,1e-06,0.15134198087870035,0.9988276926519939,0.0011681745338824722,4.128182393711524e-06,4.631729960616017e-09
M3-split,free,2 % H2O,model,1e-06,0.15774491029443527,0.9987716819172979,0.0012238102924824609,4.502527804923576e-06,5.2624146096216e-09
M3-split,free,2 % H2O,model,1e-06,0.1644187328547217,0.9987128184288545,0.001282264196332617,4.91139519169815e-06,5.9796211157208525e-09
M3-split,free,2 % H2O,model,1e-06,0.17137490942239292,0.9986509481738067,0.001343687002424869,5.358028447398616e-06,6.795320950722842e-09
M3-split,free,2 % H2O,model,1e-06,0.17862538574289932,0.998585908697795,0.0014082375972431379,5.845981804809794e-06,7.723157134618413e-09
M3-split,free,2 % H2O,model,1e-06,0.18618261295857116,0.9985175286798185,0.0014760833916351423,6.3791498663758165e-06,8.778680116227579e-09
M3-split,free,2 % H2O,model,1e-06,0.19405956899079269,0.9984456274960655,0.0015474007237203779,6.961800597696384e-06,9.979616502567222e-09
M3-split,free,2 % H2O,model,1e-06,0.20226978082680583,0.9983700147660088,0.0016223752763653038,7.5986114491305726e-06,1.1346176718563622e-08
M3-split,free,2 % H2O,model,1e-06,0.21082734774941828,0.9982904898896614,0.0017012024998926318,8.294709040624439e-06,1.2901405476233588e-08
M3-split,free,2 % H2O,model,1e-06,0.2197469655495056,0.9982068415663424,0.0017840880495011082,9.055712573087274e-06,1.4671583215968144e-08
M3-split,free,2 % H2O,model,1e-06,0.22904395176288905,0.9981188473062573,0.0018712482255654917,9.887781493636575e-06,1.6686683643395365e-08
M3-split,free,2 % H2O,model,1e-06,0.23873427197492728,0.9980262729262537,0.0019629104252006924,1.0797667648351886e-05,1.8980897291461427e-08
M3-split,free,2 % H2O,model,1e-06,0.24883456723799433,0.9979288720388102,0.0020593135954845164,1.1792772476464424e-05,2.1593228860808155e-08
M3-split,free,2 % H2O,model,1e-06,0.25936218264892796,0.9978263855270174,0.0021607086952378876,1.2881209563935813e-05,2.45681805518586e-08
M3-split,free,2 % H2O,model,1e-06,0.2703351971355234,0.9977185410169969,0.0022673591532471225,1.4071873224626098e-05,2.7956531520149178e-08
M3-split,free,2 % H2O,model,1e-06,0.28177245450322547,0.9976050523361729,0.002379541334170931,1.5374513426314195e-05,3.18162298048723e-08
M3-split,free,2 % H2O,model,1e-06,0.2936935957953338,0.9974856189722336,0.002497544996484858,1.679981787173486e-05,3.621340988838931e-08
M3-split,free,2 % H2O,model,1e-06,0.3061190930222936,0.9973599255229805,0.0026216737517947676,1.8359501668822255e-05,4.1223556120939996e-08
M3-split,free,2 % H2O,model,1e-06,0.3190702843179958,0.9972276411442134,0.0027522455175910316,2.006640536414825e-05,4.693283146229395e-08
M3-split,free,2 % H2O,model,1e-06,0.33256941058345696,0.9970884190000496,0.002889592958232157,2.1934602123770308e-05,5.343959439422483e-08
M3-split,free,2 % H2O,model,1e-06,0.34663965368081123,0.9969418957061219,0.003034063923092206,2.3979514652915145e-05,6.08561329640067e-08
M3-split,free,2 % H2O,model,1e-06,0.36130517624319886,0.9967876907774916,0.0031860218689773474,2.6218042886692382e-05,6.931064434973867e-08
M3-split,free,2 % H2O,model,1e-06,0.37659116316892216,0.9966254060827867,0.003345846264343801,2.8668703374800174e-05,7.894949458716952e-08
M3-split,free,2 % H2O,model,1e-06,0.39252386487112034,0.9964546252926353,0.003513932986463147,3.135178110094059e-05,8.993980070453368e-08
M3-split,free,2 % H2O,model,1e-06,0.4091306423572408,0.9962749133402822,0.003690694692237098,3.4289495103940786e-05,1.0247237681280271e-07
M3-split,free,2 % H2O,model,1e-06,0.4264400142157162,0.9960858158837511,0.003876561172320408,3.750617883063009e-05,1.1676509769543378e-07
M3-split,free,2 % H2O,model,1e-06,0.44448170559054145,0.9958868587738684,0.004071979682880907,4.102847651322903e-05,1.3306673737278053e-07
M3-split,free,2 % H2O,model,1e-06,0.46328669922785054,0.9956775475273136,0.00427741525446879,4.488555686835476e-05,1.516613490743751e-07
M3-split,free,2 % H2O,model,1e-06,0.4828872886821559,0.995457366800374,0.004493350980912219,4.9109345450848015e-05,1.7287326276605375e-07
M3-split,free,2 % H2O,model,1e-06,0.503317133773622,0.9952257798668958,0.004720288283056955,5.373477726227218e-05,1.9707278487792402e-07
M3-split,free,2 % H2O,model,1e-06,0.5246113183916065,0.9949822280935984,0.004958747152565907,5.8800071137087214e-05,2.2468269856277863e-07
M3-split,free,2 % H2O,model,1e-06,0.5468064107437368,0.9947261304135777,0.0052092663730354686,6.434702771254454e-05,2.561856742147582e-07
M3-split,free,2 % H2O,model,1e-06,0.5699405261539854,0.9944568827880743,0.005472403726490861,7.042135271795227e-05,2.921327170339556e-07
M3-split,free,2 % H2O,model,1e-06,0.5940533925175866,0.994173857655171,0.005748736184388401,7.707300764747418e-05,3.331527932685933e-07
M3-split,free,2 % H2O,model,1e-06,0.6191864185251992,0.9938764033638814,0.006038860082272324,8.43565900505083e-05,3.7996379571354444e-07
M3-split,free,2 % H2O,model,1e-06,0.6453827647734762,0.9935638435720833,0.006343391297438207,9.233174544368953e-05,4.3338503477712486e-07
M3-split,free,2 % H2O,model,1e-06,0.6726874178841584,0.9932354766075789,0.006662965427489551,0.00010106361347034591,4.943514611760273e-07
M3-split,free,2 % H2O,model,1e-06,0.7011472677589756,0.9928905747808319,0.006998237978384612,0.00011062331092744572,5.63929856059607e-07
M3-split,free,2 % H2O,model,1e-06,0.7308111881030229,0.9925283836391245,0.007349884569085958,0.00012108845453439063,6.4333725514857e-07
M3-split,free,2 % H2O,model,1e-06,0.7617301203548975,0.9921481211443833,0.0077186011672962605,0.00013254372641018604,7.339619102225563e-07
M3-split,free,2 % H2O,model,1e-06,0.7939571611677227,0.9917489767712142,0.008105104355862284,0.00014508148579562695,8.373871279838394e-07
M3-split,free,2 % H2O,model,1e-06,0.8275476535912937,0.9913301104934537,0.008510131657922474,0.0001588024302465722,9.554183773925882e-07
M3-split,free,2 % H2O,model,1e-06,0.8625592821119288,0.990890651645613,0.008934441930070038,0.00017381631021329882,1.0901141035764654e-06
M3-split,free,2 % H2O,model,1e-06,0.8990521717132368,0.9904296976520993,0.009378815825763371,0.00019024270139472786,1.243820742591844e-06
M3-split,free,2 % H2O,model,1e-06,0.9370889911279167,0.989946312601907,0.009844056346299979,0.00020821183929311128,1.4192124996881696e-06
M3-split,free,2 % H2O,model,1e-06,0.9767350604579019,0.9894395256481682,0.010330989494489974,0.0002278655208147693,1.619336527012653e-06
M3-split,free,2 % H2O,model,1e-06,1.0180584633476666,0.9889083292217467,0.010840465035649888,0.00024935807838558777,1.8476642178902346e-06
M3-split,free,2 % H2O,model,1e-06,1.0611301639033188,0.9883516770140256,0.011373357404790455,0.0002728574317479756,2.108149436046171e-06
M3-split,free,2 % H2O,model,1e-06,1.1060241285582797,0.9877684817446608,0.01193056673636129,0.00029854622438607934,2.4052945917394357e-06
M3-split,free,2 % H2O,model,1e-06,1.1528174530948103,0.9871576126895799,0.012513020033658118,0.00032662305115661725,2.744225605460617e-06
M3-split,free,2 % H2O,model,1e-06,1.2015904950395269,0.9865178929501854,0.01312167248852008,0.0003573037843600724,3.130776934431725e-06
M3-split,free,2 % H2O,model,1e-06,1.2524270116602694,0.9858480964473623,0.013757508958536939,0.00039082300611100704,3.571587989811274e-06
M3-split,free,2 % H2O,model,1e-06,1.3054143038012902,0.9851469446366377,0.014421545595183508,0.00042743555573580735,4.074212442925643e-06
M3-split,free,2 % H2O,model,1e-06,1.3606433658037873,0.9844131029149108,0.01511483164196482,0.00046741820100555155,4.647242119035438e-06
M3-split,free,2 % H2O,model,1e-06,1.4182090417692177,0.9836451767653727,0.01583845134289029,0.0005110714443544881,5.300447382654019e-06
M3-split,free,2 % H2O,model,1e-06,1.4782101884337602,0.9828417076071888,0.016593525982418787,0.000558721474209473,6.0449361829764965e-06
M3-split,free,2 % H2O,model,1e-06,1.540749844933616,0.9820011682956644,0.017381216098266344,0.0006107222718580313,6.893334211321082e-06
M3-split,free,2 % H2O,model,1e-06,1.6059354097526826,0.9811219583752183,0.018202723747411432,0.0006674578884621038,7.859988908248369e-06
M3-split,free,2 % H2O,model,1e-06,1.6738788251564845,0.9802023990070482,0.019059294888714384,0.0007293449037890987,8.96120044833815e-06
M3-split,free,2 % H2O,model,1e-06,1.7446967694290683,0.9792407276703197,0.019952221763554184,0.0007968350829272164,1.021548319891692e-05
M3-split,free,2 % H2O,model,1e-06,1.8185108572430024,0.9782350924860045,0.020882845409528793,0.0008704182428213905,1.1643861645260426e-05
M3-split,free,2 % H2O,model,1e-06,1.895447848506563,0.9771835463264537,0.021852558120168886,0.0009506253481521879,1.3270205225191111e-05
M3-split,free,2 % H2O,model,1e-06,1.9756398660467678,0.9760840406393451,0.022862805901397946,0.0010380318521258116,1.5121607131016073e-05
M3-split,free,2 % H2O,model,1e-06,2.0592246225020725,0.9749344190207097,0.02391509086544836,0.0011332613010805125,1.7228812761442206e-05
M3-split,free,2 % H2O,model,1e-06,2.1463456568143684,0.9737324104777673,0.025010973597069254,0.001236989220919159,1.9626704244331032e-05
M3-split,free,2 % H2O,model,1e-06,2.2371525807264225,0.9724756224130006,0.02615207543228361,0.0013499473064684836,2.2354848247513333e-05
M3-split,free,2 % H2O,model,1e-06,2.3318013357080383,0.9711615333916862,0.02734008055639433,0.0014729279367132933,2.545811520615551e-05
M3-split,free,2 % H2O,model,1e-06,2.4304544607521823,0.9697874855686763,0.028576738015928138,0.0016067890362430244,2.8987379152560895e-05
M3-split,free,2 % H2O,model,1e-06,2.533281371500941,0.9683506767574132,0.029863863627396528,0.0017524593067247294,3.3000308465524387e-05
M3-split,free,2 % H2O,model,1e-06,2.640458651180643,0.9668481522191108,0.031203341666298963,0.0019109438554547335,3.7562259135531464e-05
M3-split,free,2 % H2O,model,1e-06,2.7521703538457944,0.9652767960883383,0.03259712638193056,0.002083330246108773,4.2747283622369205e-05
M3-split,free,2 % H2O,model,1e-06,2.868608320452539,0.9636333223292677,0.034047243402998466,0.002270794997723593,4.8639270010283676e-05
M3-split,free,2 % H2O,model,1e-06,2.9899725083044815,0.9619142652535191,0.035555790956610496,0.002474610561907668,5.533322796273097e-05
M3-split,free,2 % H2O,model,1e-06,3.1164713344365755,0.9601159695563304,0.03712494089542504,0.0026961528082075506,6.293674003693718e-05
M3-split,free,2 % H2O,model,1e-06,3.2483220335268164,0.9582345798326413,0.038756939519285195,0.0029369090488676423,7.157159920586561e-05
M3-split,free,2 % H2O,model,1e-06,3.385751030950334,0.9562660293872542,0.040454108324168715,0.0031984866325675833,8.137565600929967e-05
M3-split,free,2 % H2O,model,1e-06,3.528994331616538,0.9542060284229107,0.04221884453256052,0.003482622142961723,9.250490156697771e-05
M3-split,free,2 % H2O,model,1e-06,3.678297925257089,0.9520500515589824,0.04405362138877458,0.003791191236336463,0.00010513581590652957
M3-split,free,2 % H2O,model,1e-06,3.833918208860631,0.9497933245031291,0.04596098833111656,0.004126219151112746,0.00011946801464169945
M3-split,free,2 % H2O,model,1e-06,3.9961224269797992,0.9474308098582797,0.04794357098536854,0.0044898919253820125,0.00013572723096977484
M3-split,free,2 % H2O,model,1e-06,4.165189130666562,0.9449571920548495,0.05000407091161767,0.004884568359152634,0.00015416867438029628
M3-split,free,2 % H2O,model,1e-06,4.341408655824089,0.9423668613701428,0.05214526505995843,0.0053127927574973385,0.00017508081240127997
M3-split,free,2 % H2O,model,1e-06,4.525083621796566,0.9396538968735729,0.05437000501100521,0.005777308488222845,0.0001987896271990646
M3-split,free,2 % H2O,model,1e-06,4.716529451053179,0.9368120482831145,0.05668121592268864,0.006281072389314907,0.00022566340488201788
M3-split,free,2 % H2O,model,1e-06,4.916074910858767,0.9338347167410682,0.05908189507644494,0.00682727006039495,0.00025611812209209214
M3-split,free,2 % H2O,model,1e-06,5.124062677861254,0.9307149344609997,0.06157510996769096,0.007419332069362983,0.00029062350194640436
M3-split,free,2 % H2O,model,1e-06,5.34084992656552,0.9274453431200357,0.06416399595907717,0.008060951101235883,0.00032970981965125325
M3-split,free,2 % H2O,model,1e-06,5.566808942704215,0.9240181709561962,0.06685175342287131,0.008756100073746892,0.00037397554718566697
M3-split,free,2 % H2O,model,1e-06,5.802327762558867,0.9204252086397411,0.0696416441828299,0.009509051240974908,0.0004240959364540784
M3-split,free,2 % H2O,model,1e-06,6.047810839329224,0.9166577838154634,0.07253698723556513,0.010324396297566192,0.00048083265140522175
M3-split,free,2 % H2O,model,1e-06,6.303679737695092,0.9127067343182488,0.07554115362021091,0.011207067489844593,0.0005450445716956981
M3-split,free,2 % H2O,model,1e-06,6.570373857763537,0.908562379979326,0.07865756038724843,0.012162359729655082,0.0006176999037704386
M3-split,free,2 % H2O,model,1e-06,6.848351189644559,0.904214493065179,0.08188966348806855,0.013195953697078731,0.0006998897496737104
M3-split,free,2 % H2O,model,1e-06,7.138089099951173,0.8996522673929954,0.08524094940284911,0.01431393990445957,0.0007928432996959924
M3-split,free,2 % H2O,model,1e-06,7.440085151574459,0.8948642861295149,0.08871492536084363,0.015522843677495327,0.0008979448321460954
M3-split,free,2 % H2O,model,1e-06,7.7548579581413986,0.8898384882865847,0.09231510800141207,0.016829650989912515,0.0010167527220907105
M3-split,free,2 % H2O,model,1e-06,8.082948074622873,0.8845621340448359,0.09604501020814389,0.018241835066228954,0.0011510206807913367
M3-split,free,2 % H2O,model,1e-06,8.424918925621194,0.8790217689423481,0.09990812594811618,0.019767383640376775,0.0013027214691589998
M3-split,free,2 % H2O,model,1e-06,8.781357772931367,0.8732031871488656,0.10390791277096979,0.02141482672877421,0.0014740733513903548
M3-split,free,2 % H2O,model,1e-06,9.1528767240376,0.8670913940568532,0.10804777162609464,0.023193264737971134,0.0016675695790810657
M3-split,free,2 % H2O,model,1e-06,9.540113783277015,0.8606705684063888,0.11233102368481751,0.025112396686824127,0.0018860112219694887
M3-split,free,2 % H2O,model,1e-06,9.943733947475618,0.8539240243148359,0.11676088372302817,0.027182548274112442,0.002132543688023352
M3-split,free,2 % H2O,model,1e-06,10.36443034793812,0.8468341736300532,0.12134042959722482,0.02941469946870871,0.0024106973040131114
M3-split,free,2 % H2O,model,1e-06,10.802925440752704,0.8393824891907498,0.12607256723225602,0.03182051122431049,0.0027244323526837686
M3-split,free,2 % H2O,model,1e-06,11.259972247454842,0.8315494696352645,0.13095999049571205,0.03441235087050813,0.0030781889985154447
M3-split,free,2 % H2O,model,1e-06,11.736355648180727,0.8233146066822643,0.1360051351460903,0.03720331561768486,0.0034769425539607026
M3-split,free,2 % H2O,model,1e-06,12.23289372953102,0.8146563558351524,0.14121012606976605,0.04020725352765304,0.0039262645674285985
M3-split,free,2 % H2O,model,1e-06,12.750439189459637,0.8055521118700506,0.14657671667059124,0.04343878120937477,0.004432390249983515
M3-split,free,2 % H2O,model,1e-06,13.289880801600054,0.795978190563634,0.1521062193545922,0.04691329732095929,0.005002292760814719
M3-split,free,2 % H2O,model,1e-06,13.852144941543997,0.7859098185941801,0.15779942563916172,0.05064699085888266,0.00564376490777564
M3-split,free,2 % H2O,model,1e-06,14.438197177693354,0.7753211339045379,0.16365651424507585,0.054656843022690235,0.00636550882769623
M3-split,free,2 % H2O,model,1e-06,15.049043929417392,0.7641851992176283,0.16967694536055722,0.05896062123325172,0.007177234188562769
M3-split,free,2 % H2O,model,1e-06,15.685734195362725,0.7524740321608182,0.17585933861159292,0.06357686370760543,0.008089765519983519
M3-split,free,2 % H2O,model,1e-06,16.34936135488421,0.7401586559535119,0.18220133217990478,0.06852485267149114,0.009115159195092147
M3-split,free,2 % H2O,model,1e-06,17.041065045690072,0.7272091755096735,0.1886994198995103,0.07382457401500067,0.010266830575815487
M3-split,free,2 % H2O,model,1e-06,17.762033120925942,0.7135948848506669,0.195348762502965,0.0794966608568133,0.011559691789554651
M3-split,free,2 % H2O,model,1e-06,18.51350368905859,0.6992844129936805,0.20214296840317522,0.08556231803734093,0.013010300565803318
M3-split,free,2 % H2O,model,1e-06,19.29676724006232,0.6842459168355932,0.2090738386754938,0.0920432240852179,0.014637020403694861
M3-split,free,2 % H2O,model,1e-06,20.113168861559622,0.6684473314658937,0.2161310696287023,0.09896140662475776,0.016460192280646165
M3-split,free,2 % H2O,model,1e-06,20.964110548721372,0.6518566904886042,0.22330190510245432,0.10633908646988449,0.01850231793905709
M3-split,free,2 % H2O,model,1e-06,21.851053611893725,0.6344425316370859,0.2305707289714139,0.11419848478453767,0.020788254606962514
M3-split,free,2 % H2O,model,1e-06,22.77552118608608,0.6161744062506402,0.23791858633582139,0.122561586617431,0.023345420796107345
M3-split,free,2 % H2O,model,1e-06,23.739100846629615,0.5970235151762542,0.24532261947732545,0.1314498527752499,0.026204012571170495
M3-split,free,2 % H2O,model,1e-06,24.74344733549848,0.5769634986029201,0.25275540175553657,0.14088387022159604,0.02939722941994738
M3-split,free,2 % H2O,model,1e-06,25.79028540297515,0.5559714129019405,0.2601841494138586,0.15088292928421956,0.032961508399981396
M3-split,free,2 % H2O,model,1e-06,26.88141276954016,0.534028935444872,0.2675697869201155,0.16146451251572963,0.03693676511928286
M3-split,free,2 % H2O,model,1e-06,28.01870321307253,0.511123846224598,0.2748658375851183,0.17264367672637385,0.0413666394639099
M3-split,free,2 % H2O,model,1e-06,29.204109786662425,0.4872518452066175,0.2820171067232755,0.1844323045404603,0.046298743529646705
M3-split,free,2 % H2O,model,1e-06,30.439668172562268,0.4624187754966584,0.28895812099298795,0.19683819495631896,0.05178490855403482
M3-split,free,2 % H2O,model,1e-06,31.727500178035505,0.436643334402639,0.2956112849067129,0.20986395404588498,0.05788142664476301
M3-split,free,2 % H2O,model,1e-06,33.069817379106794,0.40996036457689433,0.3018847206254334,0.2235056332681994,0.06464928152947276
M3-split,free,2 % H2O,model,1e-06,34.46892491847074,0.38242482445783516,0.3076697667845177,0.23775104914833395,0.07215435960931325
M3-split,free,2 % H2O,model,1e-06,35.92722546408158,0.35411653341667193,0.3128381426052148,0.25257769625177334,0.08046762772633993
M3-split,free,2 % H2O,model,1e-06,37.4472233352214,0.3251457568456235,0.3172388503445689,0.26795013872418594,0.0896652540856217
M3-split,free,2 % H2O,model,1e-06,39.03152880313289,0.2956596378261087,0.320694989827576,0.2838167391357368,0.09982863321057847
M3-split,free,2 % H2O,model,1e-06,40.68286257360202,0.26584933143378353,0.3230008742177658,0.3001055491915551,0.11104424515689572
M3-split,free,2 % H2O,model,1e-06,42.404060459188024,0.23595742188435392,0.323920183173691,0.3167191702195018,0.12340322472245328
M3-split,free,2 % H2O,model,1e-06,44.1980782491253,0.20628477074792623,0.3231863847611177,0.33352841008852674,0.13700043440242923
M3-split,free,2 % H2O,model,1e-06,46.06799678525902,0.17719516073415356,0.3205074842732691,0.3503646674475202,0.151932687545057
M3-split,free,2 % H2O,model,1e-06,48.01702725273211,0.14911507158138987,0.3155780964165912,0.36701126896161046,0.16829556304040852
M3-split,free,2 % H2O,model,1e-06,50.048516694508926,0.12252463485984467,0.308102777082214,0.3831946097615674,0.18617797829637392
M3-split,free,2 % H2O,model,1e-06,52.165953759205564,0.09793479587416143,0.2978346879183995,0.39857710448742334,0.2056534117200157
M3-split,free,2 % H2O,model,1e-06,54.372974692097905,0.07584608551875399,0.2846316094162212,0.4127557156823883,0.22676658938263647
M3-split,free,2 % H2O,model,1e-06,56.67336957959499,0.056687958438003144,0.2685251447518873,0.42527193272117114,0.24951496408893828
M3-split,free,2 % H2O,model,1e-06,59.07108885790181,0.04074591329239931,0.2497879712428105,0.43564014350833447,0.27382597195645575
M3-split,free,2 % H2O,model,1e-06,61.57025009704871,0.028095318345172513,0.22897146481478356,0.4433991145547614,0.29953410228528254
M3-split,free,2 % H2O,model,1e-06,64.17514507193687,0.018569211166902435,0.20688208655095067,0.4481832623675027,0.3263654399146441
M3-split,free,2 % H2O,model,1e-06,66.89024713254423,0.011781906666977501,0.1844814335834665,0.4497977102779273,0.35393894947162857
M3-split,free,2 % H2O,model,1e-06,69.72021888594699,0.007207269010216739,0.16273110668071386,0.4482712942577965,0.381790330051273
M3-split,free,2 % H2O,model,1e-06,72.66992020335023,0.004282900965665775,0.14243665906603603,0.443864746631065,0.4094156933372333
M3-split,free,2 % H2O,model,1e-06,75.74441656587685,0.0025006766833451876,0.12414673759291933,0.4370291837210406,0.436323402002695
M3-split,free,2 % H2O,model,1e-06,78.94898776344854,0.0014577857883103155,0.10813144840356662,0.4283313177670529,0.4620794480410702
M3-split,free,2 % H2O,model,1e-06,82.28913696169538,0.0008667456231979867,0.09442487130571924,0.4183719812632614,0.48633640180782134
M3-split,free,2 % H2O,model,1e-06,85.7706001524658,0.0005389943983886995,0.08289742473301927,0.4077195716389165,0.5088440092296755
M3-split,free,2 % H2O,model,1e-06,89.39935600416594,0.0003589169769490512,0.0733278101346165,0.39686768397066596,0.5294455889177685
M3-split,free,2 % H2O,model,1e-06,93.18163612884342,0.00025932622847295994,0.06545866162365245,0.38621564082858145,0.5480663713192933
M3-split,free,2 % H2O,model,1e-06,97.1239357836489,0.00020280818375991463,0.05903263094873438,0.3760656518214027,0.564698909046103
M3-split,free,2 % H2O,model,1e-06,101.23302502505048,0.0001692186417625385,0.05381222991699028,0.3666298893138947,0.5793886621273525
M3-split,free,2 % H2O,model,1e-06,105.51596033495792,0.00014798379283556938,0.049588509479856706,0.3580423764574464,0.5922211302698612
M3-split,free,2 % H2O,model,1e-06,109.98009673872109,0.00013364061108400778,0.04618302210700477,0.3503724740733247,0.6033108632085865
M3-split,free,2 % H2O,model,1e-06,114.63310043581247,0.0001233733076154003,0.04344621346127565,0.3436381924800491,0.6127922207510599
M3-split,free,2 % H2O,model,1e-06,119.48296196488577,0.00011570471414243452,0.041254209433837064,0.33781845026351587,0.6208116355885046
M3-split,free,2 % H2O,model,1e-06,124.53800992581655,0.00010982447171460632,0.039505120148825006,0.3328638951839691,0.6275211601954912
M3-split,free,2 % H2O,model,1e-06,129.80692528229133,0.00010525432061025699,0.03811544615701094,0.32870615719361274,0.633073142328766
M3-split,free,2 % H2O,model,1e-06,135.29875626950604,0.00010168542173787157,0.03701685753278668,0.32526553255464197,0.6376159244908335
M3-split,free,2 % H2O,model,1e-06,141.02293393257435,9.890044716435508e-05,0.03615343966991049,0.32245717062077206,0.6412904892621529
M3-split,free,2 % H2O,model,1e-06,146.9892883223311,9.673616281184578e-05,0.035479408422379455,0.32019587665656674,0.6442279787582419
M3-split,free,2 % H2O,model,1e-06,153.20806537634184,9.506484669750011e-05,0.03495725162953755,0.31839967335844305,0.6465480101653219
M3-split,free,2 % H2O,model,1e-06,159.68994451410924,9.378435331214546e-05,0.034556234193863056,0.31699228121626993,0.6483577002365549
M3-split,free,2 % H2O,model,1e-06,166.4460569766914,9.281220292772136e-05,0.03425120177290793,0.3159046845900231,0.6497513014341414
M3-split,free,2 % H2O,model,1e-06,173.48800494222866,9.208163826771215e-05,0.03402162185575583,0.3150759512212917,0.6508103452846848
M3-split,free,2 % H2O,model,1e-06,180.82788145020223,9.153873683146584e-05,0.03385080850890607,0.3144534650698597,0.6516041876844026
M3-split,free,2 % H2O,model,1e-06,188.4782911686432,9.114015918675529e-05,0.03372528687412902,0.3139927183746576,0.6521908545920266
M3-split,free,2 % H2O,model,1e-06,196.45237203995435,9.085132557684473e-05,0.033634264326934525,0.31365679374502625,0.6526180906024623
M3-split,free,2 % H2O,model,1e-06,204.76381784251524,9.064490194089046e-05,0.03356918333528332,0.3134156471254469,0.6529245246373289
M3-split,free,2 % H2O,model,1e-06,213.42690170681885,9.049951854044455e-05,0.033523337330915344,0.31324527978152383,0.6531408833690204
M3-split,free,2 % H2O,model,1e-06,222.45650062652007,9.03986833601658e-05,0.03349154079591929,0.3131268777781417,0.6532911827425788
M3-split,free,2 % H2O,model,1e-06,231.86812100648996,9.032984642621499e-05,0.03346984212170599,0.3130459628778022,0.6533938651540655
M3-split,free,2 % H2O,model,1e-06,241.67792529175034,9.028360928036808e-05,0.03345527892515148,0.31299160593357195,0.6534628315319962
M3-split,free,2 % H2O,model,1e-06,251.90275972301498,9.025304876418225e-05,0.03344566741545875,0.31295571203426586,0.6535083675015112
M3-split,free,2 % H2O,model,1e-06,262.5601832665064,9.02331594881487e-05,0.03343942789898333,0.3129324064328019,0.6535379325087266
M3-split,free,2 % H2O,model,1e-06,273.668497767724,9.022038893944426e-05,0.033435438819316245,0.3129175092161265,0.6535568315756178
M3-split,free,2 % H2O,model,1e-06,285.2467793809492,9.02122678844326e-05,0.03343292044510509,0.31290811023026754,0.6535687570567428
M3-split,free,2 % H2O,model,1e-06,297.314911328461,9.020711514610668e-05,0.033431341835372025,0.31290222608420987,0.653576224965272
M3-split,free,2 % H2O,model,1e-06,309.89361804571615,9.020381088403363e-05,0.033430349317894646,0.31289853482235724,0.6535809120488641
M3-split,free,2 % H2O,model,1e-06,323.00450077113646,9.020162753063676e-05,0.03342971312558444,0.3128961773215562,0.6535839079253287
M3-split,free,2 % H2O,model,1e-06,336.6700746416139,9.020010129999302e-05,0.03342928682332047,0.3128946059434006,0.6535859071319788
M3-split,free,2 % H2O,model,1e-06,350.91380735744417,9.019894568368889e-05,0.033428979985095864,0.3128934824766238,0.6535873385925967
M3-split,free,2 % H2O,model,1e-06,365.7601594830805,9.01979873624124e-05,0.03342873795011409,0.31289260248391454,0.6535884615786088
M3-split,free,2 % H2O,model,1e-06,381.23462645292375,9.019712325210685e-05,0.03342852825231789,0.31289184455025754,0.6535894300741725
M3-split,free,2 % H2O,model,1e-06,397.3637823542767,9.019629486551681e-05,0.03342833252058993,0.3128911399906695,0.6535903311938751
M3-split,free,2 % H2O,model,1e-06,414.1753255626552,9.019546933383307e-05,0.033428140482868955,0.312890450422461,0.6535912136253362
M3-split,free,2 % H2O,model,1e-06,431.6981263078251,9.019462733947599e-05,0.03342794615347793,0.31288975350049386,0.6535921057186886
M3-split,free,2 % H2O,model,1e-06,449.9622762522443,9.01937587135184e-05,0.03342774644238407,0.3128890377152351,0.6535930220836674
M3-split,free,2 % H2O,model,1e-06,468.99914016706043,9.019285792805421e-05,0.03342753973119153,0.312888297065381,0.6535939703454994
M3-split,free,2 % H2O,model,1e-06,488.8414097943947,9.019192125350445e-05,0.033427324975107565,0.3128875276976479,0.6535949554059911
M3-split,free,2 % H2O,model,1e-06,509.52315998841743,9.019094554354682e-05,0.03342710131926706,0.3128867264716282,0.6535959812635613
M3-split,free,2 % H2O,model,1e-06,531.0799072316224,9.018992865513065e-05,0.033426868231713903,0.31288589145768503,0.6535970503819459
M3-split,free,2 % H2O,model,1e-06,553.5486706267875,9.018886907399082e-05,0.03342662538531054,0.31288502149500536,0.6535981642506101
M3-split,free,2 % H2O,model,1e-06,576.9680354693685,9.018776492316883e-05,0.03342637234469563,0.3128841150203481,0.6535993248700331
M3-split,free,2 % H2O,model,1e-06,601.3782195094898,9.018661413993015e-05,0.033426108622468226,0.31288317027858664,0.6536005344848052
M3-split,free,2 % H2O,model,1e-06,626.8211420173293,9.01854145200583e-05,0.03342583369346103,0.3128821853761114,0.6536017955159075
M3-split,free,2 % H2O,model,1e-06,653.3404957704963,9.018416405367444e-05,0.03342554710115523,0.3128811586792106,0.6536031100555805
M3-split,free,2 % H2O,model,1e-06,680.9818220870363,9.018286076892139e-05,0.03342524840858546,0.3128800886304046,0.6536044801002411
M3-split,free,2 % H2O,model,1e-06,709.7925890329016,9.01815024476421e-05,0.03342493710881666,0.31287897341361287,0.6536059079751227
M3-split,free,2 % H2O,model,1e-06,739.822272938202,9.01800867013394e-05,0.0334246126492766,0.3128778110453649,0.653607396218657
M3-split,free,2 % H2O,model,1e-06,771.1224433622212,9.017861107461425e-05,0.03342427446478445,0.3128765994985274,0.6536089474256136
M3-split,free,2 % H2O,model,1e-06,803.7468516531015,9.017707298359668e-05,0.033423921958460216,0.31287533663096917,0.6536105643375869
M3-split,free,2 % H2O,model,1e-06,837.7515232542927,9.017546978223354e-05,0.03342355452304117,0.3128740202655141,0.6536122497416625
M3-split,free,2 % H2O,model,1e-06,873.1948539162647,9.017379878599897e-05,0.03342317154876494,0.3128726482195871,0.6536140064328619
M3-split,free,2 % H2O,model,1e-06,910.1377099787206,9.017205707244148e-05,0.03342277236075248,0.3128712180710481,0.653615837511127
M3-split,free,2 % H2O,model,1e-06,948.6435328955174,9.017024170972572e-05,0.033422356291647436,0.31286972743018143,0.6536177460364613
M3-split,free,2 % H2O,model,1e-06,988.7784481817904,9.01683495764204e-05,0.03342192262511185,0.3128681737284359,0.6536197352968759
M3-split,free,2 % H2O,model,1e-06,1030.6113789703877,9.016637741533259e-05,0.033421470613298844,0.3128665542839806,0.6536218087253053
M3-split,free,2 % H2O,model,1e-06,1074.214164372607,9.016432184328028e-05,0.03342099948041669,0.31286486631523186,0.653623969882508
M3-split,free,2 % H2O,model,1e-06,1119.6616828464998,9.016217929060434e-05,0.033420508404114056,0.3128631068713797,0.6536262225452156
M3-split,free,2 % H2O,model,1e-06,1167.0319807846197,9.015994611273194e-05,0.03341999655125627,0.3128612729664868,0.6536285705361442
M3-split,free,2 % H2O,model,1e-06,1216.4064065419916,9.015761848290862e-05,0.03341946304456795,0.3128593614548542,0.6536310178820949
M3-split,free,2 % H2O,model,1e-06,1267.8697501345325,9.015519240756555e-05,0.03341890696805354,0.31285736905152484,0.653633568788014
M3-split,free,2 % H2O,model,1e-06,1321.51038884775,9.015266372438916e-05,0.03341832736697485,0.3128552923324248,0.653636227636876
M3-split,free,2 % H2O,model,1e-06,1377.4204390058364,9.015002809520025e-05,0.033417723246212984,0.3128531277284659,0.6536389989972259
M3-split,free,2 % H2O,model,1e-06,1435.6959141617613,9.01472809985337e-05,0.03341709356856087,0.31285087151939744,0.6536418876310431
M3-split,free,2 % H2O,model,1e-06,1496.4368899799936,9.014441772190594e-05,0.0334164372529438,0.3128485198273966,0.6536448985019377
M3-split,free,2 % H2O,model,1e-06,1559.747676095074,9.014143335375692e-05,0.033415753172564684,0.31284606861038694,0.6536480367836945
M3-split,free,2 % H2O,model,1e-06,1625.7369952410816,9.01383227750535e-05,0.033415040152971004,0.3128435136550725,0.6536513078691815
M3-split,free,2 % H2O,model,1e-06,1694.5181699596842,9.013508065053973e-05,0.03341429697004004,0.3128408505696759,0.6536547173796335
M3-split,free,2 % H2O,model,1e-06,1766.2093172073767,9.01317013928594e-05,0.033413522339419306,0.3128380747446832,0.6536582712145047
M3-split,free,2 % H2O,model,1e-06,1840.933551196067,9.012817920494375e-05,0.03341271493074169,0.3128351814063884,0.653661975483665
M3-split,free,2 % H2O,model,1e-06,1918.8191948154297,9.012450805351468e-05,0.03341187336009743,0.3128321655890132,0.6536658365428358
M3-split,free,2 % H2O,model,1e-06,2000.0,9.012068164077339e-05,0.03341099618196778,0.31282902210482144,0.6536698610315701
M3-split,free,2 % H2O,measured,,168.07722205005706,-0.0010711191791421,0.0474570978595056,0.3110819331643747,0.6646627372176465
M3-split,free,2 % H2O,measured,,201.08638871672372,-0.0098593038586997,0.0334572695449766,0.3194433195126915,0.6665102412244548
M3-split,free,2 % H2O,measured,,240.07861093894596,0.0002907167844127,0.0334362654249292,0.3148079220219537,0.6665862072580934
M3-split,free,2 % H2O,measured,,264.0830553833904,0.0086596375712932,0.0358955628262214,0.3164927413342183,0.6567827099376988
M3-split,free,2 % H2O,measured,,288.08472205005705,-0.0020310606665759,0.0397880334356645,0.3151206704105191,0.6581188452484922
M3-split,free,2 % H2O,measured,,313.09472205005704,-0.0011376573631658,0.0418159161497612,0.3143935369194698,0.6603572661300198
