time_s,time_h,TMSPA_mM,BMSPA_mM,MMSPA_mM,H3PO4_mM,H2O_mM,TMSOH_mM,siloxyl_mM,EC_mM,TMSOEG_mM,TMSOdiEG_mM,CO2_mM
0.001,2.7777777777777776e-07,49.99981359302084,0.00018640663169027083,3.47474688032501e-10,4.3180898741730454e-16,19.999813593542008,0.00018640558934004546,8.68648044019759e-10,4500.0,2.762843883352328e-16,2.7299710085790127e-28,2.7628438833577883e-16
0.0010424040070215568,2.895566686170991e-07,49.999805688633344,0.00019431098909106846,3.7756801784372263e-10,4.891033968048557e-16,19.99980568919965,0.00019430985647066486,9.438762361041748e-10,4500.0,3.0021222640903416e-16,3.092195991108289e-28,3.0021222640965267e-16
0.001086606113854597,3.0183503162627693e-07,49.999797449069476,0.00020255052025820847,4.102676003927506e-10,5.539997276967265e-16,19.999797449684827,0.00020254928955017125,1.025619379090817e-09,4500.0,3.262123510573584e-16,3.502481621049148e-28,3.2621235105805895e-16
0.0011326825671361539,3.1463404642670944e-07,49.99978886011653,0.00021113943767202828,4.4579915129514206e-10,6.275066131365605e-16,19.999788860785173,0.00021113810038192818,1.1144416716779743e-09,4500.0,3.544642335750047e-16,3.9672046507509453e-28,3.5446423357579823e-16
0.0011807128466661903,3.279757907406084e-07,49.999779906959134,0.00022009255645902653,4.844079342791559e-10,7.107665131502741e-16,19.999779907685685,0.00022009110335683885,1.2109561708600127e-09,4500.0,3.8516288838344607e-16,4.493587910063869e-28,3.851628883843449e-16
0.0012307798025066657,3.418832784740738e-07,49.99977057415369,0.00022942531994474762,5.263604541400413e-10,8.050734711541327e-16,19.999770574943167,0.00022942374100115535,1.3158290227228962e-09,4500.0,4.1852021913612124e-16,5.089812565463885e-28,4.1852021913713936e-16
0.0012829697978941476,3.56380499415041e-07,49.99976084560176,0.00023915382629006047,5.719462963102924e-10,9.11893226319601e-16,19.999760846459605,0.00023915211060724145,1.4297840595686399e-09,4500.0,4.547664814014196e-16,5.765145273951205e-28,4.547664814025727e-16
0.0013373728582124964,3.714924606145823e-07,49.99975070452227,0.0002492948562567603,6.214801257431651e-10,1.0328859944885922e-15,19.999750705454396,0.0002492929919931824,1.5536077950839414e-09,4500.0,4.941518720192768e-16,6.530082207994345e-28,4.941518720205829e-16
0.0013940828262825786,3.8724522952293854e-07,49.99974013342255,0.00025986590215036485,6.753038589063029e-10,1.1699322717083247e-15,19.999740134435402,0.0002598638764390689,1.6881548520134024e-09,4500.0,5.369482561015884e-16,7.396512190007821e-28,5.3694825610306775e-16
0.0014531975242368955,4.036659789546932e-07,49.999729114068224,0.00027088519799001084,7.337890238771721e-10,1.3251620614338157e-15,19.99972911516879,0.0002708829968498188,1.8343538597806724e-09,4500.0,5.834510435966996e-16,8.377901471859992e-28,5.834510435983754e-16
0.0015148189222583457,4.207830339606516e-07,49.99971762745171,0.0002823717509574666,7.973393248302472e-10,1.5009879796579847e-15,19.99971762864758,0.00028236935919650157,1.9932138627416933e-09,4500.0,6.339812283705019e-16,9.489503031322828e-28,6.339812283724e-16
0.0015790533144741758,4.3862592068727107e-07,49.999705653759435,0.00029434537417947923,8.663934286165905e-10,1.7001427525015954e-15,19.99970565505887,0.00029434277529033243,2.165831283275575e-09,4500.0,6.888876038783458e-16,1.0748593638427253e-27,6.888876038804957e-16
0.0016460115023085497,4.572254173079305e-07,49.99969317233768,0.0003068267208999814,9.414279926693632e-10,1.92572168906474e-15,19.999693173749648,0.0003068238969458028,2.353397487744753e-09,4500.0,7.485491707208303e-16,1.2174742376299447e-27,7.485491707232654e-16
0.0017158089856100047,4.766136071138902e-07,49.99968016165694,0.0003198373201010688,1.0229609551343808e-09,2.181230789669e-15,19.999680163191194,0.00031983425159179494,2.5572070075131003e-09,4500.0,8.133777527008675e-16,1.3790114789931183e-27,8.133777527036255e-16
0.0017885661618834618,4.968239338565172e-07,49.99966659927482,0.00033339961363415565,1.1115551099346415e-09,2.4706412372068782e-15,19.999666600941932,0.0003333962793920225,2.778666471727356e-09,4500.0,8.83820839438457e-16,1.561981739008065e-27,8.838208394415813e-16
0.001864408533970487,5.178912594362464e-07,49.99965246179726,0.000347536994925328,1.2078219914443794e-09,2.7984511185241266e-15,19.999652463608744,0.00034753337193874014,3.0193043134749006e-09,4500.0,9.603646751633193e-16,1.7692287866717365e-27,9.603646751668577e-16
0.0019434669265360202,5.398519240377834e-07,49.99963772483826,0.00036227384932161286,1.312426095584961e-09,3.169755335132477e-15,19.99963772680662,0.0003622699125863608,3.2807813162627827e-09,4500.0,1.0435376150045344e-15,2.003973707685962e-27,1.0435376150085426e-15
0.002025877711735017,5.627438088152825e-07,49.99962236297777,0.00037763559614772024,1.4260894664769095e-09,3.590324789832448e-15,19.999622365116586,0.00037763131849445197,3.564902073556391e-09,4500.0,1.1339137719426033e-15,2.2698649676353287e-27,1.1339137719471432e-15
0.0021117830444482445,5.866064012356234e-07,49.99960634971786,0.00039364873254575054,1.5495966803051895e-09,4.066696079995578e-15,19.999606352041905,0.00039364408445250674,3.873627440410404e-09,4500.0,1.2321169795953212e-15,2.5710351176607248e-27,1.2321169796004638e-15
0.0022013311074930322,6.114808631925089e-07,49.999589657437035,0.0004103408791734432,1.683800260796425e-09,4.606273091554683e-15,19.999589659962332,0.0004103358285619635,4.209088063063844e-09,4500.0,1.3388250981887365e-15,2.912165023970706e-27,1.3388250981945613e-15
0.002294676367231936,6.374101020088711e-07,49.99957225734254,0.0004277408278397357,1.8296265636853988e-09,5.217442072716105e-15,19.999572260086527,0.0004277353398541306,4.573599079801236e-09,4500.0,1.4547746934329015e-15,3.29855661947128e-27,1.4547746934394991e-15
0.00239197984002024,6.644388444500666e-07,49.999554119420765,0.0004458785911597398,1.9880821707850146e-09,5.909701975915591e-15,19.999554122402376,0.0004458726279260042,4.969676094455122e-09,4500.0,1.5807661205958087e-15,3.736215308249116e-27,1.5807661206032815e-15
0.0024934093699518806,6.926137138755224e-07,49.99953521238543,0.00046478545431472137,2.1602608377908084e-09,6.693812093844593e-15,19.999535215625244,0.00046477897467942886,5.4000525326962855e-09,4500.0,1.717669048865318e-15,4.231943303671751e-27,1.7176690488737825e-15
0.002599139918382933,7.219833106619258e-07,49.99951550362365,0.00048449402900629896,2.3473510437727735e-09,7.581959284165823e-15,19.99951550714402,0.00048448698825267615,5.86769850078806e-09,4500.0,1.8664284641275854e-15,4.793445350803408e-27,1.866428464137173e-15
0.0027093538657320514,7.525982960366809e-07,49.99949495913966,0.0005050383096978495,2.550644194459613e-09,8.587947381992292e-15,19.99949496296489,0.0005050306592372734,6.375841276834815e-09,4500.0,2.028071191592187e-15,5.429448476317197e-27,2.0280711916030466e-15
0.002824241326078436,7.845114794662322e-07,49.99947354349622,0.0005264537322400449,2.7715435359325265e-09,9.727411744055383e-15,19.9994735476527,0.0005264454192768376,6.927987575803732e-09,4500.0,2.2037129832817362e-15,6.1498376271055156e-27,2.2037129832940365e-15
0.0029440004751000335,8.177779097500093e-07,49.99945121975345,0.0005487772349815641,3.011573840248445e-09,1.1018062259095404e-14,19.999451224269862,0.0005487682021487686,7.52794774182103e-09,4500.0,2.394566219302164e-15,6.965809305739758e-27,2.394566219316096e-15
0.003068837891917642,8.524549699771228e-07,49.999427949405145,0.0005720473224702865,3.2723919298397456e-09,1.2479958601441874e-14,19.999427954312655,0.0005720375074339203,8.179862034522067e-09,4500.0,2.601948276045608e-15,7.890045590644899e-27,2.6019482760613882e-15
0.0031989689154345376,8.886024765095938e-07,49.999403692312356,0.0005963041318547367,3.555798113325875e-09,1.413582200588753e-14,19.999403697644833,0.0005962934668837892,8.888229190660694e-09,4500.0,2.8272906190803678e-15,8.936911245682058e-27,2.827290619098243e-15
0.003334618015786363,9.262827821628785e-07,49.99937840663416,0.0006215895021002106,3.863748611662174e-09,1.6011388409590834e-14,19.999378412428403,0.0006215779135994237,9.657937457857263e-09,4500.0,3.072148683483678e-15,1.01226769826984e-26,3.0721486835039244e-15
0.0034760191815419775,9.655608837616605e-07,49.99935204875551,0.0006479470461290038,4.1983690662387225e-09,1.8131916933951787e-14,19.99935205505149,0.00064793445414413,1.0494301903680151e-08,4500.0,3.3382127272304058e-15,1.1463395379900995e-26,3.338212727253332e-15
0.00362341632332315,1.0065045342564305e-06,49.999324573211986,0.0006754222260556983,4.5619691935110194e-09,2.0533855421593195e-14,19.999324580053145,0.0006754085437003788,1.1403090712136432e-08,4500.0,3.627319158559266e-15,1.298203603435347e-26,3.62731915858523e-15
0.0037770636945393685,1.049184359594269e-06,49.99929593261138,0.0007040624315597959,4.957058742591704e-09,2.3255067077755566e-14,19.999295940044934,0.0007040475644238869,1.2390574480691732e-08,4500.0,3.941463522288956e-15,1.4702526806813634e-26,3.941463522318359e-15
0.003937226329963483,1.093673980545412e-06,49.99926607755203,0.0007339170616100859,5.386364814067959e-09,2.633792558556028e-14,19.999266085629255,0.0007339009071098764,1.3463567156095113e-08,4500.0,4.282814197614239e-15,1.6651656830892906e-26,4.282814197647541e-15
0.004104180502904709,1.1400501396957524e-06,49.9992349565375,0.0007650376096484657,5.8528506820477e-09,2.983042626458497e-14,19.99923496531414,0.0007650200563191816,1.462947261464158e-08,4500.0,4.653727350868733e-15,1.885976931629253e-26,4.653727350906451e-15
0.004278214201767617,1.188392833824338e-06,49.99920251588787,0.0007974777523831139,6.359736246895341e-09,3.3786931842023104e-14,19.999202525424487,0.0007974586791102008,1.5896335727217678e-08,4500.0,5.056763198012184e-15,2.1361233038145776e-26,5.056763198054905e-15
0.004459627626819096,1.2387854518941932e-06,49.99916869964712,0.0008312934423450345,6.910520259122273e-09,3.826901716118545e-14,19.999168710009506,0.0008312727175289218,1.727289784338398e-08,4500.0,5.4947036754123006e-15,2.4194976376528926e-26,5.4947036754606885e-15
0.0046487337080202565,1.2913149188945156e-06,49.99913344948661,0.0008665430043674105,7.509004467801566e-09,4.334642595331339e-14,19.999133460746258,0.0008665204850160049,1.8768657076745064e-08,4500.0,5.970571640870151e-15,2.740509220466915e-26,5.970571640924958e-15
0.004845858644816496,1.34607184578236e-06,49.999096704604504,0.0009032872361539342,8.159319860155823e-09,4.909815454014225e-14,19.9990967168391,0.0009032627668965911,2.0393933806900777e-08,4500.0,6.48765173739706e-15,3.1041523025374267e-26,6.48765173745914e-15
0.005051342468816766,1.403150685782435e-06,49.99905840162091,0.0009415895131093088,8.865955173396145e-09,5.561367930717348e-14,19.999058414914863,0.0009415629251254921,2.215994184916896e-08,4500.0,7.049513063724114e-15,3.516083700228388e-26,7.049513063794435e-15
0.005265539630332755,1.4626498973146541e-06,49.99901847446856,0.0009815158976124708,9.633787875569287e-09,6.299434702184989e-14,19.9990184889136,0.0009814870074677238,2.4078865782268027e-08,4500.0,7.660033807992399e-15,3.982710694507746e-26,7.66003380807205e-15
0.005488819609789672,1.5246721138304643e-06,49.99897685427892,0.0010231352529206947,1.0468117829205305e-08,7.135494960148515e-14,19.998976869974683,0.0010231038613019048,2.6163944966509814e-08,4500.0,8.323428014617485e-15,4.511290590771699e-26,8.32342801470771e-15
0.005721567555063252,1.5893243208509034e-06,49.99893346926334,0.0010665193619007036,1.1374703870068657e-08,8.082550780222188e-14,19.998933486318123,0.0010664852522419572,2.8429564831074112e-08,4500.0,9.044274669040389e-15,5.110043487102254e-26,9.044274669142586e-15
0.00596418494584246,1.6567180405117944e-06,49.99888824458934,0.0011117430507912279,1.2359803553429263e-08,9.15532915470297e-14,19.998888263120794,0.0011117059877807922,3.089135605892974e-08,4500.0,9.827549301070158e-15,5.788280003354477e-26,9.827549301185922e-15
0.006217090286163827,1.7269695239343964e-06,49.9988411022515,0.0011588843182100761,1.3430216342123693e-08,1.0370510828825213e-13,19.998841122387457,0.001158844046168236,3.356630235227325e-08,4500.0,1.0678658324900267e-14,6.556545955970016e-26,1.0678658325031394e-14
0.0064807198263119705,1.8001999517533251e-06,49.99879196093695,0.0012080244696278004,1.4593330534422712e-08,1.1746989496563566e-13,19.998791982816325,0.0012079807107443778,3.647285752034943e-08,4500.0,1.160347635276232e-14,7.426786226761745e-26,1.1603476352910855e-14
0.0067555283153316464,1.8765356431476795e-06,49.99874073588518,0.0012592482575394335,1.5857174255523523e-08,1.3306165383886564e-13,19.998740759658894,0.0012592007099588732,3.9631072695601736e-08,4500.0,1.260838673969719e-14,8.412530372203508e-26,1.2608386739865439e-14
0.007041989785449296,1.9561082737359154e-06,49.998687338741824,0.0013126440275755664,1.723047086451943e-08,1.507227778177006e-13,19.998687364573872,0.0013125923633163993,4.306273455370986e-08,4500.0,1.3700325639214999e-14,9.529102857623871e-26,1.370032563940558e-14
0.007340598369757212,2.0390551027103367e-06,49.99863167740636,0.0013683038708042108,1.8722699159161906e-08,1.7072781696591611e-13,19.99863170547491,0.0013682477334985917,4.679151548868641e-08,4500.0,1.4886829873837396e-14,1.0793861183395784e-25,1.488682987405327e-14
0.007651869154570825,2.125519209603007e-06,49.99857365587319,0.0014263237824855615,2.034415879382846e-08,1.933877447115065e-13,19.99857368637186,0.0014262627849233266,5.0843136776339344e-08,4500.0,1.617608895083382e-14,1.222646560368218e-25,1.617608895107834e-14
0.007976339067929281,2.2156497410914668e-06,49.99851317406621,0.0014868038275527892,2.2106041362072597e-08,2.1905479006149694e-13,19.998513207205363,0.0014867375490131467,5.524554584862028e-08,4500.0,1.7577001582059163e-14,1.384918462927696e-25,1.7577001582336145e-14
0.008314567805772064,2.3096021682700177e-06,49.99845012766617,0.0015498483131036159,2.4020507634209585e-08,2.48127910916017e-13,19.998450163674352,0.0015497762964561154,6.002910889828692e-08,4500.0,1.9099237097872872e-14,1.568724106220466e-25,1.9099237098186614e-14
0.008667138797389234,2.4075385548303427e-06,49.99838440793077,0.0016155659681993874,2.6100771482849057e-08,2.8105899353964615e-13,19.998384447056345,0.0016154877167542426,6.522682013856248e-08,4500.0,2.0753302178879378e-14,1.776920393965003e-25,2.075330217923476e-14
0.009034660211810534,2.5096278366140373e-06,49.99831590150724,0.0016840701312809134,2.836119107541859e-08,3.183598745333345e-13,19.99831594402002,0.0016839851053670227,7.087452915679983e-08,4500.0,2.255061336591289e-14,2.0127432478273132e-25,2.2550613366315433e-14
0.009417766006869518,2.6160461130193106e-06,49.99824449023677,0.0017554789455234377,3.0817367962849534e-08,3.606102944328501e-13,19.998244536429954,0.0017553865587705828,7.701118792533516e-08,4500.0,2.450357584854821e-14,2.279857891811607e-25,2.4503575849004175e-14
0.009817117022752193,2.726976950764498e-06,49.9981700509509,0.0018299155624666786,3.3486254748059306e-08,4.0846690653830395e-13,19.998170101143028,0.0018298151777663572,8.367911916758066e-08,4500.0,2.6625669075725942e-14,2.5824158080680704e-25,2.6625669076242425e-14
0.010233402121916422,2.8426117005323397e-06,49.99809245525902,0.0019075083542700582,3.638627207704167e-08,4.626734809789347e-13,19.998092509796216,0.0019073992793871967,9.092430792388578e-08,4500.0,2.8931539779135686e-14,2.9251192492582033e-25,2.893153977972071e-14
0.010667339377348576,2.963149827041271e-06,49.99801156932711,0.001988391134958075,3.9537435759676846e-08,5.24072462592896e-13,19.998011628585427,0.001988272617763476,9.87967183207893e-08,4500.0,3.143710305113003e-14,3.313294310057561e-25,3.1437103051792695e-14
0.011119677311206989,3.0887992531130523e-06,49.9979272536469,0.0020727033910361158,4.296149489723509e-08,5.936180622418976e-13,19.99792731803494,0.0020725746143269077,1.0735063772006031e-07,4500.0,3.415965217449319e-14,3.75297369339652e-25,3.415965217524378e-14
0.011591196185988858,3.2197767183302383e-06,49.9978393627954,0.0021605905218730816,4.668208196945594e-08,6.723910850122937e-13,19.997839432757104,0.0021604505977455956,1.166450506115722e-07,4500.0,3.7117977961748275e-14,4.250990457709972e-25,3.711797796259848e-14
0.012082709350447765,3.356308152902157e-06,49.99774774518413,0.002252204090263919,5.0724875916563085e-08,7.616157257479474e-13,19.997747821201852,0.0022520520540003745,1.2674404481783706e-07,4500.0,4.0332498427270336e-14,4.815084202128011e-25,4.033249842823335e-14
0.012595064642583583,3.498629067384329e-06,49.99765224279778,0.0023477020836026002,5.51177793411891e-08,8.626785929354852e-13,19.99765232539561,0.0023475368870296363,1.377172527993371e-07,4500.0,4.3825399686730646e-14,5.454021339844327e-25,4.382539968782145e-14
0.013129145852124654,3.6469849589235148e-06,49.99755269092183,0.002447249186114176,5.98911110525492e-08,9.77150256594496e-13,19.997552780669174,0.0024470696903876737,1.4964033109010855e-07,4500.0,4.762078905581935e-14,6.177731328850859e-25,4.762078905705489e-14
0.013685874245025192,3.80163173472922e-06,49.99744891785849,0.0025510170626135632,6.507781528099926e-08,1.1068096550523012e-12,19.997449015374027,0.0025508220303802434,1.625954811540261e-07,4500.0,5.174486140431955e-14,6.997460977230761e-25,5.174486140571904e-14
0.014266210152607376,3.962836153502049e-06,49.997340744630804,0.002659184654278294,7.071368900605366e-08,1.2536717399144647e-12,19.997340850586706,0.002658972741160367,1.7667201523561877e-07,4500.0,5.622607991300334e-14,7.925949221109099e-25,5.622607991458853e-14
0.014871154628089538,4.130876285580428e-06,49.99722798467403,0.0027719384869431376,7.683762896583206e-08,1.4200187888691513e-12,19.99722809980062,0.0027717082322875983,1.9196697108699281e-07,4500.0,6.109537248013244e-14,8.977625091540428e-25,6.109537248192796e-14
0.015501751173357704,4.306041992599362e-06,49.99711044351407,0.002889472992445769,8.349190005159399e-08,1.6084358729676144e-12,19.997110568604818,0.002889222809274962,2.085857797865732e-07,4500.0,6.638634513224395e-14,1.01688319470072e-24,6.638634513427772e-14
0.016159087538959182,4.488635427488661e-06,49.996987918432204,0.0030119908435750466,9.07224269384542e-08,1.8218510295907467e-12,19.996988054349206,0.003011719007669627,2.2664299122820015e-07,4500.0,7.213551391113791e-14,1.1518081456416027e-24,7.213551391344153e-14
0.01684429760042316,4.6789715556731e-06,49.996860198115655,0.0031397033031966433,9.85791109635566e-08,2.0635807654461306e-12,19.99686034579556,0.003139407941236166,2.462630622530517e-07,4500.0,7.838255683636001e-14,1.3046341279853775e-24,7.838255683896928e-14
0.01755856331414469,4.877378698373524e-06,49.99672706229336,0.00327283058815494,1.0711617443702267e-07,2.337381596777964e-12,19.996727222753805,0.0032725096648348814,2.675812128245675e-07,4500.0,8.517058768086506e-14,1.4777360918088035e-24,8.517058768382052e-14
0.01830311675620613,5.084199098946147e-06,49.99658828135627,0.0034116022485753818,1.1639253476008882e-07,2.647508427801466e-12,19.996588455702877,0.003411253552612401,2.907443561109217e-07,4500.0,9.254645344791574e-14,1.67380407950087e-24,9.254645345126335e-14
0.019079242247652662,5.299789513236851e-06,49.996443615961596,0.0035562575632176402,1.264722109302892e-07,2.9987806746515383e-12,19.996443805395582,0.0035558786921473366,3.1591210884371623e-07,4500.0,1.0056105760063733e-13,1.895885030912526e-24,1.0056105760442911e-13
0.019888278569888097,5.524521824968916e-06,49.996292816620304,0.003707045951557379,1.3742476523676294e-07,3.3966571625151835e-12,19.99629302244672,0.0037066342952205584,3.43257888868878e-07,4500.0,1.0926971127315334e-13,2.1474301351305595e-24,1.092697112774482e-13
0.02073162127401231,5.758783687225642e-06,49.996135623267094,0.0038642274033028456,1.4932578319127902e-07,3.8473209599686334e-12,19.996135846903805,0.003863780125907401,3.7297010739986546e-07,4500.0,1.187325148850749e-13,2.4323484647991126e-24,1.1873251488993961e-13
0.021610725088083777,6.002979191134382e-06,49.99597176481219,0.004028072926082197,1.6225739500406438e-07,4.357775468983039e-12,19.995972007799626,0.004027586946718002,4.0525346412823594e-07,4500.0,1.2901477279064443e-13,2.7550677265550227e-24,1.2901477279615457e-13
0.022527106426459817,6.257529562905505e-06,49.99580095867418,0.004198865012068433,1.763088421997975e-07,4.9359532639973036e-12,19.995801222685902,0.004198336983542153,4.4033035404671364e-07,4500.0,1.4018744382148415e-13,3.1206030717414508e-24,1.4018744382772539e-13
0.023482346005542765,6.522873890428546e-06,49.995622910293,0.0043768981243409244,1.915770932801481e-07,5.5908393716013985e-12,19.995623197147204,0.004376324410186216,4.784423955997573e-07,4500.0,1.5232763082922252e-13,3.534635036836426e-24,1.5232763083629177e-13
0.024478091570444414,6.799469880679004e-06,49.995437312622364,0.004562479203816135,2.081675126771667e-07,6.332610906809161e-12,19.99543762429436,0.004561855853322341,5.198520906014166e-07,4500.0,1.6551911260299338e-13,4.003597824926916e-24,1.655191126110006e-13
0.02551606073727185,7.087794649242181e-06,49.995243845600655,0.004755928197615027,2.2619458760894864e-07,7.172795236112824e-12,19.995244184236427,0.004755250918704007,5.648446272553774e-07,4500.0,1.7985292182874115e-13,4.534779300279218e-24,1.798529218378107e-13
0.026598043955937584,7.388345543315996e-06,49.995042175599416,0.004957578609770987,2.457827178478593e-07,8.124449125454733e-12,19.995042543530367,0.004956842739537175,6.137298385835702e-07,4500.0,1.9542797307444952e-13,5.136434250101503e-24,1.9542797308472239e-13
0.02772590759860484,7.701640999612455e-06,49.99483195484853,0.005167778075220098,2.6706707384495337e-07,9.202361657399644e-12,19.99483235460746,0.005166978547933013,6.668443296239704e-07,4500.0,2.1235174513001683e-13,5.817912673793545e-24,2.123517451416527e-13
0.0289015971790951,8.028221438637528e-06,49.99461282083702,0.005386888958054902,2.9019452912499586e-07,1.0423284071212037e-11,19.994613255175516,0.0053860202704061975,7.24553787902205e-07,4500.0,2.307410224048759e-13,6.589805093536085e-24,2.307410224180555e-13
0.03012714070881166,8.368650196892127e-06,49.994384395688485,0.005615288975063963,3.153246733779837e-07,1.1806190097980423e-11,19.994384867595773,0.005614345148422459,7.872554929229672e-07,4500.0,2.507227004932077e-13,7.464107144619324e-24,2.5072270050813594e-13
0.03140465219496752,8.723514498602089e-06,49.99414628551012,0.0058533718456223035,3.426309132287243e-07,1.3372570836885821e-11,19.994146798233583,0.005852346385040228,8.553810417741027e-07,4500.0,2.724346614584824e-13,8.45440600355674e-24,2.7243466147539125e-13
0.03273633528715246,9.093426468653461e-06,49.99389807971417,0.00610154796904234,3.7230166826972947e-07,1.5146768755553414e-11,19.993898636781598,0.006100433818734101,9.293993093975855e-07,4500.0,2.960267248691438e-13,9.576091551435671e-24,2.9602672488829596e-13
0.034124487078528914,9.479024188480254e-06,49.99363935031065,0.006360245130541269,4.0454167059850185e-07,1.7156356005495435e-11,19.99363995555442,0.006359034625532275,1.0098196636668975e-06,4500.0,3.216616811387977e-13,1.0846595554393043e-23,3.216616811604909e-13
0.03557150206821386,9.880972796726072e-06,49.99336965117019,0.006629909237029209,4.3957337681280517e-07,1.9432562932404074e-11,19.993370308753484,0.0066285940506464825,1.0971954571301644e-06,4500.0,3.495164142908901e-13,1.2285662578550686e-23,3.4951641431546147e-13
0.037079876291681725,1.0299965636578257e-05,49.99308851725539,0.006911005084124612,4.776385068322061e-07,2.2007836030762354e-11,19.993089231703383,0.006909576165734869,1.1921304384365852e-06,4500.0,3.79783207548814e-13,1.391391442733347e-23,3.7978320757664186e-13
0.03865221162631264,1.0736725451753511e-05,49.99279546381963,0.00720401715575586,5.189997217144563e-07,2.4909525730905706e-11,19.99279624005919,0.007202464651328811,1.2952890080619986e-06,4500.0,4.1267126954414536e-13,1.574911481891103e-23,4.1267126957564366e-13
0.0402912202795135,1.1192005633198193e-05,49.9924899855743,0.007509450455152401,5.639423737875481e-07,2.819901089847616e-11,19.992490828941854,0.007507763691390174,1.4073662440833796e-06,4500.0,4.484070479175482e-13,1.782947798307181e-23,4.484070479532073e-13
0.04199972946715306,1.1666591518653627e-05,49.99217155581624,0.007827831375312034,6.127765452823641e-07,3.192777211613081e-11,19.992172472108617,0.007825998758139443,1.5291326944865003e-06,4500.0,4.872371002367952e-13,2.018754845292853e-23,4.872371002771704e-13
0.04378068629038169,1.2161301747328248e-05,49.99183962552175,0.008159708602963929,6.658391612376318e-07,3.615411375792413e-11,19.991840621035763,0.008157717538244222,1.6614254024155498e-06,4500.0,5.294293281663745e-13,2.2860184770414728e-23,5.294293282120951e-13
0.04563716281924761,1.2676989672013225e-05,49.99149362240123,0.0085056540615354,7.234963126318645e-07,4.0944068413471146e-11,19.991494703976752,0.008503490868979939,1.8051536336953015e-06,4500.0,5.752748247746888e-13,2.5889131295569013e-23,5.752748248264673e-13
0.0475723613918789,1.3214544831077471e-05,49.991132949913975,0.008866263893898396,7.861457804979001e-07,4.637242121269058e-11,19.991134124980626,0.008863913713588809,1.9613050962448425e-06,4500.0,6.250898816676874e-13,2.932166582453526e-23,6.250898817263311e-13
0.04958962013837217,1.3774894482881158e-05,49.99075698624115,0.00924215948656469,8.542197783978612e-07,5.252386995042541e-11,19.99075826286911,0.009239606177456741,2.130952693434091e-06,4500.0,6.792181697694498e-13,3.321133306912706e-23,6.792181698358727e-13
0.05169241873891601,1.4359005205254446e-05,49.990365083215536,0.009633988537067942,9.281879321375866e-07,5.949433901895157e-11,19.99036647017055,0.009631214566792928,2.3152618570032917e-06,4500.0,7.380331087643263e-13,3.761877538413525e-23,7.380331088395641e-13
0.05388438442608224,1.4967884562800622e-05,49.98995656520577,0.010042426166342957,1.0085605172303722e-06,6.739246754481712e-11,19.989958072009063,0.010039412491564542,2.515498509034177e-06,4500.0,8.01940441512403e-13,4.261267363875497e-23,8.019404415976289e-13
0.0561692982416381,1.560258284489947e-05,49.98953072795372,0.010468176077987197,1.0958919763912478e-06,7.634129483170303e-11,19.98953236494685,0.010464902014508906,2.7330377066538905e-06,4500.0,8.71381031159081e-13,4.827081283903129e-23,8.71381031255623e-13
0.05855110155867241,1.6264194877409002e-05,49.989086837362436,0.010911971766367802,1.1907847412672386e-06,8.648016927510212e-11,19.989088615777845,0.010908414848118346,2.9693730276960324e-06,4500.0,9.468339001901776e-13,5.468128904565233e-23,9.468339002995407e-13
0.06103390288028624,1.695386191119062e-05,49.988624128233056,0.01137457777561828,1.2938933846991788e-06,9.796691038517317e-11,19.98862606027058,0.011370713601568385,3.226126760465769e-06,4500.0,1.0288195323465737e-12,6.194387632585299e-23,1.0288195324704622e-12
0.06362198492657489,1.767277359071525e-05,49.988141802948256,0.01185679101165343,1.4059291320809058e-06,1.1098025748506347e-10,19.988143901858216,0.011852593079638011,3.5050609660888963e-06,4500.0,1.1179034601183807e-12,7.017157496372484e-23,1.1179034602587245e-12
0.06631981202212675,1.842217000614632e-05,49.98763903010013,0.012359442109418852,1.5276647628477244e-06,1.2572264310439266e-10,19.987641310273485,0.012354881635752098,3.808089487701744e-06,4500.0,1.2147001625003362e-12,7.949236496848628e-23,1.2147001626593217e-12
0.06913203779678131,1.9203343832439255e-05,49.987114943059986,0.012883396857682427,1.6599399358044612e-06,1.4242333413060824e-10,19.98711742012627,0.012878442581359895,4.137290986995366e-06,4500.0,1.3198772998208775e-12,9.005119210897737e-23,1.3198773000009807e-12
0.07206351321293053,2.0017642559147368e-05,49.98656863848794,0.013429557683770244,1.8036669749127674e-06,1.613419894929446e-10,19.98657132942146,0.013424175653950795,4.494923095403125e-06,4500.0,1.434160314771801e-12,1.0201221731437152e-22,1.434160314975826e-12
0.07511929493320968,2.0866470814780466e-05,49.985999174779344,0.013998865200747829,1.9598371553171567e-06,1.8277268962346278e-10,19.986002098014506,0.013993018546098803,4.883437774556711e-06,4500.0,1.5583374312792352e-12,1.1556136437193958e-22,1.5583374315103587e-12
0.07830465404301187,2.175129278972552e-05,49.98540557044579,0.014592299819650146,2.129527532821296e-06,2.0704850026767018e-10,19.985408746002236,0.01458594849802059,5.305497988577477e-06,4500.0,1.693265085587069e-12,1.3090920548624244e-22,1.6932650858488882e-12
0.08162508514287233,2.2673634761908978e-05,49.98478680242764,0.015210883429470433,2.313908363753564e-06,2.3454664151736647e-10,19.98479025204607,0.01520398395622898,5.763995799365901e-06,4500.0,1.8398738268895403e-12,1.4829422951235146e-22,1.83987382718613e-12
0.08508631582640581,2.363508772955717e-05,49.98414180433544,0.015855681147728482,2.514251166209193e-06,2.6569434233960027e-10,19.98414555162497,0.015848186300963765,6.262072005354254e-06,4500.0,1.9991747280705826e-12,1.6798654362015471e-22,1.999174728406557e-12
0.08869431656014713,2.4637310155596425e-05,49.98346946461702,0.016527803144554272,2.73193747805308e-06,3.0097547152405356e-10,19.983473535215126,0.016519661645185747,6.803137454252509e-06,4500.0,2.172266350605741e-12,1.9029206587987518e-22,2.1722663509863268e-12
0.09245531098233575,2.56820308284266e-05,49.98276862464737,0.017228406543342154,2.968468371842241e-06,3.409380480322203e-10,19.98277304639338,0.01721956270802695,7.390896171205011e-06,4500.0,2.3603423114816515e-12,2.155572738852138e-22,2.3603423119127677e-12
0.09637578663841088,2.6771051844003024e-05,49.98203807673787,0.017958697401155216,3.225474792012594e-06,3.862027473928734e-10,19.98204287986122,0.017949090765701402,8.029370455550957e-06,4500.0,2.5646995041142775e-12,2.441745831685636e-22,2.5646995046026283e-12
0.10046250617173413,2.7906251714370593e-05,49.98127656206158,0.01871993277218826,3.504728785306172e-06,4.374725362617506e-10,19.981281779386045,0.018709497682995225,8.722928112113897e-06,4500.0,2.7867470297280395e-12,2.76588438946717e-22,2.7867470302812177e-12
0.10472251898884355,2.90895886080121e-05,49.98048276849105,0.01951342285773178,3.808155701530396e-06,4.955435847896068e-10,19.980488435656337,0.019502088028573884,9.476311996709693e-06,4500.0,3.0280159005243355e-12,3.1330221581746835e-22,3.0280159011509418e-12
0.10916317341936148,3.032310372760041e-05,49.979655328345046,0.02034053324621861,4.1378474483821e-06,5.613176262941287e-10,19.97966148404711,0.02032822127746692,1.0294672070438301e-05,4500.0,3.2901695812526603e-12,3.5488603257970114e-22,3.290169581962434e-12
0.11379212939153151,3.1608924830980975e-05,49.97879281604023,0.02120268724707906,4.496076891280377e-06,6.358159562161259e-10,19.978799502291974,0.0211893141042174,1.1183600173397677e-05,4500.0,3.5750154415362674e-12,4.019856035669751e-22,3.5750154423402397e-12
0.11861737164524792,3.294926990145776e-05,49.97789374564405,0.02210136832228011,4.88531349698277e-06,7.201952878083038e-10,19.977901008057994,0.022086842770313503,1.2149167745819652e-05,4500.0,3.884517197536012e-12,4.553322639882367e-22,3.884517198446677e-12
0.12364722350537151,3.434645097371431e-05,49.97695656832435,0.023038122619580267,5.308240328262449e-06,8.157657108516597e-10,19.976964456419317,0.02302234560965608,1.3197966743377245e-05,4500.0,4.220808428303201e-12,5.157543250093672e-22,4.2208084293347115e-12
0.12889036123908928,3.580287812196924e-05,49.97597966969181,0.024014561611692416,5.767772506155891e-06,9.240110323681844e-10,19.975988237225387,0.023997425615954034,1.4337154013652165e-05,4500.0,4.586207259519858e-12,5.841899349691829e-22,4.586207260688239e-12
0.13435582902208262,3.732106361724517e-05,49.97496136703043,0.02503236484571448,6.267077266314734e-06,1.0466118153069956e-09,19.974970672359447,0.025013753136083852,1.5574499422594497e-05,4500.0,4.983232315303192e-12,6.617016465243632e-22,4.983232316626596e-12
0.14005305453932212,3.890362626092281e-05,49.97389990641145,0.026093282807361562,6.8095957468790445e-06,1.18547147309943e-09,19.973910012882882,0.026073068673598092,1.69184380433723e-05,4500.0,5.414620047413986e-12,7.494929160232748e-22,5.414620048912973e-12
0.14599186524739785,4.055329590205496e-05,49.97279345968591,0.027199139904712667,7.399066657104904e-06,1.3427458254581247e-09,19.972804436060592,0.027177185806719885,1.837812674542158e-05,4500.0,5.88334356061375e-12,8.489267914305332e-22,5.8833435623116055e-12
0.1521825053264387,4.2272918146232977e-05,49.97164012135079,0.02835183757637204,8.039551988807537e-06,1.5208765745739434e-09,19.97165204226268,0.02832799422531866,1.9963505548904895e-05,4500.0,6.3926330631273496e-12,9.615470791291581e-22,6.392633065050444e-12
0.15863565335085913,4.4065459264127534e-05,49.97043790528331,0.029553357529137535,8.735464946606923e-06,1.7226292217780203e-09,19.97045085173733,0.029527462891523523,2.1685364139308018e-05,4500.0,6.9459980822536286e-12,1.0891023184435198e-21,6.945998084431836e-12
0.16536244070941805,4.593401130817168e-05,49.96918474133813,0.030805765110469747,9.491600288081217e-06,1.9511360137314086e-09,19.96919880124962,0.030777643328799006,2.3555413968706442e-05,4500.0,7.547251597202705e-12,1.2335729363528585e-21,7.547251599669854e-12
0.17237447080636198,4.788179744621166e-05,49.967878471801534,0.032111212821261954,1.031316728134349e-05,2.209944585353376e-09,19.967893740580855,0.03208067304447864,2.5586366404469244e-05,4500.0,8.200536254303623e-12,1.397202004279542e-21,8.200536257098031e-12
0.1796838390767721,4.991217752132558e-05,49.96651684769682,0.033471943974625384,1.1205825505370497e-05,2.5030730552161847e-09,19.966533428882677,0.03343877909092864,2.7792017423012405e-05,4500.0,8.910352843909198e-12,1.582530074806622e-21,8.91035284707426e-12
0.18730315385064383,5.2028653847401065e-05,49.96509752493459,0.034890296506627325,1.217572373774768e-05,2.8350724293949113e-09,19.965115530880176,0.03485428177069655,3.0187339385843912e-05,4500.0,9.681591233720908e-12,1.7924346395755215e-21,9.681591237305778e-12
0.1952455581016861,5.4234877250468356e-05,49.963618060301584,0.03636870694514791,1.3229542195479667e-05,3.2110972833230836e-09,19.963637612917754,0.036329598491185396,3.2788580477742546e-05,4500.0,1.0519563969967187e-11,2.030174821421705e-21,1.051956397402754e-11
0.20352475211835777,5.653465336621049e-05,49.96207590728136,0.037909714543260295,1.4374538417291916e-05,3.636985819834089e-09,19.96209713884149,0.03786724777458665,3.5613372432682885e-05,4500.0,1.1430042776006851e-11,2.2994419951403104e-21,1.1430042780605738e-11
0.21215501713624524,5.8931949204512566e-05,49.96046841169979,0.03951596558378271,1.5618597100566712e-05,4.119350547262888e-09,19.960491465711296,0.039469853429001375,3.868084722226124e-05,4500.0,1.2419298197614758e-11,2.6044171233985816e-21,1.2419298202823595e-11
0.22115123997254887,6.143089999237469e-05,49.95879280718821,0.041190217861906374,1.6970284232881438e-05,4.6656809865074354e-09,19.958817839336128,0.04114014888688245,4.201176343410953e-05,4500.0,1.3494142665572105e-11,2.949835698659661e-21,1.3494142671471779e-11
0.23052893870517083,6.40358163069919e-05,49.95704621045662,0.04293534535306396,1.8438905887224275e-05,5.284460002868123e-09,19.957073389625016,0.042880981717137494,4.562864312432354e-05,4500.0,1.466197726936868e-11,3.3410613001740375e-21,1.4661977276050806e-11
0.24030428944069696,6.675119151130471e-05,49.95522561636918,0.04475434307347323,2.0034572081546633e-05,5.985295570202045e-09,19.955255125746575,0.04469531831744488,4.955591998851069e-05,4500.0,1.593084256098437e-11,3.784168908967845e-21,1.5930842568552715e-11
0.2504941542174505,6.958170950484737e-05,49.953327892813746,0.04665033214107122,2.1768266137581634e-05,6.7790700147374425e-09,19.953359931089313,0.046586248793554816,5.3820099760919316e-05,4500.0,1.7309473735018894e-11,4.286039275391982e-21,1.7309473743590973e-11
0.26111611009174596,7.253225280326277e-05,49.951349775357066,0.048626565044839594,2.365192001103714e-05,7.678109057518218e-09,19.95138455801474,0.04855699203257021,5.844993382047989e-05,4500.0,1.880736056106073e-11,4.8544658055485904e-21,1.8807360570769666e-11
0.27218847945751795,7.560791096042165e-05,49.94928786167672,0.0506864311308202,2.5698496105607953e-05,8.696373282111565e-09,19.949325622395016,0.050610900977432684,6.3476607056723e-05,4500.0,2.043481247632641e-11,5.4982756274518565e-21,2.0434812487322966e-11
0.2837303616516214,7.881398934767261e-05,49.947138605759754,0.052833462314450005,2.7922076161292514e-05,9.84965421346457e-09,19.947179597943222,0.05275146807566255,6.893395884966987e-05,4500.0,2.2203029861700526e-11,6.227454828462194e-21,2.2203029874155433e-11
0.29576166589932534,8.215601830536816e-05,49.944898311858225,0.05507133902819651,3.0337957821159942e-05,1.1155777659495266e-08,19.944942810328392,0.054982330907967294,7.485873945499994e-05,4500.0,2.412418201693864e-11,7.053279326369034e-21,2.4124182031045197e-11
0.3083031456568277,8.563976268245214e-05,49.94256312820853,0.057403896397350766,3.296275898866668e-05,1.2635148427323317e-08,19.942611430799754,0.057307278553550514,8.129062042052389e-05,4500.0,2.6211483102371723e-11,7.988643304744877e-21,2.621148311834901e-11
0.3213764344100279,8.927123178056331e-05,49.94012904045799,0.0598351306991074,3.581453220576361e-05,1.4310719093624083e-08,19.940181470051016,0.05973025717385553,8.827274658552022e-05,4500.0,2.847929235145609e-11,9.04806058762807e-21,2.8479292369552212e-11
0.3350040829913136,9.305668971980934e-05,49.937591864842766,0.0623692060607637,3.891288801511806e-05,1.6208483406655856e-08,19.93764877143577,0.06225537663531421,9.585189790819622e-05,4500.0,3.094320861336424e-11,1.0247968251549787e-20,3.094320863386018e-11
0.3492095984787271,9.700266624409087e-05,49.93494724107507,0.06501046143790426,4.2279129168169494e-05,1.835787937637553e-08,19.9350090040211,0.0648869171543482,0.00010407879087000183,4500.0,3.3620177184505765e-11,1.1606981561823422e-20,3.3620177207719736e-11
0.36401748474461415,0.00010111596798461504,49.932190624935004,0.06776341787641353,4.593639636032153e-05,2.079224580891188e-08,19.93225765535844,0.06762933620076289,0.00011300840420487678,4500.0,3.65286058224817e-11,1.3146182711830085e-20,3.652860584877407e-11
0.3794532847236942,0.00010540369020102617,49.9293172805549,0.0706327860693036,4.990982647883802e-05,2.3549339373084228e-08,19.92939002396065,0.07048727566877212,0.0001227003308242191,4500.0,3.9688490728463626e-11,1.488944784835422e-20,3.9688490758242516e-11
0.39554362447347013,0.00010987322902040837,49.92632227238395,0.07362347421972226,5.4226724432679296e-05,2.6671920226766833e-08,19.9264012114737,0.07346556932517821,0.00013321915793909812,4500.0,4.312155335083408e-11,1.6863817460671055e-20,4.31215533845617e-11
0.41231625910297526,0.00011453229419527091,49.92320045682,0.07674059622188738,5.891674972419728e-05,3.020841529571761e-08,19.923286114531045,0.07656925054452167,0.00014463487751912433,4500.0,4.6851388935391913e-11,1.9099915884616848e-20,4.6851388973591734e-11
0.42980012064907985,0.00011938892240252218,49.91994647349525,0.07998948017208451,6.401211902089414e-05,3.4213669503564186e-08,19.920039416278346,0.0798035603413158,0.00015702332937252275,4500.0,5.0903627825986215e-11,2.1632426435751815e-20,5.0903627869251064e-11
0.4480253679829494,0.00012445149110637484,49.916554736201874,0.08337567722226517,6.954782609196188e-05,3.874979661771095e-08,19.916655577555552,0.0831739557097938,0.00017046667928434286,4500.0,5.530611060460015e-11,2.4500629549809007e-20,5.5306110653601405e-11
0.4670234388327335,0.00012972873300909265,49.91301942344311,0.08690497078918452,7.556188058972372e-05,4.388714292321589e-08,19.913128827723124,0.08668611828191478,0.0001850539348092674,4500.0,6.008907825219595e-11,2.774901228733093e-20,6.008907830769398e-11
0.4868271040122284,0.0001352297511145079,49.909334468594935,0.09058338613243151,8.209556728113593e-05,4.970537868923821e-08,19.90945315511846,0.09034596331471004,0.00020088150148201518,4500.0,6.52853786116528e-11,3.1427958667944456e-20,6.528537867450872e-11
0.5074705239490471,0.00014096403443029088,49.9054935496627,0.09441720031511786,8.919372746994771e-05,5.629473437769613e-08,19.90562229712823,0.09415964901839668,0.00021805378238152676,4500.0,7.09306905425025e-11,3.559453155533074e-20,7.093069061369154e-11
0.5289893076098151,0.00014694147433605976,49.901490078615666,0.09841295256244934,9.690506453437999e-05,6.375737883336624e-08,19.901629729878458,0.0981335862024143,0.00023668384200299802,4500.0,7.706376785923033e-11,4.031334616360546e-20,7.706376793985704e-11
0.5514205739240302,0.00015317238164556395,49.89731719027842,0.10257745503695777,0.00010528247577187293,7.220887472665555e-08,19.89746865759462,0.10227444811195621,0.00025689420963611454,4500.0,8.372670704363944e-11,4.565750047276974e-20,8.372670713495444e-11
0.5748030158125357,0.00015966750439237102,49.89296773079819,0.10691780400986076,0.0001143834114864972,8.178048848809487e-08,19.893132001037106,0.10658918166057467,0.00027881721129438357,4500.0,9.096522036785058e-11,5.1709993585396767e-20,9.096522047127057e-11
0.5991769669310619,0.00016643804636973944,49.888434245580434,0.11144139153215088,0.00012427026693118625,9.26205077342509e-08,19.88861238642893,0.11108501711582243,0.00030259635635724024,4500.0,9.882896624266353e-11,5.856461929858379e-20,9.882896635979279e-11
0.6245844712439618,0.00017349568645665605,49.88370896678199,0.11615591751534325,0.00013501080583981347,1.0489685695209268e-07,19.883902133134587,0.11576947980591283,0.0003283869520692331,4500.0,1.0737187887513912e-10,6.632759435363751e-20,1.0737187900779431e-10
0.6510693555481462,0.00018085259876337393,49.87878380027823,0.1210694023014157,0.00014667862068353638,1.1879969924790772e-07,19.87899324110016,0.1206504017411925,0.000356357041932469,4500.0,1.1665253528256508e-10,7.511920462363858e-20,1.166525354328035e-10
0.6786773050723303,0.00018852147363120284,49.87365031209971,0.12619019972376172,0.00015935363216631102,1.3454438296353624e-07,19.87387737779319,0.12573593366569508,0.0003866884143215317,4500.0,1.267345536552077e-10,8.507566952809619e-20,1.2673455382535905e-10
0.7074559422819878,0.0001965155395227744,49.86829971431764,0.13152701067633357,0.00017312263127541953,1.5237477888767994e-07,19.868545864622828,0.13103455755348892,0.0004195776859372837,4500.0,1.3768702572489764e-10,9.635125361247053e-20,1.3768702591760011e-10
0.7374549090259553,0.00020484858584054314,49.86272285035692,0.13708889720856723,0.00018807986747908337,1.7256705985468694e-07,19.862989662820326,0.13655509956510659,0.0004552374649213971,4500.0,1.4958498601893358e-10,1.0912065806838155e-19,1.495849862371749e-10
0.7687259521663736,0.00021353498671288157,49.856910179715,0.14288529716407983,0.0002043276869619237,1.9543398139228207e-07,19.85719935875881,0.1423067434799655,0.0004938975986508561,4500.0,1.6250992111945304e-10,1.2358172931746157e-19,1.6250992136661654e-10
0.8013230128396887,0.0002225897257888024,49.85085176205066,0.14892603939431467,0.00022197722560765,2.213294474889345e-07,19.85116514889876,0.14829904419210435,0.0005358067325235078,4500.0,1.765503295622795e-10,1.39958376019226e-19,1.7655032984219624e-10
0.8353023195026779,0.00023202842208407717,49.844537240677866,0.15522135950841823,0.0002411491590240672,2.506547194038842e-07,19.84487682340059,0.1545419432164451,0.0005812331911031977,4500.0,1.9180230343316607e-10,1.5850442071485095e-19,1.9180230375017492e-10
0.8707224849239922,0.00024186735692333116,49.8379558253144,0.1617819163025605,0.00026197451949676575,2.8386356588195073e-07,19.838323750401916,0.16104578205559242,0.0006304673340591439,4500.0,2.0837020605009665e-10,1.7950697283851848e-19,2.083702064091106e-10
0.9076446072885366,0.0002521235020245935,49.8310962742098,0.1686188087411201,0.0002845955793485641,3.214697562754601e-07,19.831494858540182,0.1678213183842288,0.000683822849159563,4500.0,2.263673665917286e-10,2.0329112279609645e-19,2.2636736699831085e-10
0.9461323755890769,0.0002628145487747436,49.823946875538844,0.17574359359617991,0.0003091668099447241,3.640550600381071e-07,19.82437861910661,0.17487974215966173,0.0007416384877500816,4500.0,2.459168455288243e-10,2.3022500130225717e-19,2.459168459892744e-10
0.9862521794868784,0.0002739589387463551,49.816495428051304,0.18316830374853052,0.0003358559219390304,4.122782530193083e-07,19.8169630275305,0.1822326922447267,0.0008042799575589186,4500.0,2.671522663487887e-10,2.60725481118354e-19,2.671522668702397e-10
1.0280732238308659,0.00028557589550857386,49.80872922094781,0.19090546717334755,0.00036484499366657363,4.668852002482019e-07,19.809235584213123,0.1898922734673031,0.0008721420293005586,4500.0,2.90218720692462e-10,2.952645747995898e-19,2.902187212829911e-10
1.0716676480328633,0.0002976854577869065,49.800635012964705,0.1989681266203685,0.00039633169451882996,5.287204364783801e-07,19.80118327450726,0.1978710744995398,0.0009456506778799971,4500.0,3.152737467380318e-10,3.343767574337553e-19,3.152737474067853e-10
1.1171106505048243,0.00031030851402911785,49.792199010625616,0.20736986002245442,0.00043053061187191824,5.987400857611867e-07,19.792792548029123,0.2061821861328619,0.0010252654954758754,4500.0,3.424883948345144e-10,3.786671661166103e-19,3.4248839559184877e-10
1.1644806183726866,0.0003234668384368574,49.783406845618096,0.21612480166524187,0.00046767469064198827,6.780260439520718e-07,19.78404929746674,0.21483921956986488,0.0011114825912970907,4500.0,3.720483941503026e-10,4.2882066142220337e-19,3.7204839500794394e-10
1.213859262690629,0.00033718312852517473,49.774243551336006,0.22524766406902194,0.0005080167916906379,7.678033089315317e-07,19.77493883571269,0.22385632710818462,0.0012048367749559695,4500.0,4.0415538817405207e-10,4.856127306141007e-19,4.041553891452776e-10
1.2653317593889428,0.00035148104427470636,49.764693538476834,0.23475376068183793,0.0005518313824880481,8.694588650273251e-07,19.765445872563948,0.23324822260970812,0.001305904387394333,4500.0,4.39028291794159e-10,5.499214598032194e-19,4.3902829289400197e-10
1.3189868961986706,0.00036638524894407515,49.754740569668826,0.2446590293980433,0.0005994163705889784,9.845625627485732e-07,19.755554490844077,0.2430302020080769,0.0014153066710218525,4500.0,4.7690477502791e-10,6.227408388150089e-19,4.769047762733917e-10
1.3749172258064204,0.00038192145161289456,49.74436773319226,0.2549800568278645,0.0006510950872543364,1.114892642115628e-06,19.74524812037314,0.25321816705541583,0.0015337120534783652,4500.0,5.18042829386632e-10,7.0519674298629e-19,5.180428307970255e-10
1.4332192255035738,0.0003981164515287705,49.73355741550371,0.2657341035906053,0.0007072184457006883,1.262460004963282e-06,19.73450951384499,0.2638286438853123,0.0016618417070512928,4500.0,5.627225702862914e-10,7.985627927006856e-19,5.62722571883417e-10
1.4939934636052576,0.00041499818433479377,49.722291272926896,0.27693913026247946,0.0007681672693224811,1.429541323922741e-06,19.723320718239826,0.2748788094840391,0.0018004716649624663,4500.0,6.112480658149892e-10,9.042810463340572e-19,6.112480676235515e-10
1.5573447729261352,0.00043259577025725975,49.71055020217626,0.28861382429127735,0.0008343548182866267,1.6187142057205942e-06,19.71166304650145,0.2863865162627276,0.0019504365719531659,4500.0,6.63949370681801e-10,1.0239842964668213e-18,6.639493727297697e-10
1.6233824316122798,0.0004509395643367444,49.69831430971957,0.3007776278559561,0.0009062295285804345,1.8328959144811084e-06,19.69951704877226,0.29837031613348064,0.0021126343731551773,4500.0,7.211847554929698e-10,1.1595207969233562e-18,7.211847578120116e-10
1.6922203516410372,0.000470061208789177,49.68556288006616,0.31345076656995147,0.00098427797452215,2.075389398391193e-06,19.68686248118785,0.31084948815380925,0.002288029875076987,4500.0,7.833430775586907e-10,1.3129832668628484e-18,7.833430801846573e-10
1.7639772753140452,0.0004899936875872347,49.67227434267863,0.32665427930415386,0.0010690280869176164,2.3499303309342103e-06,19.67367827642319,0.3238440610338337,0.002477661692208588,4500.0,8.508464568617531e-10,1.4867394200679367e-18,8.50846459835232e-10
1.8387769800823288,0.0005107713833562025,49.65842623791654,0.3404100487119322,0.0011610526240240792,2.6607475264915498e-06,19.65994250883873,0.3373748451958732,0.0026826450413243406,4500.0,9.241530259655411e-10,1.683469843855514e-18,9.241530293324809e-10
1.916748492056815,0.0005324301366824486,49.643995181580884,0.3547408328550746,0.0012609729366365161,3.0126274229816078e-06,19.64563236045862,0.3514634614684271,0.0029041770692720685,4500.0,1.003759991833555e-09,1.9062090707638166e-18,1.003759995645973e-09
1.9980263085725507,0.0005550073079368196,49.62895682817204,0.3696702977979438,0.0013694630424100458,3.4109876221992207e-06,19.6307240853321,0.3661323714000063,0.0031435421777659713,4500.0,1.0902069457390123e-09,2.1583922790372095e-18,1.0902069500557966e-09
2.0827506301905165,0.0005785418417195879,49.61328583265536,0.3852230513446028,0.0014872540443423173,3.861955719299727e-06,19.61519297490592,0.38140490370368435,0.00340212020639807,4500.0,1.1840795365403307e-09,2.4439062706960087e-18,1.184079541428143e-09
2.171067602537267,0.0006030743340381297,49.596955811136645,0.4014246775009466,0.0016151388956111652,4.372466816698671e-06,19.599013317330876,0.39730529135966447,0.0036813900235325102,4500.0,1.28601328514153e-09,2.767150868534812e-18,1.286013290675832e-09
2.26312956839953,0.0006286471023332028,49.579939299971336,0.4183017720961308,0.001753977563289063,4.950369259943583e-06,19.58215835763419,0.41385870500448774,0.003982935964739308,4500.0,1.3966978102082867e-09,3.133106338317801e-18,1.3966978164744995e-09
2.3590953305086364,0.0006553042584746213,49.56220771335986,0.43588197948048435,0.0019047026170882953,5.604542584994305e-06,19.56460025725317,0.4310912856344132,0.004308455595652423,4500.0,1.5168814421413268e-09,3.547408948449962e-18,1.516881449236145e-09
2.4591304254680466,0.0006830917848522352,49.543731299459616,0.4541940302358638,0.0020683252735197713,6.3450310110788894e-06,19.54631005180163,0.44903017887346236,0.004659767677920478,4500.0,1.6473762174766587e-09,4.016436611394927e-18,1.6473762255095319e-09
2.563407409296515,0.0007120576136934765,49.52447909518394,0.4732677796975643,0.0022459419176036584,7.183200896410579e-06,19.527257603659212,0.46770357775707877,0.0050388167951157916,4500.0,1.7890631692756515e-09,4.547408511049976e-18,1.7890631783704684e-09
2.6721061550794354,0.0007422517097442876,49.504418879170466,0.4931342477498701,0.0024387411692105643,8.131910457177382e-06,19.507411557056045,0.4871407581253729,0.005447682876166534,4500.0,1.94289821961228e-09,5.148494245934022e-18,1.9428982299092684e-09
2.785414163241769,0.0007737261564560469,49.48351712317928,0.513825659599452,0.002648011518814223,9.205702438787144e-06,19.486739290798305,0.5073721165490803,0.005888590543484306,4500.0,2.109918544065838e-09,5.828937792453604e-18,2.109918555723714e-09
2.903526884977814,0.0008065352458271705,49.46173894215884,0.5353754872523826,0.002875149557241671,1.0421031535968299e-05,19.46520686423899,0.5284292197693026,0.006363913701248466,4500.0,2.2912492983180247e-09,6.599201593651841e-18,2.2912493115164276e-09
3.026648059395692,0.000840735572054359,49.43904804217439,0.55781849242217,0.0031216688976216317,1.1796505811363595e-05,19.442778968785316,0.5503448402064042,0.006876188521075507,4500.0,2.488111184827053e-09,7.471123242627349e-18,2.4881111997692993e-09
3.1549900649580884,0.0008763861291550246,49.41540666703692,0.5811907700075924,0.0033892097827560507,1.3353172711054155e-05,19.41941887091877,0.5731530063693812,0.007428120011128711,4500.0,2.701828418389802e-09,8.458098065308518e-18,2.701828435305997e-09
3.2887742858255136,0.0009135484127293093,49.390775543080586,0.6055297926159753,0.0036795494656106137,1.5114837811049252e-05,19.39508835504586,0.5968890509137935,0.008022591107638916,4500.0,2.9338374382901185e-09,9.57528377702091e-18,2.933837457440685e-09
3.428231493733971,0.0009522865260372141,49.36511382199071,0.6308744561633733,0.003994613428093336,1.710841779315012e-05,19.36974766722014,0.6215896541010557,0.00866267549450137,4500.0,3.1856964622442306e-09,1.0839829335070647e-17,3.185696483923889e-09
3.5736022460657884,0.00099266729057383,49.33837902232663,0.6572651258687816,0.004336487448688256,1.9364355874738637e-05,19.34335544895453,0.647292904798029,0.009351642789740726,4500.0,3.459095568931212e-09,1.2271140030081109e-17,3.4590955934734916e-09
3.7251373008002133,0.0010347603613333927,49.31052696862157,0.6847436836422925,0.004707430668320217,2.191706778118776e-05,19.31586867858829,0.6740383428852244,0.010092974772268332,4500.0,3.755867991266565e-09,1.3891168675399712e-17,3.7558680190489016e-09
3.883098049059605,0.0010786383469610014,49.28151172937789,0.71335357553059,0.005109889619744528,2.4805471739389848e-05,19.28724259875078,0.7018670272350835,0.010890369937792929,4500.0,4.078001942492972e-09,1.572475455805472e-17,4.078001973942481e-09
4.047756965997322,0.001124376934999256,49.251285552521416,0.7431398605102725,0.00554651340923762,2.807355903172358e-05,19.25743065259124,0.7308215823839566,0.011747760599041016,4500.0,4.4276538523670366e-09,1.7799996732136268e-17,4.42765388796703e-09
4.219398080805028,0.0011720550224458412,49.219798799724515,0.7741492591983574,0.0060201700115431345,3.177106553803312e-05,19.2263844060062,0.7609462707623098,0.012669318426270552,4500.0,4.807162301645685e-09,2.0148685831593967e-17,4.807162341943057e-09
4.398317466650228,0.0012217548518472857,49.18699987825585,0.8064302036639235,0.006533963876721363,3.5954203451625706e-05,19.194053477176446,0.7922870464002337,0.013659471206392782,4500.0,5.219063498243433e-09,2.2806783248506597e-17,5.2190635438569985e-09
4.584823751389096,0.0012735621531636378,49.15283517158268,0.8400328870776796,0.007091254828473831,4.06865111038127e-05,19.160385453771106,0.8248916305236376,0.014722910041451823,4500.0,5.6661077080943946e-09,2.581497110597422e-17,5.666107759724336e-09
4.7792386499356,0.0013275662916487777,49.117248967626324,0.8750093141341841,0.007695678450738964,4.6039788678492696e-05,19.125325815442046,0.858809572562797,0.015864605846529798,4500.0,6.15127736949707e-09,2.921926644954312e-17,6.151277427935603e-09
4.981897519205165,0.0013838604220014347,49.08018338571928,0.9114133511434098,0.008351167961357797,5.209517585926293e-05,19.088817845047156,0.8940923306340172,0.017089817644034028,4500.0,6.677806430588603e-09,3.307172279269779e-17,6.677806496732048e-09
5.1931499365902125,0.0014425416490528367,49.04157830138015,0.9493007765033552,0.009061977768250176,5.894434814878658e-05,19.050802543028983,0.9307933416083537,0.01840410811668023,4500.0,7.2492015437646826e-09,3.74312171960047e-17,7.249201618627116e-09
5.413360302965381,0.0015037111952681613,49.0013712695648,0.9887293308050137,0.009832708754534968,6.669087552253732e-05,19.011218534916665,0.9689681013565303,0.019813355861294842,4500.0,7.869264906592369e-09,4.236434316335236e-17,7.869264991321057e-09
5.642908471262542,0.0015674745753507062,48.95949744636,1.0297587664680055,0.010668335411190345,7.545176068251504e-05,18.970001973091996,1.008674252701228,0.021323765668473653,4500.0,8.54211893778899e-09,4.794642186698874e-17,8.542119033681835e-09
5.882190401699962,0.0016339417782499893,48.915889508537646,1.0724508972983386,0.011574235017617313,8.53591462548395e-05,18.927086443003965,1.0499716599472304,0.022941887780784858,4500.0,9.272233310249615e-09,5.426263760524332e-17,9.27223341877489e-09
6.131618844795775,0.0017032274568877152,48.870477572247474,1.1168696466303702,0.012556218846651177,9.656227533703872e-05,18.88240285438459,1.0929225100163833,0.024674625539217124,4500.0,1.00644538331305e-08,6.140933192925919e-17,1.0064453955949164e-08
6.391624053344006,0.0017754511259288905,48.82318910972575,1.1630810949284935,0.013620565672922243,0.00010922967266452481,18.835879336733658,1.1375914003160097,0.026529252031034477,4500.0,1.0924034048771236e-08,6.949545851415456e-17,1.0924034187762154e-08
6.662654524581156,0.00185073736793921,48.77394886469151,1.2111535260498514,0.014774057654776903,0.00012355160368134554,18.78744112985319,1.1840454322661667,0.028513426028995488,4500.0,1.1856669425607805e-08,7.864422864706904e-17,1.1856669582896263e-08
6.945177773823696,0.0019292160482843599,48.722678766731775,1.2611574717136096,0.016024018695941115,0.0001397428584819296,18.737010466403003,1.2323543166441497,0.030635204089687236,4500.0,1.2868534261145705e-08,8.899497504466433e-17,1.2868534439135657e-08
7.239681140910877,0.0020110225391419103,48.66929784436419,1.3131657542664392,0.01737835549561384,0.00015804587354276034,18.684506453646353,1.2825904758622735,0.0329030565307357,4500.0,1.3966321783934297e-08,1.0070525518917504e-16,1.396632198534481e-08
7.5466726308438945,0.002096297953012193,48.61372213711781,1.3672535272275674,0.018845601410752276,0.00017873424365069752,18.629844951377933,1.334829149306391,0.03532588416427427,4500.0,1.515728760523899e-08,1.1395322841971323e-16,1.5157287833145445e-08
7.86668179007159,0.002185189386130997,48.555864606854605,1.423498313196467,0.020434963274162398,0.00020211667454032926,18.572938445366237,1.3891485030493753,0.03791303514112217,4500.0,1.644929677270338e-08,1.2894034306850126e-16,1.6449297030584066e-08
8.20026061993413,0.0022778501722039253,48.495635048500326,1.4819800387476485,0.022156371323153276,0.00022854142861416978,18.513695916910354,1.445629742648111,0.040674322597266714,4500.0,1.7850874744492044e-08,1.4589437345157453e-16,1.7850875036280795e-08
8.547984528840415,0.002374440146900115,48.43294000048531,1.5427810658081396,0.024020532377338578,0.00025840132891557474,18.452022707411643,1.5043572312552917,0.04362004196910244,4500.0,1.9371262565010746e-08,1.6507285341464608e-16,1.9371262895156452e-08
8.910453324821521,0.0024751259235615336,48.36768265495037,1.6059862192204728,0.02603898645469571,0.00029213937412074514,18.387820381428455,1.5654186058697213,0.04676099168920624,4500.0,2.1020476707482117e-08,1.8676695446674557e-16,2.102047708101602e-08
9.2882922501725,0.002580081180603472,48.29976276806056,1.6716828099238221,0.028224166975565446,0.00033025503968634796,18.320986587491337,1.6289048932132315,0.05010849649422472,4500.0,2.2809373926759234e-08,2.113058671216863e-16,2.2809374349370968e-08
9.682153059967085,0.002689486961101968,48.22907657095799,1.7399606530253635,0.030589464649810397,0.0003733113664505932,18.25141491366962,1.694910631485951,0.053674430103201574,4500.0,2.4749721416174485e-08,2.3906175468503576e-16,2.4749721894297995e-08
10.092715146305718,0.002803531985084922,48.1555166815384,1.8109120803253638,0.03314929521902607,0.00042194291680158416,18.178994740987907,1.7635339916552877,0.05747124051139199,4500.0,2.6854272802743984e-08,2.704553506657735e-16,2.6854273343654685e-08
10.520686710236228,0.002922412975065619,48.07897201738968,1.8846319467091217,0.03591917120802068,0.00047686469274123744,18.103611096197707,1.8348768952634822,0.06151197941116458,4500.0,2.9136850489190885e-08,3.0596228190944554e-16,2.9136851101115452e-08
10.966805983368697,0.0030463349953801936,47.999327710464115,1.9612176296234778,0.03891577776978213,0.0005388821421598103,18.025144502393537,1.9090451320100528,0.0658103339934953,4500.0,3.161243478174814e-08,3.4612021418897467e-16,3.161243547398857e-08
11.431842501291502,0.003175511805914306,47.91646502393404,2.0407690209528195,0.04215705273631533,0.0006089023763272513,17.943470828812277,1.9861484745227818,0.07038066237747474,4500.0,3.4297260374868985e-08,3.9153692600373267e-16,3.429726115794284e-08
11.916598430985587,0.00331016623082933,47.83026127168026,2.1233885105980277,0.04566227099503012,0.0006879467261305264,17.858461142164515,2.0663007856944686,0.07523803494244852,4500.0,3.7208920833542624e-08,4.428994286191546e-16,3.720892171934149e-08
12.421909954526187,0.003450530542923941,47.74058974128634,2.209180960735453,0.04945213315075245,0.0007771648268220524,17.769981555980447,2.1496201261539625,0.08039827751002672,4500.0,4.036648155583821e-08,5.009842740791926e-16,4.0366482557806765e-08
12.948648711459048,0.00359684686429418,47.647319620837884,2.2982536701698124,0.05354885863505564,0.0008778503565574945,17.67789308508649,2.2362288475254455,0.08587802360880899,4500.0,4.379060209465742e-08,5.666691961928714e-16,4.379060322799582e-08
13.497723302339418,0.0037493675839831717,47.55031593052656,2.390716327658181,0.05797628316370944,0.000991458650794402,17.582051502045346,2.3262536784661636,0.0916947719964874,4500.0,4.750366841380011e-08,6.409462631302582e-16,4.750366969569265e-08
14.070080856026864,0.0039083557933407955,47.44943945977915,2.486680953306417,0.06275996052249694,0.0011196263911301763,17.48230719841911,2.419825798105434,0.09786695195740439,4500.0,5.152993589921369e-08,7.249367347533226e-16,5.1529937349087174e-08
14.666708663439685,0.004074085739844357,47.344546710811144,2.5862618270090945,0.06792726857950072,0.0012641935993919985,17.378505052330535,2.5170808944752614,0.10441399731054536,4500.0,5.58956839432634e-08,8.199078448197533e-16,5.58956855830791e-08
15.288635880587295,0.0042468433001631375,47.23548984961334,2.6895754028440098,0.0735075193454998,0.0014272281962512947,17.270484303656115,2.6181592059328285,0.11135642979375299,4500.0,6.062938296155601e-08,9.272917571307612e-16,6.062938481613953e-08
15.93693530381776,0.004426926473282711,47.122116665325755,2.7967402083609487,0.07953207293918958,0.001611053373198936,17.158078440968023,2.723205537941362,0.1187159553408126,4500.0,6.576187483097301e-08,1.0487069712433481e-15,6.576187692838696e-08
16.61272522034293,0.004614645894539703,47.00427053948495,2.90787672741942,0.08603445494518662,0.0018182781495443227,17.04111509756887,2.832369261775482,0.1265155693411573,4500.0,7.13265675797077e-08,1.1859825031340074e-15,7.132656995167271e-08
17.317171337233564,0.004810325371453768,46.8817904260322,3.0231072655746627,0.09305047703821087,0.002051831354032421,16.919415965926852,2.945804277071674,0.1347796796538999,4500.0,7.735964556403914e-08,1.3411851828106788e-15,7.735964824640951e-08
18.0514887922111,0.005014302442280861,46.754510843874456,3.1425557965302544,0.10061836011989027,0.0023149994745064253,16.79279672756594,3.0636689457724744,0.14353424277336044,4500.0,8.390029604194484e-08,1.5166504813603674e-15,8.39002990752458e-08
18.816944249705557,0.005226928958251544,46.62226188337525,3.2663477884356324,0.1087788594610269,0.0026114687271933594,16.661067004729578,3.1861259860088316,0.15280691828270931,4500.0,9.099095337067513e-08,1.7150173124880055e-15,9.099095680070977e-08
19.614858085794335,0.005448571690498427,46.4848692285165,3.3946100086273865,0.11757539108539079,0.0029453717698279063,16.524030337206792,3.3133423207994035,0.16262724332831155,4500.0,9.867756199763447e-08,1.9392673163630757e-15,9.867756587616911e-08
20.446606665791176,0.005679612962719771,46.342154196691745,3.527470305381817,0.12705415837735223,0.003321339548198511,16.38148418708808,3.445488878031064,0.17302682788306495,4500.0,1.0700985943586424e-07,2.1927692013723565e-15,1.0700986382140265e-07
21.313624718414378,0.00592045131067066,46.19393379816814,3.6650573652913825,0.1372642777506213,0.0037445587889657762,16.23321997635593,3.582740334085137,0.18403957352932054,4500.0,1.1604168050934814e-07,2.4793287890228055e-15,1.1604168546800571e-07
22.21740781062887,0.006171502169619131,46.04002081731558,3.8075004447035043,0.14825790242504183,0.004220835554989517,16.07902316597193,3.7252747860045012,0.1957019222043536,4500.0,1.2583128420306896e-07,2.803245469623921e-15,1.258312898095599e-07
23.159514927431545,0.006433198590953207,45.88022391834703,3.9549290738192515,0.1600903422237238,0.004756665609104741,15.918673376935658,3.8732733545911673,0.20805313204353867,4500.0,1.3644170433970459e-07,3.1693759052375613e-15,1.3644171067845643e-07
24.14157116103018,0.00670599198917505,45.71434777804421,4.107472731830371,0.17282017809575845,0.005359312028769737,15.751944564997512,4.026919697953858,0.2211355891195748,4500.0,1.479411254574934e-07,3.5832058708290684e-15,1.4794113262390514e-07
25.16527051405394,0.006990352920570539,45.54219324855066,4.265260491673931,0.18650936896047338,0.0060368908140333985,15.578605254086577,4.186399429384779,0.23499515613742444,4500.0,1.6040328515561622e-07,4.050931272144241e-15,1.6040329325747873e-07
26.232378821631237,0.007286771894897566,45.36355755341431,4.428420632815474,0.20122334867462485,0.006798465094691942,15.398418838843073,4.351899422955347,0.2496815643057416,4500.0,1.739079041610968e-07,4.579549480665589e-15,1.739079133201957e-07
27.3447367973758,0.007595760221493278,45.178234520451895,4.597080220646514,0.21703111021728028,0.0076541486834115335,15.211143965629894,4.523606993065951,0.2652488527750732,4500.0,1.885411453031413e-07,5.176962280288886e-15,1.8854115565706588e-07
28.504263208534375,0.00791785089125955,44.986014855261004,4.771364650765697,0.23400527443307947,0.008615219539317811,15.016535006084538,4.701708925183207,0.2817558643482156,4500.0,2.043961024230139e-07,5.852091845875347e-15,2.0439611412719758e-07
29.712958185773342,0.00825359949604815,44.786686459742924,4.951397157316921,0.2522221387356379,0.009694244203617539,14.81434263204978,4.886390346926265,0.29926679946269796,4500.0,2.2157332022413465e-07,6.615011413548946e-15,2.2157333345415748e-07
30.97290667331413,0.008603585187031703,44.580034800143686,5.137298283009494,0.27176170345765366,0.010905213388267165,14.604314515098265,5.077833399530715,0.31785184520173604,4500.0,2.401813455805435e-07,7.477092366037889e-15,2.4018136053472823e-07
32.286282025367335,0.008968411673713149,44.365843329892606,5.329185310352663,0.29270766985421137,0.012263689899614693,14.386196162074755,5.276215695751442,0.3375878818485534,4500.0,2.603373108351439e-07,8.451169809696226e-15,2.6033732773748353e-07
33.655349755070944,0.009348708265297484,44.14389397276638,5.527171652644267,0.31514740517010914,0.013786969418345544,14.159731910546665,5.481708525497791,0.3585592818000546,4500.0,2.821675490961744e-07,9.551728862607404e-15,2.821675681996321e-07
35.08247144239796,0.009745130956221655,43.91396767275478,5.731366202322164,0.339171870668042,0.015494254254108823,13.924666111540061,5.694474764689254,0.38085881797450327,4500.0,3.058082406635903e-07,1.079511406353863e-14,3.058082622538185e-07
36.570108807774936,0.01015836355771526,43.6758450172366,5.9418726381298175,0.36487550296422444,0.0174068416684568,13.680744519840855,5.914666459846751,0.40458868891836003,4500.0,3.314060902041918e-07,1.2199764839072351e-14,3.3140611460372153e-07
38.12082795843888,0.010589118877344133,43.42930694142498,6.1587886866943435,0.3923560461401252,0.019548325739645725,13.427715934662366,6.142422015360893,0.4298616908697656,4500.0,3.5911903172488395e-07,1.3786479863827463e-14,3.591190592978437e-07
39.737303814856126,0.011038139948571146,43.17413552199866,6.382205341160533,0.4217143224193496,0.021944814420561294,13.165334119639683,6.377862942340946,0.45680254891446603,4500.0,3.8911695955023473e-07,1.5578713948703025e-14,3.891169907076627e-07
41.42232472483898,0.011506201312455272,42.91011487029523,6.612206030767634,0.4530539391586691,0.024625159777557533,12.893360055679532,6.621090078638998,0.4855494441110442,4500.0,4.2158247923379823e-07,1.760291082974214e-14,4.2158251443961995e-07
43.178797273320214,0.01199411035370006,42.63703213453049,6.848865745726517,0.48648091670518145,0.027621203036898724,12.611564568865955,6.872179217307021,0.5162557571273994,4500.0,4.567116744354328e-07,1.9888876323296304e-14,4.567117142131854e-07
45.00975129608051,0.012502708693355697,42.354678623281615,7.092250113863669,0.5221032301571696,0.03096803269663823,12.3197313973828,7.131176038249777,0.5490920696645907,4500.0,4.947148810773861e-07,2.2470196165278228e-14,4.947149260177784e-07
46.918345106077986,0.013032873640577218,42.06285106393077,7.342414426165096,0.5600302561421362,0.03470425376109582,12.01766076885771,7.398090226732643,0.5842484686042341,4500.0,5.358174577615209e-07,2.5384703291104896e-14,5.358175085309275e-07
48.9078709413959,0.013585519705943305,41.76135301040974,7.599402612733281,0.6003721096754302,0.03887226718063401,11.705173563934135,7.672888658243319,0.6219371975740478,4500.0,5.802605402238213e-07,2.867500006437686e-14,5.802605975738216e-07
50.9817606442043,0.01416160017894564,41.44999641763034,7.863246165703726,0.6432388606266944,0.043518556038331865,11.38211616166353,7.955487493297232,0.6623957167495127,4500.0,6.283017620799815e-07,3.238904103368815e-14,6.283018268580635e-07
53.143591580532416,0.014762108772370115,41.12860340127012,8.133963009077387,0.6887396142863925,0.048693975365188304,11.048366072097338,8.24574301184183,0.7058902358569457,4500.0,6.80215921278665e-07,3.6580782520889606e-14,6.802159944402299e-07
55.397092811064006,0.015388081336406668,40.79700820842308,8.411556301509256,0.7369814533577097,0.05445403670904072,10.703838491213522,8.543440962923755,0.7527198095791915,4500.0,7.36295559483349e-07,4.131090446742598e-14,7.362956421051579e-07
57.74615152359826,0.01604059764544396,40.45505941836274,8.696013188471047,0.7880682055134777,0.06085918765182955,10.348493900364598,8.848284239964036,0.803221062831961,4500.0,7.968514298365888e-07,4.664761307607084e-14,7.968515231318148e-07
60.19481973827274,0.016720783260631318,40.10262240495748,8.98730348891542,0.8420990319631163,0.06797507416307613,9.98234688418782,9.159878594078824,0.8577736595325706,4500.0,8.622128065622014e-07,5.266753047281525e-14,8.622129118972623e-07
62.747321297115874,0.017429811471421076,39.73958210231954,9.285378286130657,0.899166844707959,0.07587276684094243,9.605476375496803,9.477716040207572,0.9168066515800716,4500.0,9.327275700269767e-07,5.945667574671125e-14,9.327276889403278e-07
65.40805914998259,0.01816890531943961,39.36584609045608,9.59016847854481,0.9593564723301689,0.08462895866803458,9.218037469117508,9.80115575379183,0.9808057683406294,4500.0,1.0087620374531326e-06,6.711155095577918e-14,1.0087621716762343e-06
68.18162294944479,0.01893933970817911,38.98134807536368,9.901583189848832,1.0227426482530924,0.09432608653348697,8.820275124894774,10.129401913552691,1.0503218708641235,4500.0,1.0907004086182466e-06,7.574032866987705e-14,1.090700560098904e-06
71.07279696773426,0.019742443602148406,38.58605178013056,10.219508122496158,1.0893877098991307,0.10505238747324849,8.412539903803541,10.461478308733087,1.1259806085315758,4500.0,1.1789437846090513e-06,8.546415735729467e-14,1.1789439555373663e-06
74.08656834939568,0.020579602319276576,38.179955327609235,10.543803770020276,1.1593390627637825,0.11690183960580675,7.995306060331632,10.79619919106098,1.2084934747107634,4500.0,1.2739086008965431e-06,9.641858094092896e-14,1.2739087937337053e-06
77.22813571388642,0.021452259920524006,37.763096166469374,10.874303503809118,1.2326263633801033,0.12997396634049246,7.569192194088363,11.132136106206213,1.2986703236930375,4500.0,1.3760243508908812e-06,1.0875507823435379e-13,1.3760245684010377e-06
80.5029181229599,0.022361921700822195,37.33555661008514,11.210811513818472,1.3092584126294045,0.14437346346607666,7.134984662038618,11.467580460714904,1.3974333915280006,4500.0,1.485730428653457e-06,1.2264272119924385e-13,1.4857306739388996e-06
83.91656442830161,0.023310156785639337,36.89747005124356,11.553100610133306,1.3892197281018661,0.16020961052035954,6.69366384498835,11.800501808651333,1.5058327429003404,4500.0,1.6034719102632908e-06,1.3826995157923306e-13,1.6034721868031944e-06
87.47496301554415,0.024298600837651153,36.44902795510394,11.900909799657596,1.4724668603361832,0.17759538490138232,6.246433251087234,12.128502093095483,1.6250629261352159,4500.0,1.729693983727538e-06,1.5584645276389412e-13,1.729694295420444e-06
91.1842519614658,0.025328958878184947,35.990487636173164,12.253941783614787,1.5589243141590408,0.19664626605210278,5.794751054393732,12.448766816286497,1.7564802644967819,4500.0,1.864834886362155e-06,1.756051269018776e-13,1.8648352375724091e-06
95.05082962189512,0.0264030082283042,35.5221809427994,12.611860205134857,1.6484802628618271,0.2174785892030121,5.340363357019855,12.758014778173834,1.9016198555012738,4500.0,2.009316910091476e-06,1.9780411629700655e-13,2.009317305699709e-06
99.08136566858666,0.027522601574607404,35.044523787115324,12.97428687538002,1.7409819060990253,0.2402074314047238,4.8853376912441995,13.052449472182005,2.062210673050314,4500.0,2.163535332318801e-06,2.2272886802272558e-13,2.163535777776538e-06
103.28281259410296,0.028689670165028602,34.558026516385844,13.340798960119583,1.8362306218543092,0.2649439016393609,4.432094396690405,13.327716970025957,2.240186305450563,4500.0,2.3278448949567356e-06,2.5069417014282927e-13,2.3278453963450765e-06
107.66241770454933,0.02990622714015259,34.063304960483975,13.710926318800775,1.9339769667365265,0.29179175397782103,3.983432006086834,13.578877971073338,2.4376875203079957,4500.0,2.5025436214393872e-06,2.820460956770541e-13,2.5025441855315795e-06
112.22773562085094,0.031174371005791925,33.56109183413112,14.084149302857927,2.033915602955516,0.32084326005453523,3.5425411770438697,13.800404669123674,2.657051465990307,4500.0,2.6878539045208336e-06,3.1716378237689136e-13,2.687854538848399e-06
116.9866413101308,0.032496289252814115,33.05224796968908,14.459897389878996,2.135680367522591,0.35217427290842634,3.1129993400989493,13.986217492249544,2.9007802837622783,4500.0,2.8839009421673363e-06,3.5646093670685886e-13,2.883901655089211e-06
121.94734366967383,0.033874262130464954,32.537772523297704,14.837549263214306,2.2388397299783804,0.3858384835086993,2.6987358969457325,14.129780941720167,3.1714800706567696,4500.0,3.0906889998784366e-06,4.0038694751043367e-13,3.0906898006523324e-06
127.11839968690302,0.03531066657969528,32.01881088588615,15.216435143303453,2.342893026893005,0.4218609439164883,2.303955455094,14.22428175289434,3.4717594839467996,4500.0,3.3080764809583305e-06,4.4942747282780073e-13,3.3080773798132773e-06
132.5087291997954,0.0368079803332765,31.496658564697867,15.595842420346818,2.447267945471676,0.4602310694827307,1.9330061702881378,14.262912603931547,3.804077690040374,4500.0,3.5357515083671756e-06,5.041043796536218e-13,3.5357525165759365e-06
138.12763028320094,0.03836878618977804,30.972758786562213,15.975025782007924,2.5513199482228135,0.5008954832061385,1.5901815405238673,14.239281017667377,4.170533668609706,4500.0,3.773210553750853e-06,5.649749074183691e-13,3.7732116837006697e-06
143.98479528760095,0.03999577646877804,30.448691194458075,16.353223089054435,2.6543344242249765,0.5437512922616071,1.2794510385208229,14.147948088923116,4.572596852823903,4500.0,4.01974359711678e-06,6.326299834404838e-13,4.0197448623767485e-06
150.09032755797367,0.04169175765499269,29.92614899990177,16.729677976069166,2.755532426270817,0.5886405977573339,1.0041287629790423,13.985073577726626,5.01079338487572,4500.0,4.274429974022347e-06,7.07691694209408e-13,4.274431389405738e-06
156.45475886160958,0.043459655239335995,29.406902470219855,17.103669473845553,2.854080849723815,0.6353472062098694,0.76650934284438,13.749103986236594,5.484382134781042,4500.0,4.53614926051067e-06,7.908100085742884e-13,4.53615084213069e-06
163.08906755493342,0.045302518765259286,28.892748134753187,17.47454771440474,2.949107606551895,0.6835965442892623,0.5675259800265047,13.441390675957331,5.9910785404167,4500.0,4.803610649051032e-06,8.826589977805822e-13,4.803612414369029e-06
170.0046975206718,0.047223527089075505,28.385445550031594,17.84177306323612,3.0397218208080994,0.733059565923264,0.4065066051375124,13.066586311698074,6.526902007773508,4500.0,5.075401987939472e-06,9.839329322593998e-13,5.075403955805337e-06
177.21357790803586,0.049225993863343295,27.88664665003399,18.204954160932555,3.1250382592596244,0.783360929772914,0.28110873303641726,12.632663715097744,7.0862222018208465,4500.0,5.3500559661068375e-06,1.0953427442977137e-12,5.3500581567923265e-06
184.7281437099636,0.05131337325276767,27.39782572262341,18.56387897765146,3.2042043153333233,0.8340909843908881,0.18748963427746085,12.150454543824612,7.662050195782118,4500.0,5.626126660360692e-06,1.2176133746782936e-12,5.6261290955874415e-06
192.56135721291986,0.05348926589247774,26.920219944500484,18.91853283556303,3.2764270005622587,0.8848202193733012,0.12071296697030999,11.632720668983037,8.246560461791645,4500.0,5.902265724364131e-06,1.3514824584969305e-12,5.902268427329047e-06
200.72673035625724,0.055757425098960346,26.454789467050897,19.269099005827595,3.3409972236621623,0.9351143034584111,0.07532174067046382,11.092913977842041,8.831758104211506,4500.0,6.17728655640333e-06,1.4977005991063841e-12,6.177289551804528e-06
209.2383480396979,0.05812176334436053,26.002202648553904,19.615940707619508,3.3973089559314906,0.9845476878941734,0.04595067513368485,10.543890516357472,9.410152358312574,4500.0,6.450206677972459e-06,1.6570332343673177e-12,6.450209992038928e-06
218.11089241915198,0.060586359005319994,25.562846514338787,19.959567224315297,3.4448719810114374,1.032714280333548,0.027838722639294003,9.996861807115007,9.97529274999199,4500.0,6.720263941477772e-06,1.8302638378809224e-12,6.720267602005449e-06
227.35966823277198,0.06315546339799222,25.136857209438887,20.30058996482768,3.483318235651274,1.0792345900812252,0.017143124779574755,9.460776557154558,10.522073331167364,4500.0,6.986908548748294e-06,2.018198032903613e-12,6.98691258514436e-06
237.00062920093305,0.06583350811137029,24.724161920064052,20.639675565788547,3.5124028474005238,1.1237596667459464,0.011029143653236017,8.942174202084122,11.046789404494556,4500.0,7.249777929510701e-06,2.221668161071249e-12,7.249782372847025e-06
247.05040554568254,0.06862511265157849,24.324523428459955,20.977502325053212,3.532001499888433,1.1659727465974723,0.007578468540341012,8.445411989628987,11.547002033176717,4500.0,7.508663576243298e-06,2.44153793543744e-12,7.5086684593191695e-06
257.5263326771204,0.07153509241031122,23.937580634097426,21.31472406572778,3.54210565764327,1.205589642530596,0.005595930020403963,7.973096067870734,12.021300238640398,4500.0,7.763477849122157e-06,2.6787069633073467e-12,7.763483206536089e-06
268.4464810961965,0.0745684669711657,23.562881622859752,21.651943024410425,3.542816685399353,1.2423586673295377,0.004392839147814102,7.526553910276081,12.469045236359442,4500.0,8.014225794242215e-06,2.934115082727996e-12,8.014231662472383e-06
279.82968756551156,0.07773046876819766,23.199908788588424,21.989691404981528,3.534339316125199,1.2760604903039217,0.0035995364578493864,7.106241157951799,12.890151044615425,4500.0,8.260983783964837e-06,3.208746570032217e-12,8.260990201457978e-06
291.6955876018799,0.0810265521116333,22.848097311400036,22.328420198608853,3.516974495327599,1.3065079946625835,0.003028814347196837,6.712040694164038,13.284921987612886,4500.0,8.503884441632766e-06,3.5036343278175664e-12,8.503891448901421e-06
304.06464934670686,0.08446240259630745,22.506848970457046,22.66849359146242,3.491111417139052,1.333546020940552,0.0025890698655748902,6.343458628594844,13.653943558441645,4500.0,8.743106183844218e-06,3.819864170271711e-12,8.743113823572559e-06
316.9582088726115,0.08804394690905876,22.17554297088527,23.010187571240884,3.4572186106238965,1.3570508472490195,0.00223515595522439,5.999743374982198,13.99801249020485,4500.0,8.978865635909386e-06,4.158579283482988e-12,8.978873953067951e-06
330.3985069871862,0.09177736305199616,21.853545232752953,23.353691543871744,3.415833925433579,1.3769292979407948,0.0019433075244950605,5.679956884971922,14.31809059609967,4500.0,9.211411458993866e-06,4.520984937233404e-12,9.211420500963738e-06
344.4087275973823,0.09566909099927287,21.540216583043783,23.699112361157507,3.3675535874326754,1.3931174683651022,0.0016994370827422547,5.383019743690777,14.615271378214798,4500.0,9.441018840489764e-06,4.908353440098913e-12,9.441028657196643e-06
359.01303770070683,0.0997258438057519,21.234920506800407,24.04648005390069,3.3130203481848985,1.4055790911130752,0.0014940488273709404,5.10774421074432,14.890752072450972,4500.0,9.66798408002346e-06,5.322029381027095e-12,9.667994724082222e-06
374.23662907219847,0.1039546191867218,20.937030319412848,24.395754974899432,3.2529110654016544,1.4143036402851341,0.001320099840666433,4.852861881133719,15.1458081264127,4500.0,9.892619217017521e-06,5.763435122136048e-12,9.892630743887764e-06
390.10576171909935,0.10836271158863871,20.645935811734383,24.746835944506557,3.1879239679071696,1.4193042758509624,0.0011720756233124779,4.617049025624859,15.381768783510983,4500.0,1.0115246674017071e-05,6.23407653722123e-12,1.0115259142170144e-05
406.6478091781862,0.11295772477171839,20.36104929519574,25.099569061203766,3.1187659104147754,1.4206157331847857,0.001045541932545718,4.3989504983446865,15.599993623534107,4500.0,1.0336193991667726e-05,6.735548979227883e-12,1.0336207462765685e-05
423.8913057338783,0.11774758492607731,20.081811004759416,25.453756846425406,3.046139904161358,1.4182922446528885,0.0009368871116438808,4.1972022812721015,15.801850275832319,4500.0,1.0555788733861623e-05,7.269543466558535e-12,1.0555803272948554e-05
441.86599563859414,0.12274055434405393,19.8076936654891,25.80916744718877,2.970733296518627,1.412405590802574,0.0008431490242504315,4.010452114954369,15.988693961671883,4500.0,1.077435372794508e-05,7.837853053487392e-12,1.0774369403651186e-05
460.60288442024074,0.1279452456722891,19.53820629534193,26.165543572345875,2.893206813334104,1.4030433189771603,0.0007618879602809841,3.8373780759209417,16.16184904391973,4500.0,1.0992202667377363e-05,8.442379390133534e-12,1.0992219552136143e-05
480.1342923653455,0.13337063676815153,19.272897124461593,26.522610927142477,2.814184768744409,1.3903071796505877,0.0006910885558764022,3.6767046096580858,16.322593092152818,4500.0,1.1209636197469484e-05,9.085139447009913e-12,1.1209654367748378e-05
500.49391027009534,0.1390260861861376,19.0113556787093,26.880085905876946,2.734246629739088,1.3743117856737332,0.0006290824452421139,3.5272158857830913,16.472143604835452,4500.0,1.1426938510627991e-05,9.76827240498519e-12,1.14269580471728e-05
521.7168575554355,0.1449213493209543,18.753214040115818,27.23768235789445,2.6539201113517468,1.3551834906370563,0.0005744863912719027,3.387766330321544,16.61164753891427,4500.0,1.1644374485775813e-05,1.0494046705868724e-11,1.1644395473869228e-05
543.8397428464801,0.15106659523513338,18.498147303796525,27.59511728716523,2.5736759359594235,1.3330594730778846,0.0005261522454934697,3.257288254990798,16.74217373057711,4500.0,1.1862187395735376e-05,1.1264867257550498e-11,1.1862209925469895e-05
566.9007271207433,0.1574724242002065,18.24587332682266,27.95211538110071,2.4939243025868802,1.3080869894888199,0.000483126197572861,3.134796712252872,16.864708080952386,4500.0,1.2080597152798455e-05,1.2083282800588366e-11,1.2080621319364059e-05
590.9395895340976,0.1641498859816938,17.99615187839672,28.30841230764614,2.415013063664424,1.2804227502917873,0.0004446154158614058,3.0193917835041115,16.9801513012801,4500.0,1.2299799043364808e-05,1.2951993445977571e-11,1.2299824947351702e-05
615.9977960380169,0.17111049889944913,17.7487832465717,28.66375678972082,2.337227575065209,1.2502323886413376,0.0004099604924355737,2.9102584532612594,17.089319066281572,4500.0,1.2519962924802057e-05,1.387385837918288e-11,1.2519990672518822e-05
642.1185709064758,0.17836626969624328,17.50360647807345,29.01791147253941,2.260792088781619,1.2176899606045926,0.00037861266717143644,2.8066645014997875,17.19294414459748,4500.0,1.274123277656314e-05,1.4851903750671536e-11,1.2741262480370644e-05
669.3469712958668,0.18592971424885188,17.260497310124357,29.370652686725084,2.185872550982197,1.1829774521674317,0.00035011488085247007,2.7079566613022568,17.29168026008651,4500.0,1.2963726558421885e-05,1.5889330743192316e-11,1.2963758337083376e-05
697.7299649665538,0.19381387915737605,17.019365950800527,29.721769209030487,2.1125805957500727,1.1462842444179846,0.0003240860087727237,2.613555506642799,17.386107219807243,4500.0,1.3187536263467254e-05,1.6989523826114742e-11,1.318757024251491e-05
727.3165113001469,0.2020323642500408,16.78015479565866,30.07106018000158,2.040978512111055,1.107806512227777,0.00030020773180778796,2.5229494308813014,17.476736948652714,4500.0,1.3412728088307912e-05,1.8156059187050366e-11,1.3412764400426292e-05
758.1576457522118,0.21059934604228106,16.542836246631595,30.418332288444194,1.9710849574916105,1.0677465074316765,0.00027821366420267206,2.4356882075853497,17.56401993940053,4500.0,1.3639342592668526e-05,1.9392713353823766e-11,1.3639381378095241e-05
790.3065678861348,0.21952960219059298,16.307410505010562,30.763396572423662,1.9028811408926258,1.0263117816722225,0.00025788022049892445,2.3513761729160043,17.64835207945996,4500.0,1.3867394896758463e-05,2.070347191901437e-11,1.3867436303702309e-05
823.8187331399618,0.2288385369833227,16.07390367672304,31.106064811282028,1.836317269667026,0.9837142423269782,0.00023901918146130883,2.269665787141472,17.730081096792357,4500.0,1.4096874683962862e-05,2.209253842842818e-11,1.4096918869039724e-05
858.7519484845179,0.23854220791236608,15.842366010272963,31.44614585812309,1.7713190185807504,0.9401691130222746,0.00022147153630482373,2.190251494804507,17.809512705901597,4500.0,1.4327746092966988e-05,2.3564343324105058e-11,1.4327793221653641e-05
895.1664721378302,0.24865735337161948,15.612870336129678,31.783442063001583,1.7077938173903546,0.8958937834774561,0.00020510244220767705,2.1128641869265437,17.886916150670753,4500.0,1.4559947439197325e-05,2.5123552902713558e-11,1.4559997686303136e-05
933.125117507826,0.2592014215299517,15.385510745669484,32.11774589198304,1.645636821460855,0.8511065408856977,0.00018979716607184105,2.0372664546866956,17.962528954741792,4500.0,1.479339073129958e-05,2.6775078244740496e-11,1.4793444281456075e-05
972.6933615426178,0.27019260042850496,15.160401387301679,32.448836990208015,1.5847363937143513,0.8060252287750318,0.00017545777419778318,1.9632485924983996,18.036560921749892,4500.0,1.5027961054435728e-05,2.852408399474912e-11,1.5028018102603725e-05
1013.9394576752917,0.2816498493542477,14.937675500132464,32.776479600896025,1.5249791025177077,0.7608657964528813,0.00016200051854341552,1.8906255401248828,18.109197195822507,4500.0,1.526351575838473e-05,3.037599698111941e-11,1.52635765103787e-05
1056.9345535579894,0.29359293154388594,14.717484377394408,33.10042075349259,1.4662540277837413,0.7158408413283299,0.00014935367621628302,1.819234459684698,18.18060068673517,4500.0,1.5499883649914154e-05,3.233651445106367e-11,1.5499948322943066e-05
1101.7528137883874,0.30604244827455207,14.499996499163524,33.42038889449207,1.4084565367657034,0.6711580695777728,0.00013745586023585478,1.7489331746224224,18.250913632630915,4500.0,1.5736864080155087e-05,3.4411611963143585e-11,1.573693290337902e-05
1148.471547840289,0.3190198744000803,14.285396530114513,33.73609331611604,1.351491380447309,0.6270187733212169,0.00012625459753181096,1.6795991195660658,18.320258651585718,4500.0,1.5974226143356943e-05,3.660755069925748e-11,1.5974299358458347e-05
1197.171343418968,0.3325475953941578,14.07388428029461,34.04722418797752,1.29527523296633,0.5836162987606188,0.00011570516969550673,1.6111288277198554,18.388739255375608,4500.0,1.6211707978091396e-05,3.893088416267439e-11,1.6211785839859725e-05
1247.9362054713115,0.3466489459642532,13.865673551362038,34.3534532163745,1.2397386911134516,0.5411345411490839,0.00010576961354652372,1.543437789664776,18.456439991676085,4500.0,1.6449016272890202e-05,4.138846414146287e-11,1.6449099049818485e-05
1300.8537010905732,0.361348250302937,13.660990712712671,34.65443507367846,1.184827709055406,0.49974650455253516,9.641582582116512e-05,1.4764604770295566,18.523426421286583,4500.0,1.66858261201668e-05,4.3987445743141266e-11,1.6685914095058293e-05
1356.0151105656348,0.3766708640460097,13.46007322405962,34.949809205851636,1.1305046633712637,0.4596129067165508,8.761677406854511e-05,1.4101505918783266,18.58974486953177,4500.0,1.6921781167180434e-05,4.673529157968213e-11,1.69218746377636e-05
1413.5155848353957,0.39264321800983215,13.263167809063328,35.23920237025123,1.0767489262886334,0.4208808943958756,7.934973180659521e-05,1.3444812379745132,18.655422255761824,4500.0,1.715649428747182e-05,4.963977481706304e-11,1.715659356702146e-05
1473.4543096198374,0.40929286378328816,13.07052843936492,35.52223161126308,1.0235570914688585,0.3836828579022093,7.159555874601622e-05,1.2794450513718019,18.720465963480066,4500.0,1.7389548750439676e-05,5.270898113779536e-11,1.738965416840196e-05
1535.9346765108985,0.4266485212530274,12.882414116924615,35.798507637500414,0.9709428711394801,0.3481353744345652,6.433800934096825e-05,1.215054200340522,18.784863841106297,4500.0,1.7620499958657052e-05,5.595130957439845e-11,1.7620611861276208e-05
1601.0644613183179,0.4447401281439772,12.699086427411162,36.06763859780431,0.9189366705153598,0.3143383042682365,5.7563060125366414e-05,1.1513401733009903,18.848584414713756,4500.0,1.784887782352886e-05,5.937547217190755e-11,1.784899657447321e-05
1668.9560099780265,0.4635988916605629,12.52080684608268,36.3292342503101,0.8675848537873486,0.2823740498189359,5.125825647627467e-05,1.0883533018907943,18.911577365611972,4500.0,1.807418983332755e-05,6.299049244850216e-11,1.8074315814312456e-05
1739.7264323438026,0.48325734231772294,12.347833885459494,36.582910369178116,0.8169487480828665,0.25230699727859274,4.541209875647393e-05,1.026162022629424,18.973774269292274,4500.0,1.829592480848546e-05,6.680570278005376e-11,1.8296058419891025e-05
1813.4978041964953,0.503749390054582,12.180420143057507,36.828293283930776,0.7671034000246647,0.2241831729861243,4.001347000158639e-05,0.9648518564915265,19.035089616422365,4500.0,1.851355734423147e-05,7.083074088081285e-11,1.8513699005713233e-05
1890.3973778192235,0.525110382727562,12.018809106698798,37.06502474550366,0.7181360507408745,0.19803009705572902,3.505110625792792e-05,0.9045240330049704,19.09542218927275,4500.0,1.87265530142056e-05,7.50755452906995e-11,1.8726703165296182e-05
1970.5578015018004,0.5473771670838334,11.863231978680167,37.29276672466542,0.6701444080300121,0.17385688862345897,3.051313814647784e-05,0.8452938326722936,19.154656719747873,4500.0,1.8934374207897683e-05,7.955035040182713e-11,1.8934533308598484e-05
2054.1173483530642,0.5705881523202956,11.713904387603598,37.51120632574221,0.6232346831158025,0.15165460353745203,2.6386701722747774e-05,0.787288587437656,19.212665889301793,4500.0,1.9136486632855937e-05,8.426568106379348e-11,1.913665516421806e-05
2141.2201548157313,0.5947833763377032,11.571023100343698,37.720060643415835,0.577519431806233,0.13139682443330294,2.2657631876518607e-05,0.7306453719506026,19.26931263797398,4500.0,1.933236637935341e-05,8.923234720486175e-11,1.9332544844047826e-05
2232.0164692952344,0.6200045748042318,11.434762774149286,37.91908149790853,0.5331152203319655,0.11304050760928744,1.9310247056916696e-05,0.675508396501824,19.324452771661278,4500.0,1.952150745242389e-05,9.446143887404782e-11,1.9521696375301646e-05
2326.662911331458,0.6462952531476273,11.305272783187052,38.10805999432879,0.4901401425529822,0.096527079930246,1.6327229411622916e-05,0.6220261227842434,19.3779378464688,4500.0,1.9703429653372675e-05,9.996432213942593e-11,1.9703629582016956e-05
2425.3227417603553,0.6737007616000987,11.18267419991546,38.28683078568885,0.4487112276710647,0.08178378672369564,1.3689603570723478e-05,0.5703481417965762,19.429618290819526,4500.0,1.987768664193415e-05,1.0575263642747171e-10,1.987789814720701e-05
2528.1661443315006,0.7022683734254168,11.067056951860796,38.45527601057269,0.4089417763903031,0.0687252611752819,1.1376810778237707e-05,0.520621855511625,19.479346723703813,4500.0,2.004387401683356e-05,1.1183829378006467e-10,2.0044097693421122e-05
2635.3705192673983,0.7320473664631661,10.958477254933085,38.61332875960123,0.3709386806104984,0.057255304854254216,9.366875768321706e-06,0.47298902910623175,19.526981402274654,4500.0,2.0201637185577395e-05,1.1823348071808064e-10,2.0201873652538834e-05
2747.1207892708144,0.7630891081307818,10.856955380619505,38.76097599317184,0.3347997830212189,0.04726884318650711,7.636655620297197e-06,0.42758228710939217,19.572389725443312,4500.0,2.0350678797137944e-05,1.2495066330495398e-10,2.035092869846456e-05
2863.6097185081157,0.7954471440300321,10.762473824829994,38.89826082103138,0.3006113411098843,0.038654013027813405,6.162158315832008e-06,0.384521642449465,19.6154517045068,4500.0,2.049076549469747e-05,1.3200259600009762e-10,2.0491029499889477e-05
2985.0382451187356,0.8291772903107599,10.67497598716659,39.0252839963509,0.2684456711003545,0.03129434538122884,4.918914574295262e-06,0.34391116560062807,19.656063293623763,4500.0,2.0621733707933322e-05,1.3940233498888865e-10,2.0622012512603306e-05
3111.615827824363,0.8643377299512119,10.594365372757615,39.14220462447199,0.23835903835930897,0.025070964410164723,3.88238173911172e-06,0.30583589717215953,19.694139476816726,4500.0,2.074349428572442e-05,1.471632562900831e-10,2.0743788612237003e-05
3243.5608072358114,0.9009891131210587,10.520505484752704,39.249239855605865,0.2103898835474608,0.01986477609304673,3.028362128518103e-06,0.27035913610304774,19.72961697935594,4500.0,2.085603565726847e-05,1.5529907939504434e-10,2.0856346255427262e-05
3381.100782480689,0.9391946618001914,10.45322038495384,39.34666361706636,0.1845574462662444,0.015558551712632965,2.3334102321325643e-06,0.2375202088517605,19.76245649816087,4500.0,2.095942539208994e-05,1.6382389644572253e-10,2.0959753039882835e-05
3524.4730038015878,0.9790202788337744,10.39229603644629,39.434804236660696,0.16086086229407462,0.012038864598013302,1.7752100760007e-06,0.20733284055244797,19.792644330266853,4500.0,2.1053809948775827e-05,1.7275220733729506e-10,2.1054155453190507e-05
3673.924781802074,1.0205346616116873,10.337482423556537,39.514040984350245,0.13927878352560621,0.009197808566683565,1.3329025067562723e-06,0.17978421749701193,19.820193310017906,4500.0,2.1139412552101858e-05,1.8209896060598793e-10,2.113977675002307e-05
3829.713914046285,1.0638094205684125,10.288496487984196,39.584799491272,0.11976956502855703,0.0069344557143175035,9.873483631226771e-07,0.15483482010837,19.845142975834325,4500.0,2.121652914309771e-05,1.9187960004682573e-10,2.121691290229781e-05
3992.1091297480534,1.1089192027077925,10.245025823202704,39.64754614463168,0.10227202878281605,0.005156003381869391,7.213160131679677e-07,0.1324190592986255,19.867558933672832,4500.0,2.128552250026045e-05,2.0211011655453953e-10,2.1285926720493564e-05
4161.390553316707,1.1559418203657519,10.206733108348846,39.70278149330891,0.08670680466664112,0.0037785936746597922,5.195889795096849e-07,0.11244673012660374,19.887531403269058,4500.0,2.134681463167203e-05,2.1280710481035847e-10,2.1347240245881664e-05
4337.850187558994,1.204958385433054,10.173261124187892,39.75103289771381,0.07297819588896504,0.002727782208398792,3.689934659580886e-07,0.09480522479257623,19.9051730051243,4500.0,2.140087774769575e-05,2.2398782384157948e-10,2.140132572334344e-05
4521.792417370702,1.2560534492696396,10.144238294629007,39.792846502093205,0.060976523701977384,0.0019386795748696894,2.5835293909901455e-07,0.0793624466108272,19.920615846588614,4500.0,2.1448224027567786e-05,2.3567026094830777e-10,2.1448695368089687e-05
4713.534534786917,1.3093151485519214,10.119284525787005,39.828778854433885,0.050580843001165623,0.0013557767770049855,1.7837949759236123e-07,0.06597028282944155,19.93400804916063,4500.0,2.1489394632818838e-05,2.478731977965503e-10,2.148989037921444e-05
4913.407286296367,1.3648353573045462,10.098017177627762,39.859388400790984,0.04166192134152083,0.0009325002387938182,1.2151592200239678e-07,0.05446848756695488,19.945509865720236,4500.0,2.1524948351632012e-05,2.606162778226658e-10,2.1525469584187664e-05
5121.755443364242,1.422709845378956,10.080056968316597,39.885227128881226,0.03408535463943115,0.0006305481618048948,8.174411378067878e-08,0.044688798140224584,19.955289564403518,4500.0,2.1555450298298977e-05,2.739200740270308e-10,2.1555998138447037e-05
5338.938397147361,1.4830384436520447,10.06503358633527,39.90683267024105,0.027714678013610727,0.00041906540912677433,5.437526869558254e-08,0.036459087003059255,19.963519276884824,4500.0,2.1581461116563602e-05,2.8780615620334275e-10,2.1582036728876015e-05
5565.330778427651,1.545925216229903,10.052590832800526,39.9247211008009,0.02241434526018733,0.00027372113744738734,3.583649609628442e-08,0.029607369762222665,19.970370990584012,4500.0,2.1603527047388195e-05,3.0229715693901886e-10,2.1604131641702078e-05
5801.323103833379,1.6114786399537164,10.042391110565116,39.939380689520625,0.018052452381793177,0.0001757475315208162,2.3465533262353066e-08,0.023965493699708906,19.97601286035821,4500.0,2.1622171205761035e-05,3.174168357531925e-10,2.1622806039432544e-05
6047.322449462655,1.679811791517404,10.034119129529586,39.951266770222425,0.014503106914204592,0.0001109933328296212,1.5322884116725594e-08,0.019372367083572668,19.980605979386116,4500.0,2.163788630806015e-05,3.3319014101613644e-10,2.163855268834218e-05
6303.753153071281,1.7510425425198004,10.02748473586882,39.96079785943783,0.011648369479931319,6.903521246865025e-05,1.0027063953699306e-08,0.01567662443028712,19.984301714076068,4500.0,2.1651129010110324e-05,3.4964326948389796e-10,2.1651828296649286e-05
6571.057546036271,1.825293762787853,10.022224822119298,39.9683530752362,0.009379724399817558,4.237824373074827e-05,6.615735251086526e-09,0.012738665316940775,19.98723966539667,4500.0,2.1662315921356475e-05,3.6680372350288525e-10,2.1663049528803485e-05
6849.696716357454,1.9026935323215148,10.018104320356441,39.97427084985976,0.007599065448225502,2.5764334626314487e-05,4.432962361592343e-09,0.01043204516618143,19.98954627820695,4500.0,2.167182127608215e-05,3.84700366127983e-10,2.1672590676814408e-05
7140.151304013403,1.9833753622259453,10.014916336982777,39.978848850692835,0.006219216016905184,1.5596306530518105e-05,3.0408713740610715e-09,0.008644241890680034,19.991334074701008,4500.0,2.1679976145275143e-05,4.033634746275311e-10,2.16807828722244e-05
7442.922330043758,2.067478425012155,10.012481509879127,39.98234499434283,0.00516402059828,9.475178809601428e-06,2.152744244481324e-09,0.007276847125001538,19.992701463242465,4500.0,2.1687069032894975e-05,4.2282479292112374e-10,2.1687914682480817e-05
7758.532060787844,2.1551477946632898,10.010646710166341,39.984979380427646,0.004368067874032721,5.8415310256646076e-06,1.5840091775374263e-09,0.006245262270604819,19.993733042366703,4500.0,2.169334763399157e-05,4.431175836578222e-10,2.1694233869158888e-05
8087.524908770457,2.2465346968806825,10.009283230718166,39.98693694400833,0.0037761180936563845,3.7071788975450096e-06,1.217478538044533e-09,0.005477996345099793,19.99450030296371,4500.0,2.1699021502100942e-05,4.642766807111703e-10,2.1699950055462364e-05
8430.468371788967,2.34179676994138,10.008284592811773,39.988370641420055,0.0033423045710950297,2.4611961343580552e-06,9.794360057984098e-10,0.004915659136925307,19.995062635143974,4500.0,2.1704265393629644e-05,4.863385428054601e-10,2.1705238070715248e-05
8787.954011821328,2.441098336617036,10.00756412311673,39.98940495425546,0.003029188037975779,1.7345888831047457e-06,8.236917726857146e-10,0.004509754520356092,19.995468534935647,4500.0,2.1709223028116634e-05,5.093413090747743e-10,2.1710241710734778e-05
9160.598475443709,2.5446106876232526,10.007052433299913,39.990139524556916,0.002806733044661763,1.3090975581729581e-06,7.212293126304405e-10,0.004221366072433993,19.99575691867404,4500.0,2.1714011038900902e-05,5.333248572665419e-10,2.1715077688615433e-05
9549.044557518097,2.6525123770883603,10.006694911463184,39.99065276689708,0.0026512638406415955,1.0577981533713772e-06,6.536581009184866e-10,0.004019811436779876,19.995958468640367,4500.0,2.1718722929186272e-05,5.583308652028502e-10,2.1719839590916674e-05
9953.962309984245,2.764989530551179,10.006449319539286,39.99100532415764,0.0025444485833622816,9.077187655803731e-07,6.09158516354413e-10,0.0038813302819169482,19.996096945103716,4500.0,2.1723432875736678e-05,5.844028760534365e-10,2.1724601681488782e-05
10376.050197669118,2.8822361660191995,10.00628357754289,39.99124325231722,0.0024723530513063043,8.170876448937685e-07,5.800096897797425e-10,0.0037878603445623054,19.996190410276668,4500.0,2.1728199246019426e-05,6.115863679253595e-10,2.1729422418755267e-05
10816.036303107116,3.0044545286408653,10.006173768253682,39.991400887073524,0.002424582786178291,7.618856872518334e-07,5.610893230328109e-10,0.003725926865369603,19.996252338877913,4500.0,2.1733067771672897e-05,6.399288280739857e-10,2.173434762932904e-05
11274.679582449473,3.131855439569298,10.006102401389224,39.99150333691644,0.0023935335676423123,7.281257648464526e-07,5.4895983515991e-10,0.0036856717274605546,19.996292588991853,4500.0,2.1738074313896302e-05,6.694798320762235e-10,2.1739413273560447e-05
11752.771174629452,3.2646586596192924,10.006056938592572,39.99156860119379,0.002373752705755091,7.07506955459601e-07,5.413014694825385e-10,0.003660025841914956,19.996318229681343,4500.0,2.1743247217194322e-05,7.002911281499761e-10,2.1744647799450614e-05
12251.135766041203,3.4030932683447785,10.006028576048326,39.99160931801402,0.0023614109370638176,6.949996587099823e-07,5.365504760550304e-10,0.0036440246962932935,19.99633422543755,4500.0,2.1748609255696094e-05,7.324167267952892e-10,2.175007408914968e-05
12770.633013086446,3.5473980591906793,10.006011262865506,39.99163417352686,0.0023538761055812373,6.875011160568476e-07,5.336602167407149e-10,0.003634255744373979,19.99634398878891,4500.0,2.1754179206295886e-05,7.659129958609427e-10,2.17557110322876e-05
13312.159025043076,3.6978219514008543,10.006000932857678,39.99164900478139,0.002349379283599686,6.830764036921322e-07,5.319390127116336e-10,0.0036284255825924736,19.99634981312361,4500.0,2.1759973083895823e-05,8.008387611498324e-10,2.1761574761418124e-05
13876.647909813099,3.854624419392527,10.005994914023754,39.99165764745097,0.0023467580095423404,6.805148030573217e-07,5.309369779278912e-10,0.0036250270795013637,19.996353205559277,4500.0,2.1766005095316887e-05,8.372554126290606e-10,2.1767679606142148e-05
14465.073385216472,4.0180759403379085,10.005991494281444,39.99166255923736,0.0023452674162370963,6.790640218169547e-07,5.303675885756809e-10,0.0036230945119770344,19.99635513180615,4500.0,2.1772288345892245e-05,8.752270163870334e-10,2.177403879992502e-05
15078.45045861051,4.188458460725141,10.005989601139134,39.9916652797074,0.0023444408911094733,6.782614250591307e-07,5.300519972534261e-10,0.0036220229140059377,19.996356196817825,4500.0,2.1778835365920694e-05,9.148204323998929e-10,2.1780665006785497e-05
15717.837177731644,4.366065882703235,10.005988582737046,39.991666744610406,0.0023439948227873884,6.77828828265616e-07,5.298817144525522e-10,0.003621444581377961,19.996356768286226,4500.0,2.1785658476952464e-05,9.56105438316485e-10,2.17875706878291e-05
16384.33645577985,4.551204571049958,10.005988051818674,39.99166750985788,0.0023437607205540386,6.776019547474897e-07,5.29792358716241e-10,0.0036211410645329858,19.996357064648528,4500.0,2.179277005896022e-05,9.9915485937034e-10,2.179476836867896e-05
17079.097973894302,4.744193881637306,10.005987785040018,39.99166789606525,0.002343641407429775,6.774863683325005e-07,5.297468204702895e-10,0.0036209863727033665,19.99635721188284,4500.0,2.18001827304805e-05,1.0440447046807197e-09,2.1802270819889862e-05
17803.320164301156,4.945366712305876,10.005987656766667,39.99166808358614,0.002343582217226126,6.774290381626562e-07,5.297242304290731e-10,0.0036209096307058537,19.996357280851306,4500.0,2.1807909474861385e-05,1.0908543101622008e-09,2.181009118348171e-05
18558.252277555188,5.155070077098664,10.005987599757654,39.99166816895069,0.0023435538891203233,6.774016032921501e-07,5.297134179604104e-10,0.0036208729016292225,19.99635730947733,4500.0,2.1815963724720076e-05,1.1396664883393559e-09,2.1818243057696752e-05
19345.196537440483,5.373665704844578,10.005987578181681,39.991668203600774,0.002343540827654787,6.773889557273141e-07,5.297084340727628e-10,0.003620855965822521,19.996357317966538,4500.0,2.1824359427755164e-05,1.1905676853508529e-09,2.182674056312587e-05
20165.510387247487,5.601530663124302,10.005987573300981,39.99166821444078,0.0023435348741191976,6.77383190702829e-07,5.297061604150525e-10,0.0036208482454472323,19.996357316882168,4500.0,2.1833111093420764e-05,1.2436481455140452e-09,2.183559838971179e-05
21020.608831301583,5.8390580086948844,10.005987576705644,39.99166821354972,0.002343532362945481,6.773807609288305e-07,5.297052033596319e-10,0.003620844988055828,19.99635731096147,4500.0,2.1842233828627764e-05,1.2990020838182522e-09,2.1844831832795404e-05
21911.96687578152,6.086657465494866,10.005987583849809,39.99166820746008,0.0023435313094475746,6.773797415554001e-07,5.297047994273298e-10,0.0036208436204867417,19.99635730276177,4500.0,2.1851743374023356e-05,1.3567278667282124e-09,2.1854456829756818e-05
22841.122073038256,6.3447561313995156,10.005987592745825,39.99166819903229,0.0023435308416657388,6.773792899335511e-07,5.297046210314012e-10,0.0036208430122303577,19.996357293397068,4500.0,2.1861656133183714e-05,1.4169282017577632e-09,2.1864489989587234e-05
23809.677173803582,6.613799214945439,10.005987602815532,39.99166818910382,0.002343530700569064,6.773791558331547e-07,5.297045682706012e-10,0.003620842827448102,19.996357283185997,4500.0,2.1871989202706084e-05,1.479710336255793e-09,2.1874948623378598e-05
24819.30289186258,6.894250803295161,10.005987613513144,39.99166817846592,0.0023435306409018515,6.773790992808201e-07,5.297045441450863e-10,0.003620842748163176,19.996357272428607,4500.0,2.1882760403860885e-05,1.5451862658948296e-09,2.188585077639268e-05
25871.74078595924,7.186594662766455,10.005987624729062,39.99166816728409,0.0023435306068482764,6.77379067325129e-07,5.297045300846619e-10,0.0036208427020047846,19.996357261178566,4500.0,2.1893988312664467e-05,1.6134729533930756e-09,2.189721525857126e-05
26968.806263906925,7.4913350733074795,10.00598763646538,39.9916681555638,0.0023435305908406654,6.77379053647526e-07,5.297045239559112e-10,0.003620842679157214,19.996357249426215,4500.0,2.1905692292408988e-05,1.6846925580121972e-09,2.1909061677525015e-05
28112.39171408467,7.808997698356853,10.00598764872779,39.99166814330571,0.002343530586522293,6.773790519212705e-07,5.29704522843648e-10,0.003620842671375622,19.996357237159483,4500.0,2.1917892527204657e-05,1.7589726764223575e-09,2.1921410472557507e-05
29304.469769721443,8.14013049158929,10.005987661518132,39.9916681305164,0.0023435305854811574,6.773790537683903e-07,5.297045228980533e-10,0.003620842667750432,19.996357224368104,4500.0,2.193061005677554e-05,1.8364465955575206e-09,2.193428294996666e-05
30547.096711599745,8.485304642111041,10.005987674840966,39.991668117198955,0.0023435305801034,6.773790505323263e-07,5.297045201505669e-10,0.0036208426584071716,19.996357211039886,4500.0,2.194386681270603e-05,1.9172535581229116e-09,2.1947701319822283e-05
31842.41601504656,8.845115559735156,10.005987688728458,39.991668103317195,0.002343530574373822,6.773790463452672e-07,5.297045169125608e-10,0.003620842648507569,19.996357197146654,4500.0,2.1957685656193684e-05,2.0015390414580857e-09,2.1961688734276603e-05
33192.6620473319,9.220183902036638,10.00598770320544,39.99166808884593,0.002343530568663947,6.773790425027527e-07,5.297045138972657e-10,0.0036208426385285204,19.996357182663957,4500.0,2.197209041749721e-05,2.0894550505034192e-09,2.197626932759822e-05
34600.163921851155,9.611156644958655,10.005987718296863,39.991668073760216,0.002343530562956105,6.773790389844481e-07,5.297045110874175e-10,0.003620842628442679,19.996357167566817,4500.0,2.1987105936985168e-05,2.18116042566563e-09,2.19914682578365e-05
36067.349515740316,10.018708198816755,10.005987734028725,39.99166805803409,0.002343530557224798,6.77379035755494e-07,5.297045084550264e-10,0.0036208426182123676,19.996357151829216,4500.0,2.200275810793343e-05,2.276821166428294e-09,2.2007311750266293e-05
37596.74965785468,10.4435415716263,10.00598775042811,39.991668041640494,0.0023435305514350317,6.773790327632964e-07,5.297045059590371e-10,0.0036208426077874063,19.996357135424038,4500.0,2.201907392113598e-05,2.376610771608057e-09,2.2023827142679198e-05
39191.0024943341,10.886389581759472,10.005987767523214,39.991668024551295,0.002343530545540361,6.773790299337667e-07,5.297045035425925e-10,0.003620842597102574,19.996357118323036,4500.0,2.2036081511404167e-05,2.4807105972153957e-09,2.20410429325986e-05
40852.85803928565,11.348016122023793,10.005987785343414,39.99166800673715,0.0023435305394806085,6.773790271669338e-07,5.297045011298372e-10,0.0036208425860746424,19.996357100496766,4500.0,2.2053810206034326e-05,2.589310232941497e-09,2.2058988826500215e-05
42585.18291843415,11.82921747734282,10.005987803919298,39.99166798816757,0.00234353053317921,6.773790243318243e-07,5.297044986221958e-10,0.003620842574598927,19.996357081914574,4500.0,2.2072290575326836e-05,2.702607898359937e-09,2.2077695791123562e-05
44390.965313921755,12.3308236983116,10.005987823282714,39.991667968810795,0.0023435305265401218,6.773790212605076e-07,5.297044958940417e-10,0.003620842562545273,19.99635706254452,4500.0,2.2091554485243286e-05,2.820810860003754e-09,2.2097196106963295e-05
46273.320118786934,12.85370003299637,10.005987843466809,39.9916679486338,0.00234353051944424,6.773790177411789e-07,5.297044927876704e-10,0.0036208425497534016,19.996357042353317,4500.0,2.211163515229214e-05,2.944135870555963e-09,2.2117523424033254e-05
48235.49431001467,13.39874841944852,10.005987864506553,39.99166792760157,0.0023435305119420364,6.773790136289754e-07,5.297044892611911e-10,0.0036208425362826203,19.996357021306064,4500.0,2.2132567200736212e-05,3.0728096314785527e-09,2.213871281999917e-05
50280.87254942485,13.966909041506902,10.00598788643867,39.99166790567718,0.0023435305042124816,6.773790093011636e-07,5.297044856074142e-10,0.0036208425223583384,19.996356999366206,4500.0,2.215438672222162e-05,3.2070692804729722e-09,2.216080086078257e-05
52412.983022060616,14.559161950572394,10.005987909300805,39.99166788282311,0.002343530496157312,6.773790048128738e-07,5.297044818148888e-10,0.003620842507846385,19.996356976496013,4500.0,2.2177131337930882e-05,3.3471629053034817e-09,2.218382566374149e-05
54635.503522148756,15.176528756152432,10.005987933132388,39.99166785899992,0.002343530487762815,6.773790001583508e-07,5.297044778784639e-10,0.003620842492721963,19.996356952656022,4500.0,2.2200840263362525e-05,3.493350085583891e-09,2.22078269635337e-05
56952.267797128305,15.820074388091196,10.005987957974533,39.99166783416653,0.002343530479014693,6.7737899533156e-07,5.297044737927446e-10,0.0036208424769592195,19.99635692780512,4500.0,2.2225554375852605e-05,3.6459024642341665e-09,2.2232846180781077e-05
59367.27216069126,16.49090893352535,10.005987983870089,39.9916678082801,0.002343530469898036,6.77378990326157e-07,5.297044695520678e-10,0.0036208424605311965,19.99635690190044,4500.0,2.2251316284951745e-05,3.8051043504597645e-09,2.2258926493652664e-05
61884.682386243956,17.19018955173443,10.005988010863724,39.99166778129596,0.002343530460397295,6.773789851354505e-07,5.297044651504745e-10,0.0036208424434097833,19.99635687489729,4500.0,2.227817040577855e-05,3.971253356217373e-09,2.2286112912490992e-05
64508.84089267699,17.919122470188054,10.005988039002007,39.99166775316758,0.002343530450496248,6.773789797523595e-07,5.297044605816765e-10,0.0036208424255656626,19.996356846749098,4500.0,2.2306163035474914e-05,4.144661068272252e-09,2.2314452357611462e-05
67244.2742348425,18.678965065234028,10.00598806833347,39.99166772384645,0.002343530440177974,6.773789741693632e-07,5.297044558390193e-10,0.003620842406968257,19.996356817407303,4500.0,2.2335342432893915e-05,4.325653758101346e-09,2.234399374041012e-05
70095.70091165633,19.471028031015646,10.00598809890871,39.99166769328197,0.0023435304294248138,6.773789683784431e-07,5.297044509154384e-10,0.0036208423875856675,19.9963567868213,4500.0,2.236575890165672e-05,4.514573132055983e-09,2.2374788047920833e-05
73068.03950529508,20.296677640359743,10.00598813078047,39.99166766142142,0.0023435304182183397,6.773789623710158e-07,5.297044458034089e-10,0.0036208423673846145,19.99635675493832,4500.0,2.2397464876720315e-05,4.711777124370607e-09,2.240688843096906e-05
76166.41716552892,21.157338101535814,10.005988164003726,39.991667628209846,0.0023435304065393117,6.773789561378531e-07,5.297044404948868e-10,0.003620842346330371,19.996356721703375,4500.0,2.2430515014604114e-05,4.917640735789802e-09,2.2440350296075694e-05
79396.17845382291,22.05449401495081,10.005988198635787,39.991667593589966,0.0023435303943676418,6.773789496689919e-07,5.297044349812421e-10,0.0036208423243866924,19.996356687059127,4500.0,2.2464966287429456e-05,5.132556920785776e-09,2.247523140127103e-05
82762.89456246352,22.989692934017647,10.005988234736392,39.991667557502055,0.002343530381682348,6.773789429536273e-07,5.297044292531803e-10,0.003620842301515745,19.996356650945824,4500.0,2.2500878080932616e-05,5.356937526554654e-09,2.251159195598573e-05
86272.37292461451,23.96454803461514,10.00598827236781,39.99166751988386,0.0023435303684615078,6.773789359799898e-07,5.297044233006525e-10,0.003620842277678025,19.99635661330117,4500.0,2.2538312296618558e-05,5.591214287212635e-09,2.2549494725192986e-05
89930.66723187632,24.98074089774342,10.00598831159496,39.9916674806705,0.002343530354682211,6.773789287352029e-07,5.29704417112751e-10,0.0036208422528322772,19.99635657406023,4500.0,2.257733345822968e-05,5.835839876863986e-09,2.2589005137983412e-05
93744.08787663,26.040024410175,10.005988352485499,39.99166743979433,0.0023435303403205043,6.773789212051172e-07,5.297044106775892e-10,0.0036208422269354045,19.99635653315531,4500.0,2.2618008822711126e-05,6.091289025483955e-09,2.2630191400762093e-05
97719.21283717996,27.144225788105544,10.005988395109966,39.99166739718484,0.0023435303253513313,6.773789133741199e-07,5.297044039821629e-10,0.0036208421999423725,19.99635649051586,4500.0,2.2660408495861655e-05,6.358059701852083e-09,2.267312461526536e-05
101862.89902446886,28.29524972901913,10.005988439541882,39.99166735276854,0.0023435303097484764,6.773789052249134e-07,5.297043970121899e-10,0.0036208421718061084,19.996356446068326,4500.0,2.270460555286722e-05,6.636674368086703e-09,2.2717878901603395e-05
106182.29410993868,29.49508169720519,10.005988485857891,39.991667306468806,0.002343530293484492,6.773788967382602e-07,5.297043897519258e-10,0.0036208421424773905,19.996356399736037,4500.0,2.275067616392223e-05,6.927681310672408e-09,2.276453152654358e-05
110684.8488549412,30.74579134859478,10.005988534137883,39.99166725820577,0.002343530276530629,6.773788878926887e-07,5.297043821839512e-10,0.0036208421119047316,19.996356351439072,4500.0,2.279869972515243e-05,7.231656053240158e-09,2.2813163037258915e-05
115378.3299629662,32.04953610082395,10.005988584465136,39.9916672078962,0.0023435302588567567,6.773788786641522e-07,5.297043742889272e-10,0.0036208420800342513,19.996356301094124,4500.0,2.2848758995061847e-05,7.549202856757172e-09,2.2863857400775366e-05
120270.83347685145,33.40856485468096,10.005988636926462,39.991667155453314,0.002343530240431277,6.773788690256381e-07,5.297043660453136e-10,0.0036208420468095384,19.996356248614354,4500.0,2.2900940236735743e-05,7.880956313212636e-09,2.2916702149362174e-05
125370.79874409197,34.82522187335888,10.00598869161235,39.99166710078664,0.002343530221221029,6.773788589467163e-07,5.297043574290443e-10,0.003620842012171506,19.99635619390924,4500.0,2.29553333660411e-05,8.227583039350168e-09,2.2971788532119806e-05
130687.02297433477,36.301950826204106,10.005988748617126,39.99166704380191,0.002343530201191191,6.7737884839302e-07,5.297043484131565e-10,0.0036208419760582265,19.99635613688441,4500.0,2.3012032106076047e-05,8.589783477498552e-09,2.302921167303105e-05
136228.67641416495,37.84129900393471,10.005988808039115,39.991666984400815,0.002343530180305162,6.773788373256486e-07,5.297043389673613e-10,0.003620841938404762,19.99635607744151,4500.0,2.307113414813023e-05,8.968293811094256e-09,2.3089070735752422e-05
142005.31816536817,39.44592171260227,10.005988869980817,39.9916669224809,0.0023435301585244942,6.773788257007376e-07,5.297043290577475e-10,0.003620841899143036,19.996356015478007,4500.0,2.3132741319428815e-05,9.363888003115838e-09,2.3151469095435052e-05
148026.912673951,41.11858685387528,10.00598893454913,39.991666857935286,0.0023435301358368317,6.773788136440995e-07,5.297043187762577e-10,0.0036208418582379352,19.99635595088698,4500.0,2.3196959757927378e-05,9.77737998304903e-09,2.321651451789348e-05
154303.84691835678,42.86217969954355,10.005989001855397,39.99166679065269,0.0023435301121871267,6.77378801077251e-07,5.297043080595217e-10,0.0036208418155983008,19.99635588355704,4500.0,2.326390009453866e-05,1.020962590683691e-08,2.328431934635234e-05
160846.94832653552,44.67970786848209,10.005989072015721,39.99166672051703,0.002343530087534585,6.773787879786337e-07,5.29704296889137e-10,0.0036208417711505823,19.996355813372038,4500.0,2.3333677642927572e-05,1.0661526671304082e-08,2.3355000696270186e-05
167667.5034527701,46.57430651465836,10.005989145151123,39.991666647407335,0.002343530061836683,6.773787743257799e-07,5.297042852459244e-10,0.00362084172481811,19.99635574021091,4500.0,2.3406412597367614e-05,1.1134030521960117e-08,2.3428680658411537e-05
174777.27744646845,48.549243735130126,10.005989221387756,39.991666571197506,0.0023435300350490933,6.773787600952744e-07,5.297042731098952e-10,0.0036208416765209635,19.996355663947462,4500.0,2.3482230238905943e-05,1.1628135852529478e-08,2.3505486510611002e-05
182188.5343465165,50.60792620736569,10.005989300857125,39.99166649175608,0.00234353000712561,6.77378745262714e-07,5.297042604602158e-10,0.003620841626175833,19.99635558445014,4500.0,2.3561261150202158e-05,1.2144894191706422e-08,2.3585550938585574e-05
189914.05823619355,52.75390506560932,10.005989383696315,39.991666408946,0.0023435299780180667,6.773787298026664e-07,5.297042472751741e-10,0.003620841573695877,19.996355501581807,4500.0,2.3643641439402645e-05,1.2685413390999708e-08,2.3669012266184647e-05
197967.17529513367,54.99088202642602,10.005989470048219,39.99166632262446,0.002343529947676255,6.77378713688626e-07,5.297042335321403e-10,0.003620841518990571,19.99635541519953,4500.0,2.3729512973427044e-05,1.3250861028631763e-08,2.375601469548431e-05
206361.77678638566,57.322715773996016,10.005989560061787,39.99166623264254,0.0023435299160478374,6.773786968929691e-07,5.297042192075294e-10,0.003620841461965551,19.996355325154305,4500.0,2.3819023621059204e-05,1.3842468045649571e-08,2.384670855715051e-05
215112.34301821672,59.75342861617131,10.005989653892287,39.99166613884503,0.0023435298830782577,6.773786793869062e-07,5.2970420427676e-10,0.003620841402522454,19.996355231290796,4500.0,2.391232750625059e-05,1.4461532631692744e-08,2.394125057151398e-05
224233.96832198495,62.2872134227736,10.005989751701577,39.99166604107012,0.002343529848710645,6.773786611404326e-07,5.297041887142126e-10,0.003620841340558743,19.9963551334471,4500.0,2.400958527206092e-05,1.5109424379260414e-08,2.4039804120819445e-05
233742.38708918125,64.9284408581059,10.005989853658372,39.99166593914917,0.0023435298128857193,6.773786421222765e-07,5.297041724931847e-10,0.003620841275967537,19.996355031454446,4500.0,2.4110964355678233e-05,1.57875887268327e-08,2.4142539533131903e-05
243654.00091254662,67.68166692015184,10.00598995993854,39.991665832906364,0.002343529775541684,6.773786222998461e-07,5.297041555858457e-10,0.003620841208637418,19.996354925136895,4500.0,2.4216639274978422e-05,1.6497551712838833e-08,2.4249634378404104e-05
253985.9068780729,70.55164079946469,10.00599007072541,39.991665722158444,0.002343529736614124,6.773786016391718e-07,5.297041379631884e-10,0.003620841138452248,19.996354814311054,4500.0,2.4326791927102827e-05,1.7240925064238308e-08,2.436127377723131e-05
264755.9270567075,73.54331307130764,10.005990186210088,39.99166560671437,0.002343529696035892,6.773785801048489e-07,5.297041195949786e-10,0.003620841065290961,19.996354698785755,4500.0,2.4441611899552175e-05,1.8019411645405432e-08,2.447765072284299e-05
275982.639246618,76.66184423517167,10.005990306591775,39.991665486375,0.0023435296537369947,6.773785576599756e-07,5.297041004497032e-10,0.00362084098902736,19.996354578361725,4500.0,2.4561296794315016e-05,1.883481129508786e-08,2.459896641690519e-05
287685.40901905973,79.91261361640548,10.005990432078125,39.991665360932764,0.002343529609644468,6.773785342660882e-07,5.297040804945152e-10,0.0036208409095298947,19.996354452831234,4500.0,2.4686052565569797e-05,1.9689027081468357e-08,2.472543061973274e-05
299884.4231231037,83.30122864530658,10.005990562885597,39.99166523017128,0.0023435295636822576,6.773785098830954e-07,5.297040596951767e-10,0.003620840826661438,19.996354321977755,4500.0,2.481609387152138e-05,2.0584072007801773e-08,2.485726201553699e-05
312600.72430687037,86.83353452968622,10.005990699239826,39.99166509386499,0.0023435295157710804,6.773784844692066e-07,5.297040380159992e-10,0.0036208407402790457,19.996354185575562,4500.0,2.4951644440955365e-05,2.152207620375237e-08,2.499468859336287e-05
325856.247615323,90.51562433758973,10.005990841376017,39.99166495177877,0.002343529465828295,6.773784579808601e-07,5.297040154197804e-10,0.0036208406502337164,19.996354043389374,4500.0,2.5092937455116958e-05,2.2505294640426153e-08,2.5137948044397815e-05
339673.85822722164,94.35384950756156,10.005990989539349,39.991664803667526,0.0023435294137677523,6.773784303726444e-07,5.297039918677397e-10,0.003620840556370127,19.996353895173925,4500.0,2.5240215945545105e-05,2.3536115410205798e-08,2.528728817636552e-05
354077.390896527,98.35483080459083,10.005991143985396,39.991664649275776,0.0023435293594996527,6.773784015972193e-07,5.297039673194495e-10,0.003620840458526368,19.996353740673555,4500.0,2.539373320851811e-05,2.46170686158726e-08,2.544296734574986e-05
369091.6910662782,102.52546974063283,10.005991304980569,39.9916644883372,0.0023435293029303883,6.773783716052307e-07,5.297039417327633e-10,0.003620840356533667,19.99635357962175,4500.0,2.5553753236792787e-05,2.5750835917155368e-08,2.5605254908627104e-05
384742.65772585134,106.87296047940315,10.00599147280258,39.99166432057419,0.0023435292439623803,6.773783403452224e-07,5.297039150637406e-10,0.003620840250216093,19.996353411740714,4500.0,2.5720551169346018e-05,2.6940260786811676e-08,2.5774431690919645e-05
401057.2880855496,111.404802245986,10.005991647740908,39.991664145697364,0.002343529182493913,6.773783077635431e-07,5.297038872665692e-10,0.0036208401393902543,19.99635323674085,4500.0,2.5894413759856014e-05,2.8188359532649108e-08,2.5950790478921317e-05
418063.7241455762,116.12881226266005,10.005991830097317,39.99166396340506,0.0023435291184189582,6.773782738042493e-07,5.297038582934813e-10,0.003620840023864985,19.996353054320295,4500.0,2.607563986468924e-05,2.9498333146553052e-08,2.613463653098235e-05
435791.3012397039,121.05313923325109,10.005992020186365,39.99166377338284,0.002343529051626991,6.773782384090028e-07,5.297038280946684e-10,0.0036208399034410093,19.996352864164383,4500.0,2.6264540951188833e-05,3.087358004664203e-08,2.6326288111282124e-05
454270.59863740427,126.18627739927896,10.005992218335942,39.99166357530293,0.002343528982002799,6.773782015169626e-07,5.297037966181895e-10,0.003620839777910605,19.99635266594511,4500.0,2.6461441627091975e-05,3.231770978415574e-08,2.6526077046660288e-05
473533.4922917121,131.53708119214224,10.005992424887848,39.99166336882364,0.0023435289094262857,6.773781630646725e-07,5.29703763809876e-10,0.003620839647057239,19.99635245932055,4500.0,2.666668019193531e-05,3.383455779262167e-08,2.6734349307520553e-05
493613.2098237927,137.11478050660907,10.005992640198375,39.991663153588796,0.0023435288337722605,6.773781229859412e-07,5.29703729613231e-10,0.003620839510655197,19.996352243934293,4500.0,2.688060921134085e-05,3.54282012632913e-08,2.6951465613867435e-05
514544.38783909247,142.92899662197013,10.005992864638921,39.99166292922716,0.0023435287549102247,6.773780812117163e-07,5.297036939693244e-10,0.0036208393684691925,19.996352019414797,4500.0,2.7103596115109645e-05,3.710297623783126e-08,2.7177802067585316e-05
536363.1316739245,148.98975879831235,10.005993098596639,39.99166269535169,0.0023435286727041447,6.773780376699522e-07,5.297036568166809e-10,0.003620839220253963,19.996351785374788,4500.0,2.7336023820085638e-05,3.886349601683248e-08,2.7413750812119308e-05
559107.0776755305,155.30752157653623,10.00599334247509,39.99166245155897,0.0023435285870122198,6.773779922854689e-07,5.297036180911631e-10,0.0036208390657538445,19.996351541410554,4500.0,2.7578291378788803e-05,4.071467099092254e-08,2.7659720720770652e-05
582815.4581230839,161.89318281196776,10.005993596694951,39.99166219742849,0.0023435284976866346,6.773779449798042e-07,5.297035777258472e-10,0.0036208389047023316,19.996351287101273,4500.0,2.7830814654855317e-05,4.266173001018917e-08,2.79161381148757e-05
607529.1689016077,168.7581024726688,10.005993861694744,39.99166193252186,0.002343528404573306,6.773778956710561e-07,5.297035356508926e-10,0.003620838736821617,19.996351022008266,4500.0,2.8094027026361057e-05,4.471024341729265e-08,2.8183447513195647e-05
633290.8400455128,175.91412223486466,10.005994137931577,39.99166165638214,0.002343528307511616,6.773778442737161e-07,5.297034917934033e-10,0.003620838561822113,19.99635074567427,4500.0,2.8368380118145236e-05,4.686614788013579e-08,2.8462112413905512e-05
660144.9092734883,183.3735859093023,10.005994425881942,39.991661368533,0.0023435282063341348,6.773777906984915e-07,5.297034460772814e-10,0.003620838379401952,19.99635045762262,4500.0,2.865434456429333e-05,4.9135773171348056e-08,2.8752616110636032e-05
688137.698641567,191.14936073376862,10.005994726042545,39.991661068477924,0.002343528100866333,6.77377734852118e-07,5.297033984230713e-10,0.0036208381892464643,19.99635015735644,4500.0,2.895241080198086e-05,5.152587105417994e-08,2.9055462544089224e-05
717317.4944465627,199.25485956848965,10.00599503893114,39.99166075569933,0.002343527990926279,6.773776766371575e-07,5.297033487477947e-10,0.003620837991027636,19.996349844357784,4500.0,2.92630898979239e-05,5.404364644779601e-08,2.93711771908195e-05
747734.6305177581,207.7040640327106,10.005995365087449,39.991660429657685,0.0023435278763243254,6.773776159517846e-07,5.297032969647751e-10,0.0036208377844035417,19.996349518086753,4500.0,2.9586914408728506e-05,5.669679105948745e-08,2.9700307990847487e-05
779441.5750404951,216.51154862235975,10.00599570507407,39.991660089790585,0.002343527756862782,6.773775526895571e-07,5.297032429834502e-10,0.003620837569017758,19.996349177980544,4500.0,2.992443927647759e-05,5.94935196870789e-08,3.0043426315851754e-05
812493.0210614064,225.69250585039066,10.005996059477466,39.99165973551178,0.0023435276323355726,6.773774867391711e-07,5.297031867091733e-10,0.0036208373444987433,19.99634882345249,4500.0,3.0276242760941872e-05,6.244260941189752e-08,3.0401127979765676e-05
846945.9808314577,235.2627724531827,10.005996428908963,39.991659366210165,0.002343527502527882,6.77377417984197e-07,5.297031280429987e-10,0.0036208371104592004,19.99634845389105,4500.0,3.0642927409852184e-05,6.555344192122492e-08,3.0774034293694634e-05
882859.8841495151,245.23885670819863,10.00599681400581,39.9916589812487,0.0023435273672157845,6.773773463027975e-07,5.297030668814548e-10,0.0036208368664954068,19.996348068658747,4500.0,3.102512106872022e-05,6.88360492192621e-08,3.1162793167158754e-05
920296.6808760429,255.63796691001193,10.005997215432279,39.99165857996336,0.0023435272261658545,6.773772715674226e-07,5.29703003116298e-10,0.0036208366121865164,19.99634766709108,4500.0,3.142347793174738e-05,7.230116300746048e-08,3.156808025776231e-05
959320.947793827,266.47804105384085,10.005997633880808,39.99165816166193,0.0023435270791347675,6.773771936444809e-07,5.297029366342504e-10,0.0036208363470938356,19.99634724849536,4500.0,3.183867963541539e-05,7.596026803875401e-08,3.1990600171492904e-05
1000000.0,277.77777777777777,10.005998070073197,39.99165772562289,0.0023435269258688753,6.77377112393985e-07,5.297028673167167e-10,0.0036208360707600633,19.996346812149543,4500.0,3.2271436396406455e-05,7.982565977589803e-08,3.243108771595826e-05
