time_s,time_h,TMSPA_mM,BMSPA_mM,MMSPA_mM,H3PO4_mM,H2O_mM,TMSOH_mM,siloxyl_mM,EC_mM,TMSOEG_mM,TMSOdiEG_mM,CO2_mM
0.001,2.7777777777777776e-07,49.99981359302084,0.00018640663168934028,3.474756188202225e-10,4.318114807251937e-16,19.99981359354204,0.0001864055892782893,8.686793869761381e-10,4500.0,2.762843882037302e-16,2.7299709996825306e-28,2.7628438820427616e-16
0.0010424040070215568,2.895566686170991e-07,49.999805688633344,0.0001943109890900144,3.7756907213536976e-10,4.891058511707079e-16,19.999805689199686,0.00019430985640071343,9.439117384616796e-10,4500.0,3.002122262795839e-16,3.0921959826628843e-28,3.0021222628020227e-16
0.001086606113854597,3.0183503162627693e-07,49.999797449069476,0.0002025505202570145,4.102687945748917e-10,5.540021579454392e-16,19.99979744968487,0.0002025492894709373,1.025659592689598e-09,4500.0,3.2621235092917796e-16,3.5024816130925174e-28,3.262123509298783e-16
0.0011326825671361539,3.1463404642670944e-07,49.99978886011653,0.0002111394376706759,4.458005039285078e-10,6.2750903999711e-16,19.99978886078522,0.00021113810029218003,1.1144872215698982e-09,4500.0,3.544642334470004e-16,3.967204643316936e-28,3.5446423344779377e-16
0.0011807128466661903,3.279757907406084e-07,49.999779906959134,0.00022009255645749466,4.844094663871078e-10,7.10768964473588e-16,19.999779907685735,0.00022009110325518164,1.2110077650217158e-09,4500.0,3.851628882541482e-16,4.493587903180909e-28,3.8516288825504683e-16
0.0012307798025066657,3.418832784740738e-07,49.99977057415369,0.0002294253199430125,5.26362189535314e-10,8.05075983334148e-16,19.999770574943224,0.00022942374088600907,1.3158874630575056e-09,4500.0,4.1852021900360966e-16,5.089812559153101e-28,4.1852021900462744e-16
0.0012829697978941476,3.56380499415041e-07,49.99976084560176,0.00023915382628809505,5.71948261965088e-10,9.118958459482402e-16,19.99976084645967,0.00023915211047681643,1.4298502543671413e-09,4500.0,4.547664812632358e-16,5.7651452682241745e-28,4.547664812643887e-16
0.0013373728582124964,3.714924606145823e-07,49.99975070452227,0.00024929485625453413,6.214823522083525e-10,1.0328887802797982e-15,19.99975070545447,0.0002492929918454516,1.5536827731398557e-09,4500.0,4.941518718723232e-16,6.530082202850425e-28,4.94151871873629e-16
0.0013940828262825786,3.8724522952293854e-07,49.99974013342255,0.00025986590214784327,6.753063807862367e-10,1.1699352967313184e-15,19.999740134435484,0.0002598638762717364,1.6882397786101248e-09,4500.0,5.369482559420099e-16,7.396512185430986e-28,5.369482559434889e-16
0.0014531975242368955,4.036659789546932e-07,49.999729114068224,0.0002708851979871547,7.33791880367511e-10,1.3251654157014715e-15,19.999729115168886,0.00027088299666028394,1.8344500547999358e-09,4500.0,5.834510434197472e-16,8.377901467815114e-28,5.834510434214225e-16
0.0015148189222583457,4.207830339606516e-07,49.99971762745171,0.0002823717509542315,7.973425603271304e-10,1.5009917731227282e-15,19.99971762864769,0.00028236935898181864,1.993322821174583e-09,4500.0,6.339812281703747e-16,9.489503027751287e-28,6.339812281722724e-16
0.0015790533144741758,4.3862592068727107e-07,49.999705653759435,0.00029434537417581485,8.663970934066411e-10,1.700147118518656e-15,19.999705655058992,0.00029434277504716513,2.165954698454853e-09,4500.0,6.888876036480083e-16,1.0748593635241799e-27,6.888876036501577e-16
0.0016460115023085497,4.572254173079305e-07,49.99969317233768,0.00030682672089583083,9.414321437112409e-10,1.925726788391031e-15,19.999693173749783,0.00030682389667037186,2.353537277659563e-09,4500.0,7.485491704518015e-16,1.2174742373378188e-27,7.485491704542361e-16
0.0017158089856100047,4.766136071138902e-07,49.99968016165694,0.0003198373200963675,1.0229656569440327e-09,2.181236815075513e-15,19.999680163191346,0.0003198342512798201,2.5573653446150046e-09,4500.0,8.133777523829774e-16,1.3790114787110563e-27,8.133777523857351e-16
0.0017885661618834618,4.968239338565172e-07,49.99966659927482,0.00033339961362883065,1.1115604355880102e-09,2.470648418793408e-15,19.999666600942103,0.0003333962790386553,2.7788458166909328e-09,4500.0,8.838208390595669e-16,1.5619817387147264e-27,8.838208390626906e-16
0.001864408533970487,5.178912594362464e-07,49.99965246179726,0.00034753699491929643,1.2078280237131487e-09,2.798459729837589e-15,19.999652463608943,0.00034753337153848907,3.019507453437592e-09,4500.0,9.603646747089975e-16,1.7692287863398448e-27,9.603646747125356e-16
0.0019434669265360202,5.398519240377834e-07,49.99963772483826,0.0003622738493147811,1.3124329282229977e-09,3.1697657002042158e-15,19.999637726806846,0.00036226991213300544,3.281011408138285e-09,4500.0,1.043537614457687e-15,2.003973707281199e-27,1.0435376144616946e-15
0.002025877711735017,5.627438088152825e-07,49.99962236297777,0.0003776355961399821,1.4260972056773883e-09,3.590337291266013e-15,19.999622365116842,0.000377631317980947,3.5651626930947498e-09,4500.0,1.1339137712830458e-15,2.2698649671150544e-27,1.1339137712875853e-15
0.0021117830444482445,5.866064012356234e-07,49.99960634971786,0.0003936487325369857,1.549605446351056e-09,4.06671116825475e-15,19.99960635204219,0.0003936440838708718,3.873922637767271e-09,4500.0,1.23211697879929e-15,2.5710351169724945e-27,1.2321169788044315e-15
0.0022013311074930322,6.114808631925089e-07,49.999589657437035,0.0004103408791635156,1.683810189929839e-09,4.60629129562228e-15,19.999589659962655,0.0004103358279031597,4.209422425742531e-09,4500.0,1.338825097228325e-15,2.9121650230505544e-27,1.3388250972341487e-15
0.002294676367231936,6.374101020088711e-07,49.99957225734254,0.0004277408278284909,1.8296378102252236e-09,5.217464012317761e-15,19.999572260086893,0.0004277353391079198,4.57397780394578e-09,4500.0,1.4547746922754163e-15,3.29855661824174e-27,1.454774692282013e-15
0.00239197984002024,6.644388444500666e-07,49.999554119420765,0.0004458785911470031,1.9880949095252542e-09,5.909728375529495e-15,19.99955412240279,0.00044587262708078974,4.970105065602376e-09,4500.0,1.5807661192030311e-15,3.736215306616935e-27,1.580766119210503e-15
0.0024934093699518806,6.926137138755224e-07,49.99953521238543,0.00046478545430029503,2.160275266717277e-09,6.693843798748712e-15,19.999535215625713,0.00046477897372207546,5.400538417242034e-09,4500.0,1.7176690471926564e-15,4.231943301525255e-27,1.7176690472011197e-15
0.002599139918382933,7.219833106619258e-07,49.99951550362365,0.0004844940289899588,2.3473673871402117e-09,7.581997278808747e-15,19.999515507144555,0.000484486987168306,5.868248849588724e-09,4500.0,1.866428462123106e-15,4.7934453480094756e-27,1.8664284621326923e-15
0.0027093538657320514,7.525982960366809e-07,49.99949495913966,0.0005050383096793413,2.5506627062770878e-09,8.5879928110132e-15,19.999494962965493,0.0005050306580090349,6.376464642554864e-09,4500.0,2.0280711891955063e-15,5.429448472717762e-27,2.0280711892063653e-15
0.002824241326078436,7.845114794662322e-07,49.99947354349622,0.0005264537322190812,2.771564503911276e-09,9.727465936323328e-15,19.99947354765338,0.0005264454178856429,6.928693645832587e-09,4500.0,2.203712980422752e-15,6.1498376225135614e-27,2.203712980435051e-15
0.0029440004751000335,8.177779097500093e-07,49.99945121975345,0.0005487772349578193,3.011597590273529e-09,1.1018126755188858e-14,19.999451224270636,0.0005487682005729977,7.528747488825241e-09,4500.0,2.3945662158996052e-15,6.965809299934714e-27,2.3945662159135357e-15
0.003068837891917642,8.524549699771228e-07,49.999427949405145,0.0005720473224433913,3.2724188310350082e-09,1.2480035185047103e-14,19.999427954313536,0.0005720375056490846,8.180767886972581e-09,4500.0,2.6019482720053798e-15,7.890045583367352e-27,2.6019482720211586e-15
0.0031989689154345376,8.886024765095938e-07,49.999403692312356,0.0005963041318242735,3.55582858379093e-09,1.4135912739659819e-14,19.99940369764583,0.0005962934648621512,8.889255225985531e-09,4500.0,2.8272906142936588e-15,8.936911236627693e-27,2.827290614311532e-15
0.003334618015786363,9.262827821628785e-07,49.99937840663416,0.0006215895020657059,3.863783124970586e-09,1.601149567609681e-14,19.99937841242953,0.0006215779113095655,9.659099621221536e-09,4500.0,3.0721486778248007e-15,1.0122676971511046e-26,3.0721486778450453e-15
0.0034760191815419775,9.655608837616605e-07,49.99935204875551,0.000647947046089801,4.198408138473454e-09,1.813366817985502e-14,19.999352055052768,0.0006479344515567817,1.0495615024082253e-08,4500.0,3.3382126351804608e-15,1.1463389403846184e-26,3.3382126352033863e-15
0.00362341632332315,1.0065045342564305e-06,49.999324573211986,0.0006754222260111753,4.562013429837827e-09,2.053744672146413e-14,19.999324580054587,0.0006754085407759834,1.1404574862863699e-08,4500.0,3.627318969816646e-15,1.298202334580864e-26,3.627318969842608e-15
0.0037770636945393685,1.049184359594269e-06,49.99929593261138,0.0007040624315092643,4.957108831213344e-09,2.326050133221573e-14,19.99929594004657,0.0007040475611167871,1.239225283439945e-08,4500.0,3.941463236703073e-15,1.470250736356006e-26,3.941463236732475e-15
0.003937226329963483,1.093673980545412e-06,49.99926607755203,0.0007339170615527663,5.3864215345607985e-09,2.6345201196640878e-14,19.999266085631103,0.0007339009033683378,1.3465465969754622e-08,4500.0,4.282813815270966e-15,1.6651630606043718e-26,4.282813815304266e-15
0.004104180502904709,1.1400501396957524e-06,49.9992349565375,0.0007650376095834755,5.852914917482205e-09,2.983953679477762e-14,19.99923496531623,0.0007650200520845879,1.463162163826529e-08,4500.0,4.6537268721082944e-15,1.8859736299911898e-26,4.653726872146011e-15
0.004278214201767617,1.188392833824338e-06,49.99920251588787,0.0007974777523094538,6.359808997564103e-09,3.379786567904493e-14,19.999202525426853,0.0007974586743161414,1.5898768666713362e-08,4500.0,5.0567626234467456e-15,2.1361193238952455e-26,5.056762623489465e-15
0.004459627626819096,1.2387854518941932e-06,49.99916869964712,0.000831293442261573,6.910602658088786e-09,3.8281757194850336e-14,19.99916871001218,0.0008312727121001593,1.727565288470907e-08,4500.0,5.494703005942916e-15,2.419492982368015e-26,5.494703005991301e-15
0.0046487337080202565,1.2913149188945156e-06,49.999133449486614,0.0008665430042728659,7.509097798511303e-09,4.3360949272288737e-14,19.999133460749288,0.0008665204788673054,1.8771777479482176e-08,4500.0,5.970570877702649e-15,2.7405038949618635e-26,5.970570877757453e-15
0.004845858644816496,1.34607184578236e-06,49.999096704604504,0.0009032872360468555,8.15942557638308e-09,4.9114432157991303e-14,19.999096716842534,0.0009032627599314,2.0397468576451933e-08,4500.0,6.48765088205639e-15,3.1041463143795834e-26,6.4876508821184665e-15
0.005051342468816766,1.403150685782435e-06,49.99905840162091,0.0009415895129880519,8.866074921836566e-09,5.5631675928972693e-14,19.999058414918753,0.0009415629172344341,2.216394649798514e-08,4500.0,7.049512118066546e-15,3.5160770596049084e-26,7.049512118136863e-15
0.005265539630332755,1.4626498973146541e-06,49.99901847446857,0.0009815158974751743,9.633923521428925e-09,6.301402086486819e-14,19.999018488918004,0.0009814869985269043,2.4083403191911293e-08,4500.0,7.660032774214863e-15,3.9827034144272365e-26,7.66003277429451e-15
0.005488819609789672,1.5246721138304643e-06,49.99897685427892,0.0010231352527652502,1.0468271485183751e-08,7.137625228596443e-14,19.998976869979675,0.0010231038511709868,2.6169086363909212e-08,4500.0,8.323426895263223e-15,4.511282687267885e-26,8.323426895353441e-15
0.005721567555063252,1.5893243208509034e-06,49.99893346926335,0.0010665193617247224,1.1374877929186428e-08,8.084838433125791e-14,19.99893348632378,0.0010664852407619822,2.843539089410739e-08,4500.0,9.044273466999885e-15,5.110034979437262e-26,9.044273467102076e-15
0.00596418494584246,1.6567180405117944e-06,49.99888824458934,0.0011117430505920044,1.2360000726209376e-08,9.157768039797984e-14,19.9988882631272,0.001111705974771714,3.089795816846921e-08,4500.0,9.827548019576218e-15,5.788270914218752e-26,9.827548019691972e-15
0.006217090286163827,1.7269695239343964e-06,49.998841102251504,0.001158884317984547,1.3430439698705017e-08,1.0373094164205893e-13,19.99884112239472,0.001158844031426127,3.357378401010591e-08,4500.0,1.0678656967515786e-14,6.55653631167526e-26,1.0678656967646904e-14
0.0064807198263119705,1.8001999517533251e-06,49.998791960936956,0.0012080244693724932,1.4593583552259305e-08,1.1749709910503377e-13,19.998791982824557,0.0012079806940382646,3.648133595495466e-08,4500.0,1.1603474923359186e-14,7.426776057422451e-26,1.1603474923507711e-14
0.0067555283153316464,1.8765356431476795e-06,49.99874073588518,0.001259248257250417,1.5857460873410902e-08,1.3309014975171975e-13,19.998740759668223,0.001259200691027153,3.9640680680684644e-08,4500.0,1.2608385242424346e-14,8.412519711901779e-26,1.2608385242592583e-14
0.007041989785449296,1.9561082737359154e-06,49.99868733874183,0.001312644027248386,1.7230795543787146e-08,1.5075248204780922e-13,19.99868736458444,0.001312592341862784,4.307362246768889e-08,4500.0,1.3700324078453469e-14,9.529091744551118e-26,1.3700324078644037e-14
0.007340598369757212,2.0390551027103367e-06,49.99863167740636,0.001368303870433821,1.8723066952982955e-08,1.7075864276062367e-13,19.998631705486883,0.0013682477091875105,4.680385364707306e-08,4500.0,1.4886828254139685e-14,1.0793849659963712e-25,1.488682825435555e-14
0.007651869154570825,2.125519209603007e-06,49.998573655873194,0.0014263237820662455,2.0344575425722337e-08,1.934196035235286e-13,19.998573686385434,0.001426262757374722,5.085711807318191e-08,4500.0,1.617608727684461e-14,1.2226453716593971e-25,1.6176087277089126e-14
0.007976339067929281,2.2156497410914668e-06,49.99851317406621,0.0014868038270780721,2.2106513314821594e-08,2.190875934716291e-13,19.998513207220736,0.0014867375177965805,5.526138874797999e-08,4500.0,1.7576999858413904e-14,1.384917242954798e-25,1.7576999858690873e-14
0.008314567805772064,2.3096021682700177e-06,49.99845012766617,0.0015498483125661623,2.402104225056964e-08,2.481615730540405e-13,19.998450163691775,0.0015497762610840935,6.004706082214691e-08,4500.0,1.909923532907002e-14,1.5687228605120008e-25,1.9099235329383754e-14
0.008667138797389234,2.4075385548303427e-06,49.99838440793078,0.0016155659675908874,2.6101377079619887e-08,2.8109343409295805e-13,19.998384447076084,0.0016154876766746548,6.52471613037227e-08,4500.0,2.0753300369121768e-14,1.7769191284644102e-25,2.0753300369477137e-14
0.009034660211810534,2.5096278366140373e-06,49.99831590150724,0.001684070130591953,2.8361877072645258e-08,3.1839502244683716e-13,19.998315944042385,0.0016839850599545806,7.089757692027963e-08,4500.0,2.255061151891264e-14,2.012741968871376e-25,2.2550611519315174e-14
0.009417766006869518,2.6160461130193106e-06,49.99824449023678,0.0017554789447433517,3.081814503016283e-08,3.6064609241969067e-13,19.9982445364553,0.0017553865073171241,7.703730170569806e-08,4500.0,2.450357396728892e-14,2.279856606097283e-25,2.4503573967744875e-14
0.009817117022752193,2.726976950764498e-06,49.9981700509509,0.0018299155615833856,3.348713497042858e-08,4.085033165394459e-13,19.998170101171738,0.001829815119469862,8.370870601853592e-08,4500.0,2.6625667162174927e-14,2.5824145226053603e-25,2.6625667162691395e-14
0.010233402121916422,2.8426117005323397e-06,49.99809245525903,0.0019075083532698706,3.6387269142515315e-08,4.62710490730596e-13,19.998092509828744,0.0019073992133393511,9.095782884664614e-08,4500.0,2.893153783389784e-14,2.925117971306291e-25,2.893153783448284e-14
0.010667339377348576,2.963149827041271e-06,49.99801156932711,0.0019883911338254875,3.9538565172027506e-08,5.241100934849811e-13,19.99801162862228,0.0019882725429355872,9.883469541313353e-08,4500.0,3.1437101073033697e-14,3.3132930470409896e-25,3.143710107369634e-14
0.011119677311206989,3.0887992531130523e-06,49.99792725364691,0.0020727033897535627,4.296277421681338e-08,5.936563786780991e-13,19.997927318076687,0.002072574529553948,1.0739366227303785e-07,4500.0,3.415965016009691e-14,3.752972452797671e-25,3.415965016084749e-14
0.011591196185988858,3.2197767183302383e-06,49.9978393627954,0.0021605905204206623,4.668353108599502e-08,6.724302055140338e-13,19.997839432804405,0.002160450501708137,1.1669379227950025e-07,4500.0,3.711797590475581e-14,4.250989246933508e-25,3.7117975905605985e-14
0.012082709350447765,3.356308152902157e-06,49.997747745184135,0.00225220408861909,5.072651735817274e-08,7.616558360803119e-13,19.997747821255434,0.002252051945204122,1.2679926200390444e-07,4500.0,4.0332496317839e-14,4.815083028332254e-25,4.0332496318802e-14
0.012595064642583583,3.498629067384329e-06,49.997652242797784,0.002347702081739822,5.511963862434049e-08,8.627199615744031e-13,19.997652325456308,0.0023475367637822574,1.3777980441800256e-07,4500.0,4.382539751065654e-14,5.454020209733779e-25,4.3825397511747325e-14
0.013129145852124654,3.6469849589235148e-06,49.99755269092183,0.002447249184004516,5.989321707848826e-08,9.771932529013312e-13,19.99755278073793,0.0024470695507725427,1.4971118988886053e-07,4500.0,4.762078679357989e-14,6.177730248423146e-25,4.7620786794815423e-14
0.013685874245025192,3.80163173472922e-06,49.9974489178585,0.0025510170602242436,6.508020078474827e-08,1.1068547705755763e-12,19.997449015451913,0.002550821872226719,1.6267574880128277e-07,4500.0,5.174485902995136e-14,6.997459951470287e-25,5.174485903135083e-14
0.014266210152607376,3.962836153502049e-06,49.99734074463081,0.0026591846515721844,7.071639106497787e-08,1.2537196132995187e-12,19.997340850674934,0.002658972562010118,1.7676293940897405e-07,4500.0,5.6226077392790136e-14,7.925948253618488e-25,5.6226077394375305e-14
0.014871154628089538,4.130876285580428e-06,49.99722798467404,0.002771938483878172,7.684068957567337e-08,1.420070234926197e-12,19.99722809990056,0.002771708029356473,1.9206996482707558e-07,4500.0,6.109536977107395e-14,8.97762418409951e-25,6.109536977286944e-14
0.015501751173357704,4.306041992599362e-06,49.997110443514075,0.0028894729889742937,8.349536677892271e-08,1.6084919165280942e-12,19.99711056871802,0.002889222579409795,2.0870244341697249e-07,4500.0,6.638634218027266e-14,1.0168831099047733e-24,6.638634218230641e-14
0.016159087538959182,4.488635427488661e-06,49.996987918432204,0.0030119908396430764,9.072635365967707e-08,1.8219129448724014e-12,19.996988054477434,0.0030117187472993245,2.2677513718175854e-07,4500.0,7.213551064904578e-14,1.1518080664398617e-24,7.213551065134938e-14
0.01684429760042316,4.6789715556731e-06,49.99686019811566,0.003139703298743022,9.858355870196438e-08,2.063650121750339e-12,19.996860345940803,0.003139407646316302,2.4641274318996714e-07,4500.0,7.838255318139173e-14,1.3046340536531426e-24,7.838255318400099e-14
0.01755856331414469,4.877378698373524e-06,49.99672706229337,0.003272830583110385,1.0712121231088432e-07,2.3374603114604183e-12,19.996727222918317,0.003272509330784948,2.677507534788684e-07,4500.0,8.51705835319283e-14,1.4777360211638455e-24,8.517058353488372e-14
0.01830311675620613,5.084199098946147e-06,49.996588281356274,0.0034116022428614095,1.1639824105652461e-07,2.6475988275910252e-12,19.996588455889214,0.0034112531742447405,2.909363893597866e-07,4500.0,9.254644868235184e-14,1.6738040108014913e-24,9.25464486856994e-14
0.019079242247652662,5.299789513236851e-06,49.99644361596161,0.003556257556745338,1.2647867432161014e-07,2.998885566544457e-12,19.996443805606635,0.0035558782635866453,3.1612961655969814e-07,4500.0,1.0056105207048783e-13,1.895884961738101e-24,1.0056105207427959e-13
0.019888278569888097,5.524521824968916e-06,49.99629281662032,0.003707045944226025,1.374320861581775e-07,3.3967799156453086e-12,19.996293022685773,0.003706633809812721,3.4350424818938236e-07,4500.0,1.0926970480084856e-13,2.147430062241873e-24,1.092697048051434e-13
0.02073162127401231,5.758783687225642e-06,49.99613562326711,0.0038642273949983396,1.493340754013764e-07,3.8474656000514975e-12,19.99613584717456,0.0038637795761162306,3.732491431323756e-07,4500.0,1.1873250725846047e-13,2.432348383975411e-24,1.1873250726332513e-13
0.021610725088083777,6.002979191134382e-06,49.995971764812204,0.0040280729166752806,1.6226678735232304e-07,4.357946787156295e-12,19.995972008106293,0.0040275863240082895,4.055695081050849e-07,4500.0,1.290147637572498e-13,2.7550676324042655e-24,1.2901476376275991e-13
0.022527106426459817,6.257529562905505e-06,49.995800958674195,0.004198865001412681,1.7631948062858606e-07,4.936156942135347e-12,19.99580122303324,0.004198336278247209,4.4068831235115294e-07,4500.0,1.401874330819237e-13,3.1206029574797323e-24,1.401874330881649e-13
0.023482346005542765,6.522873890428546e-06,49.99562291029302,0.004376898112270463,1.91589143092329e-07,5.591082126472523e-12,19.995623197540606,0.00437632361135784,4.788478247073436e-07,4500.0,1.5232761802960463e-13,3.534634894031965e-24,1.5232761803667388e-13
0.024478091570444414,6.799469880679004e-06,49.99543731262239,0.0045624791901430605,2.081811611045414e-07,6.332900655773885e-12,19.99543762473993,0.004561854948560902,5.203112836192266e-07,4500.0,1.655190973261954e-13,4.0035976432033674e-24,1.6551909733420257e-13
0.02551606073727185,7.087794649242181e-06,49.99524384560068,0.004755928182126476,2.262100467214574e-07,7.173141287437587e-12,19.995244184741082,0.0047552498939659816,5.653647115984295e-07,4500.0,1.7985290358438798e-13,4.534779066972281e-24,1.798529035934575e-13
0.026598043955937584,7.388345543315996e-06,49.99504217559945,0.004957578592225826,2.4580022784874567e-07,8.124862396742038e-12,19.995042544101942,0.00495684157891716,6.143188866054999e-07,4500.0,1.9542795128741242e-13,5.1364339498620035e-24,1.9542795129768524e-13
0.02772590759860484,7.701640999612455e-06,49.99483195484857,0.005167778055345176,2.670869068031001e-07,9.202854926120971e-12,19.994832355254825,0.005166977233416842,6.675114839202562e-07,4500.0,2.1235171912722165e-13,5.817912288129142e-24,2.123517191388574e-13
0.0289015971790951,8.028221438637528e-06,49.99461282083706,0.005386888935540782,2.902169932024348e-07,1.0423872261881167e-11,19.994613255908714,0.005386018781591288,7.25309403232182e-07,4500.0,2.3074099140018213e-13,6.5898046002827046e-24,2.307409914133617e-13
0.03012714070881166,8.368650196892127e-06,49.99438439568854,0.005615288949560126,3.1535011761827553e-07,1.1806890611131356e-11,19.99438486842619,0.005614343462201091,7.881112969550487e-07,4500.0,2.507226635700872e-13,7.464106517332127e-24,2.507226635850154e-13
0.03140465219496752,8.723514498602089e-06,49.99414628551019,0.0058533718167316775,3.4265973298062307e-07,1.3373403925731229e-11,19.99414679917411,0.0058523444752408005,8.563503171510685e-07,4500.0,2.7243461755018696e-13,8.454405210809045e-24,2.7243461756709565e-13
0.03273633528715246,9.093426468653461e-06,49.99389807971425,0.006101547936315127,3.7233431133041757e-07,1.5147757957008046e-11,19.99389863784683,0.006100431655714822,9.304970999500214e-07,4500.0,2.960266727360108e-13,9.576090556012594e-24,2.960266727551629e-13
0.034124487078528914,9.479024188480254e-06,49.99363935031076,0.006360245093467943,4.045786441718653e-07,1.7157528633167213e-11,19.99363995676089,0.006359032175720941,1.0110630079780542e-06,4500.0,3.2166161934229387e-13,1.0846594312364822e-23,3.21661619363987e-13
0.03557150206821386,9.880972796726072e-06,49.993369651170305,0.006629909195032586,4.3961525539088623e-07,1.9433950640198487e-11,19.993370310119918,0.006628591276019228,1.0986036530804446e-06,4500.0,3.495163411639367e-13,1.2285661038208504e-23,3.495163411885079e-13
0.037079876291681725,1.0299965636578257e-05,49.993088517255536,0.006911005036570841,4.776859095883621e-07,2.200800614670199e-11,19.993089233249094,0.0069095730270645915,1.1937233996861439e-06,4500.0,3.7978309607568245e-13,1.3911130035693314e-23,3.797830961035047e-13
0.03865221162631264,1.0736725451753511e-05,49.99279546381989,0.007204017102020878,5.190532156400857e-07,2.490041797842469e-11,19.992796241798104,0.007202461120278732,1.2970811459444726e-06,4500.0,4.126709869362697e-13,1.5728420342388212e-23,4.126709869677265e-13
0.0402912202795135,1.1192005633198193e-05,49.992489985574636,0.007509450394412783,5.640027947078475e-07,2.818039447112821e-11,19.992490830901467,0.0075077597121184555,1.4093859032853358e-06,4500.0,4.4840660098485037e-13,1.779073885351612e-23,4.4840660102043165e-13
0.04199972946715306,1.1666591518653627e-05,49.992171555816654,0.007827831306633653,6.128448404048663e-07,3.1899430943648336e-11,19.99217247432009,0.007825994267369676,1.531411993033618e-06,4500.0,4.872364964716623e-13,2.0130670596840805e-23,4.872364965119235e-13
0.04378068629038169,1.2161301747328248e-05,49.99183962552221,0.008159708525287095,6.65916403891519e-07,3.6115850640174414e-11,19.991840623534394,0.0081577124642896,1.6640007268990858e-06,4500.0,5.294285756972892e-13,2.2785119276711448e-23,5.294285757428593e-13
0.04563716281924761,1.2676989672013225e-05,49.991493622401755,0.008505653973658009,7.235837189561013e-07,4.089570981741082e-11,19.991494706802523,0.00850348513063943,1.8080661994600897e-06,4500.0,5.752739322968551e-13,2.5795879397418435e-23,5.752739323484465e-13
0.0475723613918789,1.3214544831077471e-05,49.99113294991452,0.008866263794456816,7.862447283360272e-07,4.6313822827056467e-11,19.991134128178835,0.008863907218898452,1.9646015810817335e-06,4500.0,6.250888583459274e-13,2.9210284200145105e-23,6.250888584043474e-13
0.04958962013837217,1.3774894482881158e-05,49.99075698624173,0.00924215937401211,8.543318286914252e-07,5.245492310592275e-11,19.990758266491028,0.009239598822277074,2.1346859544461383e-06,4500.0,6.792170251078688e-13,3.3081939463385703e-23,6.792170251740324e-13
0.05169241873891601,1.4359005205254446e-05,49.990365083216105,0.009633988409649803,9.283148531488503e-07,5.941497809648494e-11,19.990366474274246,0.00963120623321092,2.319491741590175e-06,4500.0,7.380318524363438e-13,3.747155454930264e-23,7.380318525112864e-13
0.05388438442608224,1.4967884562800622e-05,49.98995656520634,0.010042426022069116,1.0087043119687328e-06,6.730267851109202e-11,19.98995807666028,0.010039403046085655,2.5202927723830824e-06,4500.0,8.019390831437158e-13,4.244788358784001e-23,8.01939083228611e-13
0.0561692982416381,1.560258284489947e-05,49.98953072795427,0.010468175914600367,1.0960549136673843e-06,7.62411250605739e-11,19.989532370220008,0.010464891306011621,2.7384730497595472e-06,4500.0,8.713795800549395e-13,4.808879139993327e-23,8.713795801511165e-13
0.05855110155867241,1.6264194877409002e-05,49.989086837362954,0.010911971581307758,1.1909693908551662e-06,8.636973883466052e-11,19.989088621757183,0.010908402705539897,2.975536271783184e-06,4500.0,9.468323649970004e-13,5.448246069741815e-23,9.468323651059645e-13
0.06103390288028624,1.695386191119062e-05,49.98862412823354,0.011374577565981318,1.2941026571499969e-06,9.784642499510173e-11,19.98862606705145,0.011370699831286286,3.233116175782552e-06,4500.0,1.0288179206363594e-12,6.172875929031595e-23,1.0288179207598163e-12
0.06362198492657489,1.767277359071525e-05,49.988141802948704,0.011856790774146383,1.4061663238040533e-06,1.1085002337661678e-10,19.98814390954854,0.011852577462507273,3.5129877754118256e-06,4500.0,1.117901777882595e-12,6.994078851612329e-23,1.1179017780224757e-12
0.06631981202212675,1.842217000614632e-05,49.987639030100524,0.01235944184030698,1.5279336071571437e-06,1.2558308404694913e-10,19.987641318995404,0.012354863923752785,3.817079567578936e-06,4500.0,1.2146984135379044e-12,7.924663691915575e-23,1.2146984136963968e-12
0.06913203779678131,1.9203343832439255e-05,49.987114943060355,0.01288339655273035,1.6602446607194582e-06,1.4227501092456766e-10,19.987117430018024,0.0128784224938036,4.147486792795782e-06,4500.0,1.319875485002565e-12,8.979136639457654e-23,1.3198754851821469e-12
0.07206351321293053,2.0017642559147368e-05,49.98656863848829,0.013429557338174984,1.8040123686080009e-06,1.6118562226939247e-10,19.98657134063948,0.013424152873187933,4.506485839683031e-06,4500.0,1.4341584311605925e-12,1.0173926162100307e-22,1.4341584313640703e-12
0.07511929493320968,2.0866470814780466e-05,49.98599917477971,0.013998864809062945,1.9602286402346934e-06,1.82609183337131e-10,19.98600211073583,0.013992992712660848,4.896549892153489e-06,4500.0,1.5583354710832495e-12,1.1527637769357837e-22,1.5583354713138015e-12
0.07830465404301187,2.175129278972552e-05,49.9854055704462,0.014592299375699723,2.1299712495918966e-06,2.068789738220206e-10,19.985408760427198,0.014585919205122703,5.320365926255703e-06,4500.0,1.6932630349180457e-12,1.3061342549964224e-22,1.6932630351792716e-12
0.08162508514287233,2.2673634761908978e-05,49.98478680242813,0.015210882926251596,2.3144112662263685e-06,2.3437246101993927e-10,19.98479026840138,0.015203950743548654,5.780853172839554e-06,4500.0,1.839871664295934e-12,1.4798903962356557e-22,1.8398716645919108e-12
0.08508631582640581,2.363508772955717e-05,49.984141804336076,0.015855680577300954,2.514821129061143e-06,2.655171590530414e-10,19.98414557016717,0.01584814864759992,6.281183172169356e-06,4500.0,1.9991724228097227e-12,1.6767347950739257e-22,1.9991724231450685e-12
0.08869431656014713,2.4637310155596425e-05,49.98346946461789,0.01652780249791517,2.7325834186444033e-06,3.007972651545231e-10,19.98347355623452,0.016519618961690113,6.82480155742416e-06,4500.0,2.1722638606143037e-12,1.8997282132197074e-22,2.1722638609942482e-12
0.09245531098233575,2.56820308284266e-05,49.982768624648585,0.017228405810284092,2.969200388205157e-06,3.4076117608339265e-10,19.982773070218478,0.01721951432738522,7.415451715760705e-06,4500.0,2.360339580997721e-12,2.152337056237385e-22,2.3603395814281887e-12
0.09637578663841088,2.6771051844003024e-05,49.98203807673956,0.017958696570105546,3.2263043191105344e-06,3.860300014118433e-10,19.982042906863764,0.017949035933125492,8.057200488350887e-06,4500.0,2.5646964608975053e-12,2.4384871450372225e-22,2.5646964613852026e-12
0.10046250617173413,2.7906251714370593e-05,49.98127656206391,0.018719931830026855,3.505668771984067e-06,4.3730720591437907e-10,19.9812818099867,0.018709435544369615,8.75446608462569e-06,4500.0,2.7867435818166173e-12,2.7626246171162008e-22,2.786743582369142e-12
0.10472251898884355,2.90895886080121e-05,49.98048276849424,0.019513421789584557,3.809220810897435e-06,4.953895308289652e-10,19.98048847033113,0.019502017617378225,9.51204840095406e-06,4500.0,3.0280119324587207e-12,3.1297849031106433e-22,3.028011933084677e-12
0.10916317341936148,3.032310372760041e-05,49.97965532834934,0.020340532035223523,4.139054284731757e-06,5.611793636286763e-10,19.979661523334727,0.02032814149997362,1.0335161950256482e-05,4500.0,3.2901649496858723e-12,3.545670849642769e-22,3.290164950395006e-12
0.11379212939153151,3.1608924830980975e-05,49.978792816045946,0.021202685874121,4.497444257064032e-06,6.35698748446365e-10,19.978799546802,0.021189223722736166,1.1229471626706385e-05,4500.0,3.5750099701391423e-12,4.016741201502379e-22,3.5750099709424898e-12
0.11861737164524792,3.294926990145776e-05,49.97789374565154,0.022101366765690435,4.886862683819445e-06,7.201052547844274e-10,19.97790105848028,0.02208674038422487,1.2201131548823789e-05,4500.0,3.884510671092711e-12,4.550310817108884e-22,3.884510672002773e-12
0.12364722350537151,3.434645097371431e-05,49.97695656833407,0.02303812085479635,5.309995446495053e-06,8.157099510130397e-10,19.976964513534533,0.023022229633941453,1.3256827245042134e-05,4500.0,4.220800585877403e-12,5.1546641734487e-22,4.2208005869083355e-12
0.12889036123908928,3.580287812196924e-05,49.975979669704294,0.024014559610871906,5.769760858062421e-06,9.239977618617052e-10,19.975988301916995,0.023997294256891476,1.4403821468364124e-05,4500.0,4.5861977865551206e-12,5.839183923109173e-22,4.5861977877229574e-12
0.13435582902208262,3.732106361724517e-05,49.974961367046305,0.025032362577298163,6.2693297687600256e-06,1.0466505261489459e-09,19.97497074562727,0.025013604363734704,1.5650003951165388e-05,4500.0,4.983220834501695e-12,6.614496499841099e-22,4.983220835824595e-12
0.14005305453932212,3.890362626092281e-05,49.97389990643146,0.026093280235578113,6.812147409959841e-06,1.1855731129490956e-09,19.973910095858425,0.026072900190660213,1.7003945437714902e-05,4500.0,5.414606108215909e-12,7.492637033910869e-22,5.414606109714436e-12
0.14599186524739785,4.055329590205496e-05,49.97279345971096,0.02719913698901744,7.401957126209704e-06,1.3429230019151747e-09,19.97280453002443,0.027176995013266838,1.847495636072843e-05,4500.0,5.883326627074591e-12,8.4872361384639e-22,5.883326628772039e-12
0.1521825053264387,4.2272918146232977e-05,49.97164012138191,0.02835183427081122,8.042826158496768e-06,1.5211437873015333e-09,19.97165214866411,0.028327778178880682,2.007315055944542e-05,4500.0,6.392612499962087e-12,9.613731467876333e-22,6.392612501884834e-12
0.15863565335085913,4.4065459264127534e-05,49.97043790532173,0.029553353781627708,8.739173655833427e-06,1.7230031261953803e-09,19.970450972216632,0.02952721826189418,2.1809514470518708e-05,4500.0,6.945973138784337e-12,1.0889607333898944e-21,6.945973140962259e-12
0.16536244070941805,4.593401130817168e-05,49.9691847413853,0.030805760861981595,9.495801107533427e-06,1.951635720520458e-09,19.969198937663265,0.03077736634686956,2.3695982259652074e-05,4500.0,7.547221388909493e-12,1.2334666101278955e-21,7.547221391376427e-12
0.17237447080636198,4.788179744621166e-05,49.96787847185913,0.032111208004895433,1.0317925405123331e-05,2.210592000591444e-09,19.967893895030027,0.03208035944430997,2.5745517401643477e-05,4500.0,8.200499741637035e-12,1.3971335578251387e-21,8.200499744431303e-12
0.1796838390767721,4.991217752132558e-05,49.966516847766805,0.033471938514561865,1.1211214760837435e-05,2.5038932665901456e-09,19.966533603745603,0.033438424044165804,2.797220125954962e-05,4500.0,8.910308807974757e-12,1.5825017176495946e-21,8.910308811139761e-12
0.18730315385064383,5.2028653847401065e-05,49.96509752501926,0.03489029031694235,1.2181827729194492e-05,2.8360941446809598e-09,19.965115728848684,0.0348538798123126,3.0391329260355123e-05,4500.0,9.681538248392512e-12,1.79244802485488e-21,9.681538251977408e-12
0.1952455581016861,5.4234877250468356e-05,49.963618060403604,0.03636869992846622,1.3236455599382827e-05,3.212353328142471e-09,19.963637837038696,0.036329143435406754,3.301951531509958e-05,4500.0,1.0519500369924796e-11,2.030230872807979e-21,1.0519500373985257e-11
0.20352475211835777,5.653465336621049e-05,49.96207590740383,0.03790970658923181,1.4382368449232505e-05,3.6385137026312855e-09,19.96209739256362,0.03786673261970029,3.587480518621366e-05,4500.0,1.1429966620124255e-11,2.2995407011047868e-21,1.1429966624723336e-11
0.21215501713624524,5.8931949204512566e-05,49.96046841184629,0.039515956567356104,1.5627465176582697e-05,4.121193100513493e-09,19.960491752938385,0.039469270249572155,3.8976799564181155e-05,4500.0,1.2419207227044097e-11,2.6045572936153554e-21,1.2419207232253214e-11
0.22115123997254887,6.143089999237469e-05,49.95879280736291,0.04119020764137302,1.6980327851030676e-05,4.667887094365267e-09,19.958818164487052,0.04113948871171348,4.234678767995596e-05,4500.0,1.34940342557819e-11,2.9500146765526042e-21,1.349403426168193e-11
0.23052893870517083,6.40358163069919e-05,49.95704621066434,0.04293533376784191,1.8450280758556494e-05,5.2870854268232376e-09,19.957073757701842,0.042880234391086035,4.6007892349217544e-05,4500.0,1.4661848375290136e-11,3.3412746247408098e-21,1.466184838197269e-11
0.24030428944069696,6.675119151130471e-05,49.95522561661548,0.044754329941596616,2.0047454543554834e-05,5.988403885864912e-09,19.955255542411635,0.0446944723449558,4.998522741998023e-05,4500.0,1.5930689654304647e-11,3.7844099180088015e-21,1.593068966187347e-11
0.2504941542174505,6.958170950484737e-05,49.953327893105055,0.046650317256345976,2.17828558875896e-05,6.782733674613772e-09,19.953360402752462,0.04658529116149061,5.430606867675306e-05,4500.0,1.7309292732528585e-11,4.286298641126266e-21,1.7309292741101178e-11
0.26111611009174596,7.253225280326277e-05,49.951349775700784,0.048626548173621206,2.3668443201947216e-05,7.682410596620731e-09,19.951385091932192,0.048555908009595534,5.900003934286887e-05,4500.0,1.880714674281316e-11,4.854730992293173e-21,1.8807146752522626e-11
0.27218847945751795,7.560791096042165e-05,49.9492878620814,0.05068641200836323,2.5717208852060186e-05,8.701406685500778e-09,19.94932622678124,0.05060967388684824,6.409931141831754e-05,4500.0,2.043456039219685e-11,5.498530259549879e-21,2.0434560403193916e-11
0.2837303616516214,7.881398934767261e-05,49.94713860623625,0.05283344063974546,2.7943268476372837e-05,9.85554725658408e-09,19.94718028208096,0.05275007907258199,6.963882419399868e-05,4500.0,2.2202732644508452e-11,6.22768984461806e-21,2.2202732656963837e-11
0.29576166589932534,8.215601830536816e-05,49.944898312423106,0.055071314456142814,3.0361958010530405e-05,1.116275675329764e-08,19.94494358466107,0.054980758793353235,7.565652139539453e-05,4500.0,2.4123829485040542e-11,7.053528463033012e-21,2.4123829499147604e-11
0.3083031456568277,8.563976268245214e-05,49.94256312887413,0.057403868543478107,3.2989939080207095e-05,1.2643337208463824e-08,19.942612307256987,0.05730549910821431,8.219360852990942e-05,4500.0,2.6211067288799662e-11,7.988865931859245e-21,2.62110673047774e-11
0.3213764344100279,8.927123178056331e-05,49.94012904123975,0.059835099126507724,3.584531348280362e-05,1.432028364754139e-08,19.940182462117924,0.059728243021395726,8.929483214326387e-05,4500.0,2.8478803358310364e-11,9.048222276184e-21,2.8478803376406808e-11
0.3350040829913136,9.305668971980934e-05,49.93759186575989,0.06236917027294929,3.894774754001971e-05,1.6219641334921404e-08,19.93764989435598,0.062253096830185435,9.700878283214549e-05,4500.0,3.094263424518149e-11,1.0248043247929404e-20,3.094263426567758e-11
0.3492095984787271,9.700266624409087e-05,49.934947242151246,0.0650104208707003,4.2318607170348725e-05,1.8370910414642937e-08,19.935010275026347,0.06488433671596736,0.0001053882240136237,4500.0,3.3619502521943844e-11,1.160695576094247e-20,3.361950254515775e-11
0.36401748474461415,0.00010111596798461504,49.932190626199166,0.06776337188875475,4.598110460330216e-05,2.0807504233422237e-08,19.932259093928245,0.06762641558655658,0.0001144904486175437,4500.0,3.6527812727384114e-11,1.314605721119411e-20,3.652781275367623e-11
0.3794532847236942,0.00010540369020102617,49.92931728203006,0.07063273394764627,4.996045545026194e-05,2.3566867567711067e-08,19.92939165216545,0.07048397007030724,0.00012437772450507348,4500.0,3.9687562513569884e-11,1.4888847988798625e-20,3.968756254334758e-11
0.39554362447347013,0.00010987322902040837,49.92632227410364,0.07362341514745466,5.428405695478277e-05,2.669197228508632e-08,19.926403054244883,0.07346182812988127,0.00013511758207434977,4500.0,4.3120467503267063e-11,1.6862496373051727e-20,4.312046753699205e-11
0.41231625910297526,0.00011453229419527091,49.92320045883916,0.07674052925415593,5.898167491092821e-05,3.023179310094303e-08,19.923288199997913,0.0765650166580179,0.00014678329718459434,4500.0,4.685011221442318e-11,1.9098072099796e-20,4.685011225261931e-11
0.42980012064907985,0.00011938892240252218,49.91994647587754,0.07998940423782289,6.408564338173754e-05,3.424127877260377e-08,19.920041776250827,0.0797987691990685,0.00015945449916989296,4500.0,5.09021214814125e-11,2.1630250742991278e-20,5.0902121524672995e-11
0.4480253679829494,0.00012445149110637484,49.9165547390209,0.0833755911074217,6.9631089035393e-05,3.8782658632464746e-08,19.916658248007163,0.08316853429694741,0.0001732176405544851,4500.0,5.5304329549214e-11,2.4498298491992604e-20,5.530432959821059e-11
0.4670234388327335,0.00012972873300909265,49.91301942678391,0.08690487311772417,7.565617197640525e-05,4.392640756391459e-08,19.913131849337468,0.08667998402412107,0.0001881665782928288,4500.0,6.008697011604175e-11,2.7746680211618786e-20,6.008697017153511e-11
0.4868271040122284,0.0001352297511145079,49.909334472555564,0.09058327534481685,8.220234729815128e-05,4.975233891726205e-08,19.909456573907708,0.09033902282291238,0.00020440320406386287,4500.0,6.528288266165207e-11,3.1425748085287367e-20,6.528288272450356e-11
0.5074705239490471,0.00014096403443029088,49.90549355435611,0.0944170746439346,8.931464913329786e-05,5.6350842332542503e-08,19.90562616513305,0.09415179666829557,0.00022203812769743038,4500.0,7.092773644879057e-11,3.5592521524609563e-20,7.092773651997559e-11
0.5289893076098151,0.00014694147433605976,49.90149008417284,0.09841281000376527,9.704199913011205e-05,6.382428568653579e-08,19.901634105943337,0.09812470256142462,0.00024119141814140464,4500.0,7.7060273702361e-11,4.031157044558759e-20,7.706027378298412e-11
0.5514205739240302,0.00015317238164556395,49.89731719685819,0.10257729331178789,0.00010543754144691801,7.228860293031241e-08,19.897473608146328,0.10226439836317892,0.0002619934067342478,4500.0,8.372257359774822e-11,4.5656015616213443e-20,8.372257368906022e-11
0.5748030158125357,0.00015966750439237102,49.892967738572764,0.10691762054562877,0.00011455900653508703,8.187509247074857e-08,19.893137601374043,0.10657781297702715,0.000284585557931373,4500.0,9.09603388271085e-11,5.1708661597763904e-20,9.096033893052578e-11
0.5991769669310619,0.00016643804636973944,49.88843425475555,0.11144118340584229,0.0001244691061741004,9.273245401957147e-08,19.888618721597584,0.11107215689050554,0.00030912141304672094,4500.0,9.882320666120465e-11,5.856327986065928e-20,9.882320677833118e-11
0.6245844712439618,0.00017349568645665605,49.88370897760255,0.11615568140594264,0.00013523596243163215,1.0502909553741476e-07,19.883909299195015,0.11575493308456497,0.00033576761301538194,4500.0,1.0736508658541723e-10,6.63260619873721e-20,1.0736508671806932e-10
0.6510693555481462,0.00018085259876337393,49.8787838130349,0.1210691344359288,0.00014693357344862512,1.1895574609563506e-07,19.879001346556684,0.12063394831996954,0.0003647050066610802,4500.0,1.166445267629007e-10,7.511726551576507e-20,1.166445269131352e-10
0.6786773050723303,0.00018852147363120284,49.873650327136446,0.12618989581596235,0.0001596423191954335,1.347284152304654e-07,19.87388654521195,0.1257173248098243,0.00039612985146614477,4500.0,1.2672511176654332e-10,8.507307796743891e-20,1.2672511193668946e-10
0.7074559422819878,0.0001965155395227744,49.868299732040406,0.1315266658572591,0.00017344951061183694,1.5259174474626233e-07,19.868556232460747,0.13101351228715813,0.00043025511439352237,4500.0,1.3767589422555486e-10,9.63477279936314e-20,1.3767589441825028e-10
0.7374549090259553,0.00020484858584054314,49.86272287124372,0.13708850594765698,0.00018844998583281253,1.7282280502080767e-07,19.863001387493217,0.1365313004762989,0.00046731188090298916,4500.0,1.4957186325339756e-10,1.091158764085878e-19,1.495718634716293e-10
0.7687259521663736,0.00021353498671288157,49.856910204327406,0.1428848531797023,0.00020474675751519652,1.9573539477054288e-07,19.857212616980046,0.142279831976536,0.0005075508809394615,4500.0,1.6249445276269e-10,1.2357532422671301e-19,1.6249445300984064e-10
0.8013230128396887,0.0002225897257888024,49.85085179106001,0.14892553553947285,0.00022245171561978384,2.216849110545806e-07,19.851180140115886,0.14826861556627652,0.0005512441413529699,4500.0,1.7653209303109467e-10,1.399500797427749e-19,1.765320933109948e-10
0.8353023195026779,0.00023202842208407717,49.84453727486107,0.1552207876747031,0.00024168639037110205,2.5107386515483575e-07,19.84489377309782,0.1545075399355548,0.0005986867749400711,4500.0,1.9178080916153605e-10,1.5849383227041128e-19,1.917808094785237e-10
0.8707224849239922,0.00024186735692333116,49.83795586557109,0.16178126729662864,0.0002625827751679926,2.843571159121554e-07,19.838342913138295,0.1610068875967608,0.0006501990567311346,4500.0,2.083448829304925e-10,1.7949293139495032e-19,2.0834488328947833e-10
0.9076446072885366,0.0002521235020245935,49.83109632163405,0.16861807207554066,0.0002852842389220611,3.2205148999491405e-07,19.8315165214653,0.1677773501352186,0.000706128173289415,4500.0,2.2633752604049954e-10,2.0327321917287457e-19,2.2633752644704599e-10
0.9461323755890769,0.0002628145487747436,49.823946931442016,0.17574275732321787,0.000309946492764748,3.6474200193969404e-07,19.824403106199433,0.17483004282051,0.0007668507343244822,4500.0,2.4588166615409625e-10,2.3020340672631917e-19,2.458816666145031e-10
0.9862521794868784,0.0002739589387463551,49.81649549396346,0.1831673543018939,0.00033673864462758775,4.130900242562793e-07,19.81699070449023,0.18217651989121678,0.0008327753515881864,4500.0,2.671107870084833e-10,2.606999356249856e-19,2.6711078752988315e-10
1.0280732238308659,0.00028557589550857386,49.80872929865622,0.19090438914530192,0.00036584435397161167,4.6784450421860853e-07,19.809266863778262,0.18982879076655212,0.0009043451651530935,4500.0,2.901698159519125e-10,2.952343286503563e-19,2.9016981654238123e-10
1.0716676480328633,0.0002976854577869065,49.800635104556605,0.1989669025103075,0.00039746307952272735,5.298535661774482e-07,19.80121862248977,0.19779933647519934,0.0009820407199482523,4500.0,3.1521609954476825e-10,3.343404812427394e-19,3.152161002134492e-10
1.1171106505048243,0.00031030851402911785,49.792199118543536,0.20736846994540029,0.00043181143340750654,6.000776517148206e-07,19.79283249003103,0.20610112655035445,0.0010663830763291524,4500.0,3.4242046160004045e-10,3.7862291885641504e-19,3.4242046235728625e-10
1.1644806183726866,0.0003234668384368574,49.78340697274869,0.21612322299621792,0.000469124650683874,6.796044015443902e-07,19.78409442606202,0.2147476363932149,0.0011579371729487642,4500.0,3.7196835053049874e-10,4.287661482453315e-19,3.7196835138803104e-10
1.213859262690629,0.00033718312852517473,49.774243701082234,0.22524587106823912,0.000509658184010958,7.69665510104306e-07,19.774989819028544,0.22375286510606404,0.0012573154615130604,4500.0,4.040610834285088e-10,4.855452476762155e-19,4.0406108439959935e-10
1.2653317593889428,0.00035148104427470636,49.764693714843524,0.23475172406664127,0.0005536894340131057,8.716558144180757e-07,19.765503463932035,0.2331313537948856,0.0013651818343995265,4500.0,4.389171949065886e-10,5.498378602914327e-19,4.3891719600626427e-10
1.3189868961986706,0.00036638524894407515,49.75474077738519,0.2446567158331045,0.0006015196267697129,9.871549134911134e-07,19.755619539315838,0.24289820434013218,0.0014822558675933954,4500.0,4.767738993757436e-10,6.226377766192751e-19,4.767739006210192e-10
1.3749172258064204,0.00038192145161289456,49.74436797774041,0.25497742846964117,0.000653475840400623,1.117949531400326e-06,19.745321583681044,0.253069098120943,0.0016093176805040575,4500.0,5.178887011184829e-10,7.050683978688845e-19,5.178887025286198e-10
1.4332192255035738,0.0003981164515287705,49.733557703450444,0.265731117240189,0.0007099132423771638,1.2660669685585512e-06,19.734592470221806,0.26366031706795384,0.0017472121480847588,4500.0,5.625410461588327e-10,7.984052573181022e-19,5.625410477556432e-10
1.4939934636052576,0.00041499818433479377,49.722291611989746,0.27693573676078836,0.0007712174505146736,1.4337989284670792e-06,19.723414382156285,0.27468876201775294,0.0018968552153094012,4500.0,6.110342719424567e-10,9.040889854795182e-19,6.110342737506347e-10
1.5573447729261352,0.00043259577025725975,49.71055060138271,0.2886099677323822,0.0008378071453197158,1.6237395685626111e-06,19.711768786096805,0.28617197390092614,0.00205923933894626,4500.0,6.636975961760792e-10,1.023749869713695e-18,6.63697598223579e-10
1.6233824316122798,0.0004509395643367444,49.69831477965456,0.30077324462608274,0.0009101368930333964,1.838826308643333e-06,19.699636404743213,0.2981281549015615,0.0022354396347145826,4500.0,7.208882968660287e-10,1.1592336224482069e-18,7.20888299184496e-10
1.6922203516410372,0.000470061208789177,49.68556343311551,0.31344578429536896,0.000988700203811512,2.0823852855608045e-06,19.686997188740932,0.3105761898762481,0.0024266206002453725,4500.0,7.829940826543364e-10,1.3126298791823896e-18,7.829940852795963e-10
1.7639772753140452,0.0004899936875872347,49.67227499346131,0.32664861550766444,0.001074032848159685,2.3581828307567557e-06,19.67383028760947,0.3235356681780798,0.0026340433625194892,4500.0,8.504356605031025e-10,1.4863044699483067e-18,8.504356634757117e-10
1.8387769800823288,0.0005107713833562025,49.65842700361516,0.3404036094563496,0.0011667164462120586,2.6704822357311543e-06,19.66011401988017,0.33702690552042064,0.0028590736763468502,4500.0,9.236695337885367e-10,1.6829346414684255e-18,9.236695371544061e-10
1.916748492056815,0.0005324301366824486,49.643996082411775,0.35473351109945517,0.001267382376608632,3.0241121166031416e-06,19.645825841874668,0.3510709670583559,0.003103190064399565,4500.0,1.0031909895346369e-09,1.9055523706923923e-18,1.0031909933457419e-09
1.9980263085725507,0.0005550073079368196,49.62895788783223,0.3696619716446198,0.0013767159859757639,3.4245371337823166e-06,19.630942316135762,0.3656896894108758,0.00336799336443241,4500.0,1.0895374037535665e-09,2.1575877782987127e-18,1.0895374080687423e-09
2.0827506301905165,0.0005785418417195879,49.61328707895415,0.38521358194490135,0.0014954611606762319,3.877940223759129e-06,19.61543907868316,0.38090570336337287,0.0036552167707821007,4500.0,1.1832917984955614e-09,2.4429201215286533e-18,1.1832918033814018e-09
2.171067602537267,0.0006030743340381297,49.59695727668845,0.40141390668122623,0.0016244253084806133,4.3913218019738215e-06,19.59929080465063,0.3967424581499604,0.003966735914968271,4500.0,1.2850866270094882e-09,2.765940716894639e-18,1.28508663254137e-09
2.26312956839953,0.0006286471023332028,49.57994102302645,0.41828951962566807,0.0017644847398730038,4.9726079506652706e-06,19.58247117325758,0.4132242451598476,0.00430458018773257,4500.0,1.395607914185543e-09,3.13162062754917e-18,1.3956079204487843e-09
2.3590953305086364,0.0006553042584746213,49.56220973877428,0.43586803997089124,0.0019165904852030174,5.630769559885355e-06,19.564952832054875,0.43037622112454,0.004670945305824425,4500.0,1.5155997729368175e-09,3.54558448879595e-18,1.5155997800279867e-09
2.4591304254680466,0.0006830917848522352,49.54373368001014,0.45417816939446726,0.002081774629875188,6.375965447504698e-06,19.546707359348968,0.4482244331054973,0.005068205900496993,4500.0,1.6458692080761475e-09,4.014200756059746e-18,1.6458692161045493e-09
2.563407409296515,0.0007120576136934765,49.524481892603475,0.4732497306097025,0.00226115710158015,7.2196851818013025e-06,19.52770522731693,0.4667958397103048,0.005498931186303328,4500.0,1.787291507607562e-09,4.544668306883939e-18,1.7872915166968992e-09
2.6721061550794354,0.0007422517097442876,49.50442216572607,0.49311370622560785,0.002455953114190075,8.17493406130669e-06,19.507915761935816,0.4861183369312276,0.00596589919302426,4500.0,1.9408158390651337e-09,5.145133533883904e-18,1.940815849355401e-09
2.785414163241769,0.0007737261564560469,49.48352098363985,0.5138022787271628,0.002667481198371701,9.256434534159552e-06,19.48730710247608,0.5062207825126802,0.006472112904807137,4500.0,2.1074713808227915e-09,5.824816305364233e-18,2.107471392472425e-09
2.903526884977814,0.0008065352458271705,49.46174347581468,0.5353488714527314,0.002897171881872521,1.0480850629076426e-05,19.465846160223368,0.5271330194963485,0.007020817992960889,4500.0,2.2883739900236733e-09,6.594149465279666e-18,2.2883740032119726e-09
3.026648059395692,0.000840735572054359,49.43905336534839,0.5577881905402654,0.003146577073094638,1.186703815844278e-05,19.44349857643779,0.5488858988385815,0.0076155222399391705,4500.0,2.4847334484760093e-09,7.464933762170529e-18,2.4847334634058774e-09
3.1549900649580884,0.0008763861291550246,49.41541291575183,0.5811562677002025,0.0034173802198037956,1.3436328071861002e-05,19.42022867919704,0.5715113017838384,0.008260016322361008,4500.0,2.6978612911295807e-09,8.450513547596558e-18,2.6978613080306086e-09
3.2887742858255136,0.0009135484127293093,49.39078287646853,0.6054905032991219,0.0037114073675847455,1.5212864654957064e-05,19.39599943756755,0.5950421653072439,0.008958394197280686,4500.0,2.9291790963291897e-09,9.565989297072166e-18,2.9291791154611692e-09
3.428231493733971,0.0009522865260372141,49.36512242642192,0.6308297105342531,0.0040306390699459994,1.7223973782438654e-05,19.370772415880122,0.619512504463809,0.009715076477090162,4500.0,3.1802275849143924e-09,1.0828446343782881e-17,3.180227606571286e-09
3.5736022460657884,0.00099266729057383,49.33838911551197,0.6572141607124613,0.0043772232132742225,1.9500562188636105e-05,19.344507728382478,0.6449574309565624,0.010534837209545733,4500.0,3.4526766100854475e-09,1.2257200636251689e-17,3.45267663459985e-09
3.7251373008002133,0.0010347603613333927,49.31053880504765,0.6846856283615733,0.004753488991425485,2.2077599227363905e-05,19.317163990294187,0.6714131765209185,0.011422829437993378,4500.0,3.748335666018841e-09,1.3874099833755426e-17,3.748335693767042e-09
3.883098049059605,0.0010786383469610014,49.281525606372156,0.7132874369805521,0.00516196199211126,2.499465505837864e-05,19.288698268252286,0.6989171144960464,0.01238461318395307,4500.0,4.069165296954635e-09,1.5703858445505348e-17,4.069165328362353e-09
4.047756965997322,0.001124376934999256,49.25130181745537,0.7430645056062672,0.005605380445864116,2.829649236661451e-05,19.259066031095195,0.7275077774169592,0.01342618707201707,4500.0,4.417289572506092e-09,1.7774423799179418e-17,4.4172896080549405e-09
4.219398080805028,0.0011720550224458412,49.219817857831224,0.7740633956408745,0.006086712791887308,3.203373587266873e-05,19.228221099532576,0.7572248737072627,0.014554021966792209,4500.0,4.795009540153134e-09,2.011739086128828e-17,4.7950095803879164e-09
4.398317466650228,0.0012217548518472857,49.187022202646155,0.806332356913637,0.006609176772570344,3.626366749256125e-05,19.196115591750942,0.7881093098317248,0.015775093214179692,4500.0,5.204817410201127e-09,2.27684985891734e-17,5.2048174557381244e-09
4.584823751389096,0.0012735621531636378,49.15286131399344,0.8399213750583672,0.007176259879830816,4.105106821104418e-05,19.162699872406264,0.8202032015150844,0.017096920430917335,4500.0,5.6494123544330674e-09,2.57681494301307e-17,5.649412405969366e-09
4.7792386499356,0.0013275662916487777,49.117279571038,0.8748822182793785,0.007791741493351121,4.6469189079870445e-05,19.127922499177956,0.8535498866786494,0.018527608013762444,4500.0,6.131717370873268e-09,2.916201124434326e-17,6.131717429197292e-09
4.981897519205165,0.0013838604220014347,49.080219199495524,0.9112684827047229,0.00845971690527134,5.2600894279121924e-05,19.091730164879035,0.8881939443885101,0.02007588407968506,4500.0,6.654897087810098e-09,3.300172918203826e-17,6.654897153813558e-09
5.1931499365902125,0.0014425416490528367,49.04162019829196,0.9491356388013964,0.009184623027378701,5.953987905738163e-05,19.054067644122146,0.9241812000395797,0.02175114861807945,4500.0,7.222377572949649e-09,3.734567776907406e-17,7.222377647641006e-09
5.413360302965381,0.0015037111952681613,49.001420265191065,0.9885410765662225,0.009971266178679517,6.739206377402622e-05,19.01487773774794,0.9615587315508117,0.023563522866045496,4500.0,7.837867511223557e-09,4.2259824870664414e-17,7.837867595743207e-09
5.642908471262542,0.0015674745753507062,48.9595547225543,1.029544147955943,0.010824852241417228,7.627724808019251e-05,18.974101210830582,1.0003748856499062,0.025523895016782337,4500.0,8.50538040693923e-09,4.781875980230882e-17,8.50538050257675e-09
5.882190401699962,0.0016339417782499893,48.915956439116286,1.072206211317747,0.011751018749487781,8.633081618495427e-05,18.931676741178286,1.040679267148293,0.02764398244710649,4500.0,9.22925975435871e-09,5.410674615539009e-17,9.229259862572204e-09
6.131618844795775,0.0017032274568877152,48.87055575369604,1.1165906705868363,0.012755869880595041,9.770583621830765e-05,18.88754085533955,1.082522751449368,0.029936383200055493,4500.0,1.001420480365326e-08,6.121902592914794e-17,1.0014204926091312e-08
6.391624053344006,0.0017754511259288905,48.82328039614816,1.1627630146807377,0.013846013854012483,0.00011057531676274209,18.84162787151131,1.1259574777723573,0.03241463985432072,4500.0,1.0865299156966039e-08,6.926321658735705e-17,1.0865299295492474e-08
6.662654524581156,0.00185073736793921,48.77405540773451,1.2107908543073258,0.015028603197968038,0.00012513475983183707,18.793869841466147,1.1710368402961542,0.035093306453335485,4500.0,1.178804146961567e-08,7.836089385656747e-17,1.1788041626337457e-08
6.945177773823696,0.0019292160482843599,48.722803062384685,1.2607439542501742,0.016311378237097433,0.00014160512767272962,18.744196486571703,1.2178154879600624,0.03798801268359567,4500.0,1.2788377869215474e-08,8.864943112997267e-17,1.2788378046514338e-08
7.239681140910877,0.0020110225391419103,48.66944278523695,1.3126942652193156,0.01770271351216989,0.0001602360311470792,18.692535143276697,1.2663492992359149,0.04111554361879619,4500.0,1.3872737911929574e-08,1.0028397759348421e-16,1.387273811249753e-08
7.5466726308438945,0.002096297953012193,48.61389107417093,1.366715948279054,0.019211668029417886,0.00018130952016912313,18.638810696560416,1.3166953789318183,0.04449390946393176,4500.0,1.5048071899860072e-08,1.1343980861540454e-16,1.504807212673969e-08
7.86668179007159,0.002185189386130997,48.55606141845592,1.4228853986009924,0.020848038800019522,0.00020514414259931112,18.582945525979465,1.3689120230893896,0.048142434613835355,4500.0,1.6321892408991117e-08,1.2831484806584315e-16,1.6321892665620815e-08
8.20026061993413,0.0022778501722039253,48.49586422091889,1.481281260732892,0.02262241863223932,0.0002320997154810877,18.52485944041215,1.4230587043285556,0.05208183756182162,4500.0,1.7702317604751568e-08,1.451326295696955e-16,1.7702317895016828e-08
8.547984528840415,0.002374440146900115,48.43320671885293,1.5419844408018701,0.024546257804745415,0.00026258253994314236,18.464469622103252,1.4791960325631364,0.05633432614049382,4500.0,1.919811877679589e-08,1.6414554124964546e-16,1.9198119105086973e-08
8.910453324821521,0.0024751259235615336,48.36799290749832,1.6050781108767744,0.026631930269246977,0.00029705135510156957,18.401690566689975,1.5373857203195562,0.06092369217712605,4500.0,2.081877084280473e-08,1.8563853073315703e-16,2.0818771214081793e-08
9.2882922501725,0.002580081180603472,48.30012346569094,1.6706477057317548,0.028892804515875753,0.0003360240608624246,18.336434022917643,1.5976905446429435,0.06587540987043188,4500.0,2.2574506426741442e-08,2.0993329021692555e-16,2.257450684660802e-08
9.682153059967085,0.002689486961101968,48.22949568219698,1.738780913476466,0.03134331917680383,0.0003800851491466694,18.268608940166274,1.6601742879123278,0.0712167474508236,4500.0,2.4476374624926033e-08,2.3739289945248647e-16,2.4476375099711833e-08
10.092715146305718,0.002803531985084922,48.156003387055314,1.809567654728236,0.03399906399612812,0.0004298942196718979,18.198121409325392,1.72490168943206,0.07697687471250636,4500.0,2.653630309940684e-08,2.6842714124066075e-16,2.6536303636261127e-08
10.520686710236228,0.002922412975065619,48.07953688601084,1.883100052314076,0.036876866160356736,0.00048619551406158505,18.12487460742806,1.7919383851983617,0.08318697861282283,4500.0,2.876716487490047e-08,3.0349846293041585e-16,2.87671654818974e-08
10.966805983368697,0.0030463349953801936,47.99998289699749,1.959472392415465,0.039994882151911326,0.0005498284343766831,18.04876875322186,1.8613508203494569,0.08988039525302328,4500.0,3.118285087739202e-08,3.43128591123112e-16,3.118285156364919e-08
11.431842501291502,0.003175511805914306,47.91722449572005,2.038781068696813,0.04337269587877146,0.0006217397034738743,17.969701049483405,1.9332061876682507,0.09709272905831307,4500.0,3.3798345808812925e-08,3.8790615234200263e-16,3.3798346584625224e-08
11.916598430985587,0.00331016623082933,47.83114106408901,2.121124516410204,0.047031422753249334,0.0007029967466224467,17.887565640419485,2.007572330372782,0.10486199258641848,4500.0,3.6629810730504894e-08,4.384951109092357e-16,3.6629811607495114e-08
12.421909954526187,0.003450530542923941,47.74160824555774,2.206603131476334,0.050993820263313144,0.0007948027015990273,17.802253572430242,2.0845176353350188,0.11322875254942989,4500.0,3.9694671345506046e-08,4.956442649956569e-16,3.9694672336794574e-08
12.948648711459048,0.00359684686429418,47.64849791047337,2.295319170722467,0.055284405347473566,0.0008985134555575724,17.713652750691946,2.1641109338179905,0.12223627248877049,4500.0,4.301171141091837e-08,5.601980248748411e-16,4.301171253131442e-08
13.497723302339418,0.0037493675839831717,47.551678128773595,2.387376636101209,0.05992957854110621,0.0010156565828457179,17.621647907098346,2.246421376267646,0.1319306700441115,4500.0,4.6601173274207865e-08,6.331084570568237e-16,4.660117454042478e-08
14.070080856026864,0.0039083557933407955,47.45101315212749,2.482881140211565,0.06495775518724242,0.00114795247243327,17.526120576842,2.3315182878251792,0.14236108485954996,4500.0,5.048486551567809e-08,7.154487908548679e-16,5.0484866946575666e-08
14.666708663439685,0.004074085739844357,47.34636340954009,2.5819397483360036,0.07039950393880033,0.0012973381837453103,17.42694907409188,2.4194710263623516,0.15357984487177248,4500.0,5.4686276916345276e-08,8.084286931379648e-16,5.4686278533202654e-08
15.288635880587295,0.0042468433001631375,47.237585514397104,2.68466079911229,0.07628769251963471,0.001465993969511379,17.324008481266905,2.51034881217243,0.16564264734305306,4500.0,5.923069862543842e-08,9.134113606841958e-16,5.9230700452261145e-08
15.93693530381776,0.004426926473282711,47.124532286394704,2.791153699765427,0.08265764087238758,0.001656372965911236,17.2171706457842,2.6042205438751087,0.17860874620934059,4500.0,6.414535411588124e-08,1.031932742895301e-15,6.414535617974672e-08
16.61272522034293,0.004614645894539703,47.007052789425884,2.9015286945792433,0.08954728166209476,0.0018712343309429116,17.106304188017788,2.701154593604895,0.19254114893387558,4500.0,6.945953759266009e-08,1.165723122706591e-15,6.945953992410634e-08
17.317171337233564,0.004810325371453768,46.88499238789549,3.015896603783312,0.09699732803003573,0.002113680289082595,16.991274519521802,2.8012185850367572,0.20750682025482234,4500.0,7.520476097275876e-08,1.3167313740325824e-15,7.52047636062215e-08
18.0514887922111,0.005014302442280861,46.758192820667205,3.1343685336971143,0.10505144849884748,0.00238719713461794,16.871943883971777,2.9044791285383633,0.2235769060941197,4500.0,8.141491103399564e-08,1.487152073494765e-15,8.141491400829977e-08
18.816944249705557,0.005226928958251544,46.626492300150744,3.2570555499012666,0.11375644861056337,0.0026957013350022412,16.748171402036416,3.011001556668419,0.2408269531895498,4500.0,8.81264148074479e-08,1.679456095705877e-15,8.812641816636008e-08
19.614858085794335,0.005448571690498427,46.489725632823585,3.384068317691935,0.12316245902736403,0.003043590454456253,16.619813145544228,3.120849606417699,0.2593371526822891,4500.0,9.537841615842732e-08,1.8964247869036082e-15,9.537841995127689e-08
20.446606665791176,0.005679612962719771,46.34772436727098,3.5155167033764463,0.1333231294603101,0.00343579988937102,16.486722229566787,3.2340850756823984,0.27919259156232035,4500.0,1.0321296236327379e-07,2.141188342756863e-15,1.0321296664565046e-07
21.313624718414378,0.00592045131067066,46.20031697085956,3.651509335597385,0.14429582775348926,0.00387786578643509,16.348748931150073,3.3507674375546244,0.3004835196463653,4500.0,1.1167520165237778e-07,2.4172688066940927e-15,1.1167520648691537e-07
22.21740781062887,0.006171502169619131,46.047329038231794,3.792153123762871,0.15614184319523144,0.004375994806741579,16.205740836587808,3.470953411430404,0.323305631196215,4500.0,1.208135918451007e-07,2.7286282578434147e-15,1.2081359730235718e-07
23.159514927431545,0.006433198590953207,45.88858353363885,3.9375527320935197,0.16892659303857718,0.004937141225182207,16.057543024773423,3.594696477918934,0.34776036665938864,4500.0,1.3068012073165752e-07,3.0797227415231525e-15,1.3068012689110297e-07
24.14157116103018,0.00670599198917505,45.723901072297025,4.087810004684895,0.1827198306134297,0.005569092400183376,15.903998283272994,3.722046349002087,0.3739552264306371,4500.0,1.4133053750607857e-07,3.475562740683989e-15,1.4133054445720403e-07
25.16527051405394,0.006990352920570539,45.55310024096417,4.243023342481627,0.19759585374460845,0.006280562804575742,15.744947374258293,3.8530483602640277,0.4020041126934049,4500.0,1.5282459670755437e-07,3.921780750981312e-15,1.5282460455111586e-07
26.232378821631237,0.007286771894897566,45.37599796349116,4.403287027487084,0.21363371127541939,0.007081297740801682,15.5802293474693,3.987742796563467,0.43202769078500286,4500.0,1.6522631370546896e-07,4.424706921443942e-15,1.652263225548828e-07
27.3447367973758,0.007595760221493278,45.19240991409122,4.568690493056396,0.23091740548670855,0.007982187359639821,15.409681910465293,4.126164134344141,0.46415377663397067,4500.0,1.786042320187403e-07,4.991453623145277e-15,1.7860424200164754e-07
28.504263208534375,0.00791785089125955,45.00215098224239,4.739317538258981,0.2495360877166771,0.008995391775411352,15.233141863512953,4.268340190910471,0.4985177525960794,4500.0,1.9303170218149066e-07,5.630009961302904e-15,1.9303171344151052e-07
29.712958185773342,0.00825359949604815,44.80503579355702,4.915245484328345,0.2695842439648184,0.010134478142710193,15.05044560652494,4.414291171662322,0.5352630132807076,4500.0,2.0858717157763338e-07,6.349347371696803e-15,2.0858718427632808e-07
30.97290667331413,0.008603585187031703,44.60087928936819,5.096544273203516,0.29116186731249605,0.011414570107586126,14.861429733190555,4.5640285900963535,0.57454145142129,4500.0,2.2535448518400913e-07,7.159537417601657e-15,2.2535449950308392e-07
32.286282025367335,0.008968411673713149,44.389497372390586,5.283275504303753,0.31437461219086377,0.012852511105301091,14.665931711777711,4.717554071000569,0.6165139738698177,4500.0,2.4342319499766096e-07,8.071883369733156e-15,2.4342321114142765e-07
33.655349755070944,0.009348708265297484,44.17070761970881,5.4754914121428095,0.339333926756975,0.014467041380553998,14.463790677198476,4.874857992893518,0.6613510670993439,4500.0,2.62888878264379e-07,9.099066797717535e-15,2.628888964625126e-07
35.08247144239796,0.009745130956221655,43.94433007004512,5.673233782605323,0.36615715747112954,0.016278989866206947,14.254848339085619,5.035917970804034,0.7092334063459412,4500.0,2.8385346184615955e-07,1.0255310968935474e-14,2.838534823567814e-07
36.570108807774936,0.01015836355771526,43.71018809014084,5.87653280864232,0.3949676197311244,0.018311481472586412,14.038950020779517,5.200697159466155,0.7603525134235349,4500.0,3.0642555057132465e-07,1.1556562849909125e-14,3.064255736844503e-07
38.12082795843888,0.010589118877344133,43.46810932379915,6.085405887926652,0.42589462870021827,0.020590159560004616,13.815945850875087,5.3691423434932695,0.814911475010899,4500.0,3.3072075740994497e-07,1.3020695487671731e-14,3.307207834513359e-07
39.737303814856126,0.011038139948571146,43.21792673048604,6.299856363120462,0.459073482146058,0.02314342423159873,13.58569211818661,5.541181806624836,0.8731257184378001,4500.0,3.568620312892122e-07,1.4667733039990464e-14,3.5686206062467826e-07
41.42232472483898,0.011506201312455272,42.95947971967585,6.519872207324254,0.494645386297268,0.026002686684673176,13.34805280579612,5.716722963418034,0.9352238459297764,4500.0,3.849799779019583e-07,1.652010086077284e-14,3.8498001094215997e-07
43.178797273320214,0.01199411035370006,42.69261538389129,6.745424660821781,0.5327573171305356,0.02920263813621495,13.102901333608731,5.8956497080363075,1.0014485432786298,4500.0,4.152131693212116e-07,1.860290282349536e-14,4.152132065270172e-07
45.00975129608051,0.012502708693355697,42.41718983875287,6.9764668224701705,0.5735618052652091,0.03278153348878131,12.850122520256646,6.077819478263963,1.072057553923534,4500.0,4.477084348699486e-07,2.0944228871980976e-14,4.477084767584063e-07
46.918345106077986,0.013032873640577218,42.13306967370846,7.212932203975078,0.6172166348207191,0.03678148747124217,12.589614793625888,6.263059994046278,1.147324729867618,4500.0,4.826211263482107e-07,2.357549541100679e-14,4.826211734992015e-07
48.9078709413959,0.013585519705943305,41.84013352091923,7.4547332543364035,0.6638844426352267,0.04124878208339788,12.32129266668166,6.451165660611117,1.2275411527594164,4500.0,5.201153477215677e-07,2.6531821850464453e-14,5.201154007852113e-07
50.9817606442043,0.01416160017894564,41.538273743621964,7.701759866479876,0.7137322100376146,0.046234179832785924,12.045089516212665,6.641893581099679,1.3130163425014816,4500.0,5.603641399084762e-07,2.9852445721013095e-14,5.603641996133677e-07
53.143591580532416,0.014762108772370115,41.227398259353535,7.953877873997758,0.7669306213185617,0.051793245299527356,11.760960653585487,6.834959236682594,1.4040795063742966,4500.0,6.035496039430978e-07,3.358118162766609e-14,6.03549671105461e-07
55.397092811064006,0.015388081336406668,40.90743249164978,8.210927558444247,0.8236532862665852,0.05798666360620846,11.46888675118099,7.030031725910267,1.5010808732500796,4500.0,6.498629518762263e-07,3.776692561383995e-14,6.498630274100776e-07
57.74615152359826,0.01604059764544396,40.5783214565559,8.47272218052561,0.8840758140675175,0.06488054881531005,11.168877637747178,7.226728569820623,1.6043930931435235,4500.0,6.995044670079281e-07,4.2464208205584936e-14,6.995045519363443e-07
60.19481973827274,0.016720783260631318,40.240031998265046,8.739046554359781,0.94837470369697,0.07254674363900085,10.860976449528344,7.424610155507806,1.7144126425117792,4500.0,7.526833491746844e-07,4.7733802593029e-14,7.526834446422896e-07
62.747321297115874,0.017429811471421076,39.892555166929405,9.009655690990087,1.0167260479688704,0.08106309407092437,10.545264187097128,7.623173746963074,1.8315612565598853,4500.0,8.096174254138031e-07,5.364338945968419e-14,8.096175327005818e-07
65.40805914998259,0.01816890531943961,39.53590873792715,9.284273533567209,1.0893040454514975,0.09051368301170161,10.221864692520093,7.821847070833512,1.9562873663578635,4500.0,8.705327002006076e-07,6.026828036563715e-14,8.705328207371682e-07
68.18162294944479,0.01893933970817911,39.17013988476077,9.562591817048347,1.1662792763240766,0.10098902182298951,9.890950016393646,8.019981596293322,2.0890674518992554,4500.0,9.356627102147024e-07,6.769220701022932e-14,9.356628455991161e-07
71.07279696773426,0.019742443602148406,38.795327993275684,9.844269084226852,1.2478167492675554,0.11258617318503242,9.552746197997704,8.216845496346394,2.2304073006602083,4500.0,1.0052476535533824e-06,7.600817583036419e-14,1.0052478055697339e-06
74.08656834939568,0.020579602319276576,38.41158761644445,10.128929895389316,1.3340736986168342,0.12540878950350934,9.207539425720304,8.411616407796972,2.380843087202997,4500.0,1.07953325383648e-06,8.531939114036977e-14,1.079533424475262e-06
77.22813571388642,0.021452259920524006,38.0190715636713,10.416164277022965,1.4251971109555381,0.13956704830370592,8.855682539050692,8.60337411918718,2.5409421832455505,4500.0,1.1587693164693887e-06,9.57402495612648e-14,1.1587695079498874e-06
80.5029181229599,0.022361921700822195,37.61797410679342,10.70552744449867,1.5213209998233646,0.1551774488383617,8.497601811663953,8.791093342707338,2.7113036026667645,4500.0,1.2432079343277863e-06,1.0739740188585463e-13,1.2432081491225898e-06
83.91656442830161,0.023310156785639337,37.20853429802062,10.996539876112916,1.6225633606483074,0.17236246517284973,8.133803931173428,8.973636811529273,2.8925579244353576,4500.0,1.3331012874288866e-06,1.2043089086027357e-13,1.3331015282906679e-06
87.47496301554415,0.024298600837651153,36.791039356934206,11.288687744158421,1.7290229141259807,0.19124998473847332,7.764883028447978,9.149748987689804,3.085366555387901,4500.0,1.4286989966682986e-06,1.349953456592256e-13,1.4286992666589896e-06
91.1842519614658,0.025328958878184947,36.36582811945941,11.58142382749338,1.8407755044088137,0.21197254859899314,7.39152762617142,9.318050735222265,3.290420108566989,4500.0,1.5302449641753754e-06,1.512612495562114e-13,1.5302452666978743e-06
95.05082962189512,0.0264030082283042,35.93329448686159,11.87416890143255,1.957870302475742,0.23466630919336554,7.014527237614645,9.47703545275662,3.5084356718472205,4500.0,1.6379736630961244e-06,1.6941625250806044e-13,1.6379740019286292e-06
99.08136566858666,0.027522601574607404,35.49389083613349,12.166313705106749,2.0803257630870484,0.2594696956510242,6.6347783529419,9.625067223732445,3.740152671337352,4500.0,1.7521058206943746e-06,1.896665296851445e-13,1.7521062000274337e-06
103.28281259410296,0.028689670165028602,35.048131327434405,12.457221575330857,2.2081253442091358,0.2865217530132375,6.253289519372305,9.760381565599083,3.986327042257365,4500.0,1.8728434459355962e-06,2.122381765428426e-13,1.8728438704119492e-06
107.66241770454933,0.02990622714015259,34.59659501319844,12.74623170250315,2.3412132087621123,0.31596007553248545,5.871184895261272,9.881089862482748,4.247723241922825,4500.0,2.0003642000985774e-06,2.373785947781946e-13,2.000364674855766e-06
112.22773562085094,0.031174371005791925,34.139928675864404,13.032663250709593,2.4794897009816865,0.3479183724404975,5.489706080982792,9.985187933219207,4.525103851013972,4500.0,2.1348150468773415e-06,2.653578908164133e-13,2.1348155775931225e-06
116.9866413101308,0.032496289252814115,33.67884924635004,13.315820175967641,2.622807017143942,0.3825235605345662,5.110211234957359,10.070570361915067,4.819216126853302,4500.0,2.2763052570451113e-06,2.9647020438318267e-13,2.276305849985519e-06
121.94734366967383,0.033874262130464954,33.214145686026114,13.594996977213798,2.770964901439225,0.41989243531705017,4.734171150295472,10.135051188461134,5.130775236375592,4500.0,2.424898753208821e-06,3.3103497899770316e-13,2.4248994152787784e-06
127.11839968690302,0.03531066657969528,32.746680151829565,13.869485296209069,2.923706668605543,0.4601278833520082,4.363161351378464,10.176392433155167,5.460443634891366,4500.0,2.5806059139224037e-06,3.6939810728212303e-13,2.580606652718617e-06
132.5087291997954,0.0368079803332765,32.27738825604651,14.138581381376905,3.0807156940176705,0.5033146685551041,3.9988494504320786,10.192341580677455,5.808806225546359,4500.0,2.7433749775096665e-06,4.1193290860188613e-13,2.743375801375483e-06
138.12763028320094,0.03836878618977804,31.807278207104517,14.401594413811827,3.2416125305912784,0.5495148484885659,3.6429770614224988,10.180678943605777,6.176341081919303,4500.0,2.913083241259285e-06,4.590408930675931e-13,2.91308415934107e-06
143.98479528760095,0.03999577646877804,31.337428595146328,14.657855645221922,3.4059528579567457,0.5987629016711874,3.2973356242100476,10.13927559589665,6.563385690395747,4500.0,3.0895283233753895e-06,5.111522582159624e-13,3.089529345679905e-06
150.09032755797367,0.04169175765499269,30.868984563238712,14.906728148985849,3.5732265937216683,0.6510606940499543,2.9637354817828796,10.066162345429277,6.970098900398652,4500.0,3.2724199050803782e-06,5.687260445159483e-13,3.2724210425324666e-06
156.45475886160958,0.043459655239335995,30.40315212041402,15.147617177752512,3.7428582452990224,0.7063724565306267,2.643968320011964,9.959608860655253,7.396419357991125,4500.0,3.4613723084063932e-06,6.322499212821204e-13,3.4613735729062358e-06
163.08906755493342,0.045302518765259286,29.941190338763246,15.37998075879467,3.914208907015503,0.7646199954227632,2.339762946980298,9.818211891040768,7.842021506110986,4500.0,3.6558985289771687e-06,7.022395229347057e-13,3.655899933456214e-06
170.0046975206718,0.047223527089075505,29.48440122818511,15.603340317351025,4.086580046785658,0.8256784076743869,2.052735413442783,9.640989683756427,8.306271047425009,4500.0,3.855406281175593e-06,7.79237305858352e-13,3.855407839650204e-06
177.21357790803586,0.049225993863343295,29.034117134699766,15.817290973054211,4.259219281405455,0.8893726108367476,1.784335041471968,9.427478489477693,8.788182409884056,4500.0,4.059196700250151e-06,8.638108942826058e-13,4.059198427871939e-06
184.7281437099636,0.05131337325276767,28.5916856006244,16.021511113724575,4.4313282616198375,0.9554750240273735,1.5357887661951684,9.177825492090564,9.286381475278258,4500.0,4.266466333714564e-06,9.565509057427779e-13,4.266468246816375e-06
192.56135721291986,0.05348926589247774,28.158451750898408,16.215770804144285,4.6020727022126895,1.0237047427408035,1.308047014175837,8.892871058536752,9.799077451004637,4500.0,4.476312997424908e-06,1.0580682714094527e-12,4.476315113561451e-06
200.72673035625724,0.055757425098960346,27.735738436388854,16.399938520379827,4.770594501792841,1.0937285414346636,1.1017350782618003,8.574212007454308,10.324048226568024,4500.0,4.687745977908401e-06,1.168991093836336e-12,4.687748315890589e-06
209.2383480396979,0.05812176334436053,27.32482454876115,16.5739858414511,4.936025669048635,1.165163940735298,0.9171144315062122,8.224237235525832,10.858643433297205,4500.0,4.8997007402295176e-06,1.2899611314471959e-12,4.899703320151781e-06
218.11089241915198,0.060586359005319994,26.926922129154427,16.737989636751394,5.097503722956793,1.2375845111335726,0.7540583682395152,7.846127536390284,11.399808984341936,4500.0,5.111058124221792e-06,1.4216300183852595e-12,5.111060967481828e-06
227.35966823277198,0.06315546339799222,26.54315310589459,16.892131421253346,5.254188033461717,1.310527439386532,0.6120459111341858,7.4438130507206255,11.944135717507288,4500.0,5.3206676181999385e-06,1.564655370173188e-12,5.320670747510679e-06
237.00062920093305,0.06583350811137029,26.174526631515185,17.036693798237753,5.405276396995487,1.3835031732477634,0.49017653102462927,7.021885298597739,12.48793264303337,4500.0,5.527373824509665e-06,1.7196969533435027e-12,5.5273772639035716e-06
247.05040554568254,0.06862511265157849,25.821918140500586,17.172053887177366,5.550021132021728,1.4560068402965072,0.38720657851631113,6.585464440804702,13.027323250663375,4500.0,5.730045006806159e-06,1.887413106065956e-12,5.73004878163237e-06
257.5263326771204,0.07153509241031122,25.486051230233983,17.298673995936277,5.687743868305322,1.5275309055206059,0.30160589320616726,6.1400278368692485,13.558360342351627,4500.0,5.9276021740978665e-06,2.068457606062753e-12,5.9276063110130785e-06
268.4464810961965,0.0745684669711657,25.167483395218152,17.417089906530016,5.81784827992451,1.5975784183235122,0.23163074998673525,5.691210659622211,14.077152471373031,4500.0,6.1190470452179006e-06,2.2634771655446006e-12,6.1190515721722286e-06
279.82968756551156,0.07773046876819766,24.866596427505964,17.527897351207937,5.939830116286855,1.6656761049954347,0.17540717584547807,5.244593446045976,14.579993074650151,4500.0,6.303487207386204e-06,2.473109704542321e-12,6.30349215360561e-06
291.6955876018799,0.0810265521116333,24.58359200296132,17.631737361421834,6.053284074797971,1.7313865608150663,0.1310173650576507,4.805493596256614,15.063482558557345,4500.0,6.480156978010109e-06,2.6979835129510386e-12,6.480162373977132e-06
304.06464934670686,0.08446240259630745,24.318492598361498,17.729281249310386,6.157907290054154,1.7943188622701516,0.09658156865252615,4.378777798024599,15.524633984918397,4500.0,6.648432827047287e-06,2.9387173613217203e-12,6.648438704482005e-06
316.9582088726115,0.08804394690905876,24.07114748910887,17.821215976662362,6.253499472178366,1.8541370620465902,0.07032862950445391,3.9687098259808904,15.960954736700037,4500.0,6.807842705968069e-06,3.1959215663921013e-12,6.807849097811198e-06
330.3985069871862,0.09177736305199616,23.84124324132918,17.90823056936056,6.339959964107798,1.9105662251986524,0.050650165248434444,3.5788435382529418,16.37049933845726,4500.0,6.958069174650429e-06,3.470199970362507e-12,6.958076115050364e-06
344.4087275973823,0.09566909099927287,23.628317833968016,17.991004112610362,6.417282180526226,1.9633958728915804,0.036135775733627515,3.2119652572392674,16.7518918681079,4500.0,7.098946727318989e-06,3.762152752184754e-12,7.098954251624487e-06
359.01303770070683,0.0997258438057519,23.43177740279524,18.070195682530528,6.485546012836804,2.012480901833614,0.025589210109273345,2.8700839356128416,17.10431962385097,4500.0,7.2304541331221515e-06,4.072379963672094e-12,7.230462277882071e-06
374.23662907219847,0.1039546191867218,23.25091455803857,18.146436396389095,6.544908834397916,2.05774021117061,0.01802761781489626,2.554462712960752,17.427502316548363,4500.0,7.3527028746477405e-06,4.4014856686275795e-12,7.35271167761907e-06
390.10576171909935,0.10836271158863871,23.08492733415457,18.22032357891829,6.595595705734218,2.0991533811891157,0.012667566794190786,2.265682266524512,17.721642700784976,4500.0,7.465922862407967e-06,4.7500825667640564e-12,7.465932362573092e-06
406.6478091781862,0.11295772477171839,22.93293797643963,18.292416916296542,6.637889302683052,2.1367558045769717,0.00890218898391523,2.003725116181507,17.98736512441419,4500.0,7.5704465581487645e-06,5.1187969908364256e-12,7.570456795742738e-06
423.8913057338783,0.11774758492607731,22.794010979603737,18.363236364677533,6.672119974366018,2.1706326813489007,0.006273756627982885,1.7680704625843398,18.225648114120972,4500.0,7.666692483645505e-06,5.508274180799834e-12,7.666703500193857e-06
441.86599563859414,0.12274055434405393,22.667170030866668,18.433261511385503,6.698656200327951,2.2009122574160673,0.004445351600337243,1.557790857349509,18.43775603592666,4500.0,7.75514886017489e-06,5.919183760626342e-12,7.7551606985424e-06
460.60288442024074,0.1279452456722891,22.551413635219987,18.502932091895136,6.717895625720099,2.227758647160961,0.0031742908696406153,1.371644297072793,18.625173575724578,4500.0,7.836357922600831e-06,6.352225348556876e-12,7.836370627051518e-06
480.1342923653455,0.13337063676815153,22.445729390961237,18.57264935058286,6.730256739074402,2.2513645193776926,0.0022889611487266768,1.2081577799243433,18.789545348050183,4500.0,7.910901224301138e-06,6.808134253492306e-12,7.910914840569636e-06
500.49391027009534,0.1390260861861376,22.349106954690072,18.642777974020497,6.7361711990527375,2.2719438722328857,0.0016697767769066484,1.065700478222746,18.93262176563825,4500.0,7.979386094939924e-06,7.287687217191047e-12,7.979400670314348e-06
521.7168575554355,0.1449213493209543,22.260549689277397,18.71364839101442,6.736076822819104,2.289725096885273,0.0012342740557284085,0.9425460821335123,19.05621160140089,4500.0,8.042433359713578e-06,7.791708150922543e-12,8.042448943129871e-06
543.8397428464801,0.15106659523513338,22.17908513835091,18.785559234769856,6.730411167963179,2.3049444589122565,0.0009259351354119438,0.8369250816161644,19.1621408826051,4500.0,8.100666283314522e-06,8.321073848352455e-12,8.100682925462209e-06
566.9007271207433,0.1574724242002065,22.103774276965954,18.85877986091972,6.7196057281174735,2.317840133993055,0.0007060935391187674,0.747067939072848,19.252217812709656,4500.0,8.154700781462345e-06,8.876719625095782e-12,8.154718534901588e-06
590.9395895340976,0.1641498859816938,22.03371955609193,18.93355282425846,6.70408073195949,2.3286468876863164,0.0005482432391181527,0.6712403571336018,19.32820319451221,4500.0,8.205136884963466e-06,9.459644857683247e-12,8.205155804253173e-06
615.9977960380169,0.17111049889944913,21.968071737692764,19.010096254368396,6.6842405474133315,2.3375914605217094,0.0004341266469716014,0.6077717633789345,19.391785857443857,4500.0,8.252551440465253e-06,1.0070918401438041e-11,8.252571582302046e-06
642.1185709064758,0.17836626969624328,21.90603542069053,19.088606113304028,6.660469747449056,2.3448887185525837,0.0003510841815052474,0.5550777702688721,19.4445628480781,4500.0,8.297492089923553e-06,1.0711683856203634e-11,8.297513513291258e-06
669.3469712958668,0.18592971424885188,21.846873256875412,19.16925831569805,6.633129849551185,2.3507385778715433,0.0002902733023418134,0.5116773644909507,19.488024021754093,4500.0,8.340472502759592e-06,1.138316467906226e-11,8.340495269088942e-06
697.7299649665538,0.19381387915737605,21.789908782224913,19.252210720831627,6.602556784637414,2.355323712302236,0.00024547173264810384,0.4762052475351464,19.52354089878251,4500.0,8.381968881091415e-06,1.2086669135015139e-11,8.381993054429678e-06
727.3165113001469,0.2020323642500408,21.734527903577828,19.337604995987448,6.5690590959178765,2.358808004513044,0.0002122697324317842,0.44741983673687874,19.55235947113146,4500.0,8.42241767952986e-06,1.282359510776987e-11,8.422443326720073e-06
758.1576457522118,0.21059934604228106,21.680179032776035,19.425568365667992,6.532916897077115,2.3613357044750516,0.00018752003769318413,0.4242072244437103,19.57559679332176,4500.0,8.462214512764746e-06,1.3595434786734629e-11,8.462241703634315e-06
790.3065678861348,0.21952960219059298,21.62637199113481,19.516215245378884,6.49438155003877,2.363031213443739,0.00016896030242683158,0.4055815918735535,19.594240946126753,4500.0,8.501714134122638e-06,1.440377927870585e-11,8.501742941681192e-06
823.8187331399618,0.2288385369833227,21.572675767106112,19.609648766999136,6.453676043921848,2.363999421969109,0.00015495185088475042,0.39068243429600935,19.60915407263773,4500.0,8.541231397006514e-06,1.525032318582813e-11,8.541261897652882e-06
858.7519484845179,0.23854220791236608,21.518715303982866,19.70596219036186,6.410996002776247,2.3643265028752305,0.00014429819484550554,0.37876911800566515,19.621078002771576,4500.0,8.581043047667628e-06,1.613686921386665e-11,8.581075321406054e-06
895.1664721378302,0.24865735337161948,21.464167519790937,19.805240193972562,6.366511230181855,2.3640810560508454,0.00013611870190692908,0.36921331869471147,19.63064194122741,4500.0,8.621390182057822e-06,1.706533288154138e-11,8.621424312723584e-06
933.125117507826,0.2592014215299517,21.408756728153715,19.907560041111438,6.320367712675312,2.363315518055735,0.00012976040966553427,0.3614897960467173,19.638371781075627,4500.0,8.662481226342943e-06,1.80377473943266e-11,8.66251730183773e-06
972.6933615426178,0.27019260042850496,21.35224971241867,20.012992609219612,6.272689948622894,2.3620677297350325,0.0001247363981635493,0.3551661270134576,19.64470043210535,4500.0,8.704495244167133e-06,1.9056268765870303e-11,8.704533356704664e-06
1013.9394576752917,0.2816498493542477,21.294450631233783,20.121603279344967,6.2235835045655445,2.3603625848519143,0.00012068237307522216,0.3498918446110816,19.649978725441564,4500.0,8.747585429111189e-06,2.0123181253476492e-11,8.747625675473697e-06
1056.9345535579894,0.29359293154388594,21.235195965893364,20.23345268080078,6.173137674481531,2.3582136788205355,0.00011732576213784467,0.34538749034099836,19.654486392024275,4500.0,8.791882620049834e-06,2.12409031822814e-11,8.7919251018562e-06
1101.7528137883874,0.30604244827455207,21.17434965745614,20.348597293643156,6.121428147333318,2.355624901563593,0.00011446331034388746,0.3414339428521858,19.658442756347608,4500.0,8.837498723534052e-06,2.2411993218936184e-11,8.837543547520493e-06
1148.471547840289,0.3190198744000803,21.11179858437236,20.467089913324642,6.068519580193946,2.352591922105263,0.0001119445229888025,0.3378623863667139,19.662016784588,4500.0,8.884529926573097e-06,2.3639157157573292e-11,8.884577204887416e-06
1197.171343418968,0.3325475953941578,21.04744845482373,20.588979989308655,6.014468015991863,2.3491035398719617,0.00010965913420758666,0.3345451077333378,19.665336300079158,4500.0,8.933059639417227e-06,2.49252552635722e-11,8.93310948992776e-06
1247.9362054713115,0.3466489459642532,20.98122020111321,20.714313849634728,5.959323073244984,2.345142876003284,0.00010752748418256996,0.33138733770429685,19.668496151655418,4500.0,8.983161098990158e-06,2.6273310225889236e-11,8.983213645610616e-06
1300.8537010905732,0.361348250302937,20.913046882657614,20.843134829275748,5.903129883307055,2.34068840475579,0.00010549301531093515,0.32832016887942483,19.671565303209228,4500.0,9.034899622798414e-06,2.7686515750358874e-11,9.034954995829917e-06
1356.0151105656348,0.3766708640460097,20.842871103790987,20.975483319644106,5.845930750516862,2.3357148260442466,0.00010351641386328214,0.3252945799926152,19.67459281526112,4500.0,9.08833450391264e-06,2.9168245828123414e-11,9.0883928404043e-06
1413.5155848353957,0.39264321800983215,20.77064292320823,21.11139675702468,5.787766530221777,2.3301937895415223,0.00010157104633250529,0.3222765282578364,19.677612757175822,4500.0,9.143520559475698e-06,3.072206470835975e-11,9.143582003605119e-06
1473.4543096198374,0.40929286378328816,20.696318206439074,21.25090956714777,5.728677737873181,2.324094488536184,9.963944780134815e-05,0.3192430120545852,19.68064814798717,4500.0,9.200509364405369e-06,3.2351737599791975e-11,9.200574067880572e-06
1535.9346765108985,0.4266485212530274,20.619857365854035,21.394053083128767,5.668705407020757,2.3173841439926477,9.771064872640968e-05,0.3161789901646423,19.683714039833635,4500.0,9.259350207424193e-06,3.406124212412907e-11,9.259418329908443e-06
1601.0644613183179,0.4447401281439772,20.541224439315638,21.540855442818778,5.6078917231298515,2.3100283947319427,9.577819380752411e-05,0.31307505020600007,19.686819851504804,4500.0,9.320090803077277e-06,3.5854780555312955e-11,9.32016251263839e-06
1668.9560099780265,0.4635988916605629,20.460386424527595,21.691341492746556,5.546280457818042,2.301991624904021,9.383868961494886e-05,0.3099256567051021,19.689971121821003,4500.0,9.38277781705561e-06,3.7736792852984945e-11,9.382853290641322e-06
1739.7264323438026,0.48325734231772294,20.377312845013243,21.84553268100079,5.4839172421952895,2.293237231786893,9.189078163281285e-05,0.30672791018233747,19.693170751570367,4500.0,9.447457223107026e-06,3.971197054924591e-11,9.447536647048127e-06
1813.4978041964953,0.503749390054582,20.291975467287216,22.003446971734217,5.420849695252996,2.283727865721783,8.993443483206671e-05,0.3034806575030277,19.69641989387708,4500.0,9.514174547126287e-06,4.1785271493830964e-11,9.514258117669276e-06
1890.3973778192235,0.525110382727562,20.204348139865573,22.16509878549107,5.357127422842172,2.2734256517973943,8.79704515040466e-05,0.300183889504994,19.699718557055796,4500.0,9.58297501911904e-06,4.396193549789639e-11,9.583062942990041e-06
1970.5578015018004,0.5473771670838334,20.11440673839206,22.33049890585231,5.292801970944686,2.262292384807154,8.600015579533783e-05,0.2968383435699506,19.70306600235563,4500.0,9.653903649999925e-06,4.6247500976400835e-11,9.653996145001881e-06
2054.1173483530642,0.5705881523202956,20.022129137774403,22.499654488813125,5.227926621526891,2.250289751881792,8.402518266704734e-05,0.2934452350630404,19.70646101273164,4500.0,9.72700527834991e-06,4.8647822508108194e-11,9.727102573994929e-06
2141.2201548157313,0.5947833763377032,19.927495262671716,22.672568994077956,5.162556216136863,2.23737952710968,8.204735040624078e-05,0.2900060952373158,19.709902055067815,4500.0,9.802324566255782e-06,5.116908953690811e-11,9.80242690443486e-06
2232.0164692952344,0.6200045748042318,19.83048713971067,22.84924219903494,5.09674686416826,2.2235237970823447,8.006857770552473e-05,0.2865226642608768,19.713387387232892,4500.0,9.879905985178236e-06,5.3817846116964765e-11,9.880013620870474e-06
2326.662911331458,0.6462952531476273,19.73108896490468,23.029670235579612,5.03055559998332,2.208685199528602,7.809083070988966e-05,0.28299682435071744,19.71691512499946,4500.0,9.959793787517036e-06,5.660101181419222e-11,9.959906989540668e-06
2425.3227417603553,0.6737007616000987,19.629287197179224,23.213845598737674,4.964040042912548,2.19282716116677,7.611609026648573e-05,0.27943055765948527,19.72048328419004,4500.0,1.0042031960125144e-05,5.952590387905432e-11,1.0042151011932905e-05
2528.1661443315006,0.7022683734254168,19.525070648880966,23.401757195958275,4.897257996978744,2.175914158178232,7.414632851032293e-05,0.2758259161603318,19.724089810815663,4500.0,1.012666417440871e-05,6.260026068731172e-11,1.0126789374930087e-05
2635.3705192673983,0.7320473664631661,19.418430577140985,23.593390418548267,4.830267010623692,2.15791199368327,7.218349112956063e-05,0.2721849983673,19.72773260437329,4500.0,1.0213733731414075e-05,6.583226653352332e-11,1.0213865395947145e-05
2747.1207892708144,0.7630891081307818,19.309360783443722,23.788727209919504,4.7631239221445325,2.138788084488459,7.022948381782815e-05,0.2685099300002763,19.73140953719446,4500.0,1.0303283498111955e-05,6.923057787497182e-11,1.0303421959267707e-05
2863.6097185081157,0.7954471440300321,19.197857724410923,23.987746119733625,4.695884401920572,2.118511753931097,6.828616025050273e-05,0.2648028468773889,19.735118471565002,4500.0,1.0395355832925253e-05,7.280435111346534e-11,1.0395501441627483e-05
2985.0382451187356,0.8291772903107599,19.08392060869942,24.190422410573444,4.628602429942831,2.097054550780523,6.635531120612577e-05,0.26106587650242374,19.738857278148572,4500.0,1.0489992511962964e-05,7.6563271917133e-11,1.04901456385068e-05
3111.615827824363,0.8643377299512119,18.967551510776445,24.396728131026826,4.561329791100398,2.07439056709254,6.443865467101428e-05,0.25730112086483903,19.74262385319661,4500.0,1.0587234640149306e-05,8.051758625434921e-11,1.058739567532182e-05
3243.5608072358114,0.9009891131210587,18.8487554889932,24.606632188519658,4.494115557817808,2.0504967646655436,6.253782704619043e-05,0.25351063898135584,19.746416136015643,4500.0,1.0687122552222706e-05,8.467813318501122e-11,1.068729190848908e-05
3381.100782480689,0.9391946618001914,18.727540709002447,24.820100417508375,4.427005565753238,2.0253533077321526,6.0654375048828066e-05,0.24969642924842297,19.750232126623047,4500.0,1.0789695701904124e-05,8.90563794955694e-11,1.0789873814663118e-05
3524.4730038015878,0.9790202788337744,18.603918570626874,25.037095646345875,4.360041881490063,1.998943901533401,5.878974815303415e-05,0.24586041148587334,19.754069903711045,4500.0,1.0894992538857637e-05,9.366445625578152e-11,1.0895179867770151e-05
3673.924781802074,1.0205346616116873,18.477903848936066,25.257577732019968,4.2932622926844,1.971256126355775,5.694529280108241e-05,0.24200440980400578,19.75792764178559,4500.0,1.100305036648635e-05,9.851519741899261e-11,1.1003247396881192e-05
3829.713914046285,1.0638094205684125,18.349514847951845,25.48150356510581,4.226699820718981,1.9422817662195695,5.5122248389255756e-05,0.23813013628652147,19.761803627487566,4500.0,1.1113905179574072e-05,1.0362218054904725e-10,1.1114112423935174e-05
3992.1091297480534,1.1089192027077925,18.21877357968483,25.708827009607262,4.160382289728389,1.912017120975726,5.332174412285834e-05,0.23423917681464618,19.765696273772036,4500.0,1.122759147348276e-05,1.0899976980906847e-10,1.1227809473022382e-05
4161.390553316707,1.1559418203657519,18.085705917361174,25.939498909714704,4.094331836822643,1.8804633360976823,5.154479523913942e-05,0.23033297449435422,19.769604136484972,4500.0,1.1344142049055092e-05,1.1466316111551394e-10,1.1344371375377328e-05
4337.850187558994,1.204958385433054,17.950341783789,26.173466998300384,4.028564516977959,1.847626700928864,4.979230338596881e-05,0.2264128166365113,19.773525927382973,4500.0,1.1463587780037311e-05,1.2062842975397807e-10,1.1463829036896824e-05
4521.792417370702,1.2560534492696396,17.81271540041043,26.410675640290542,3.963090062083104,1.8135188972121288,4.806505979354173e-05,0.22247982769762079,19.777460521189628,4500.0,1.1585957327021706e-05,1.2691258065442125e-10,1.158621115218302e-05
4713.534534786917,1.3093151485519214,17.672865470991674,26.65106573510971,3.8979115126964374,1.7781572811983835,4.6363744554615414e-05,0.2185349569973402,19.78140696787899,4500.0,1.1711276861198664e-05,1.3353360092648575e-10,1.171154392840052e-05
4913.407286296367,1.3648353573045462,17.530835409153052,26.89457448764927,3.8330249863845833,1.7415651168093014,4.46889313054721e-05,0.21457897157538236,19.785364499814346,4500.0,1.1839569738713614e-05,1.4051051513327225e-10,1.1839850759743886e-05
5121.755443364242,1.422709845378956,17.38667365439605,27.14113493351861,3.768419681131543,1.7037717309500062,4.3041095924835366e-05,0.21061245816705737,19.789332529764337,4500.0,1.1970856099383677e-05,1.4786344358030685e-10,1.197115182627084e-05
5338.938397147361,1.4830384436520447,17.24043385712921,27.390675774288265,3.704077641891031,1.6648127266876966,4.142061837066482e-05,0.20663581531630854,19.79331065878849,4500.0,1.2105152502611246e-05,1.556136627829363e-10,1.2105463729936815e-05
5565.330778427651,1.545925216229903,17.09217525140572,27.643120706118864,3.6399739956989587,1.6247300467726613,3.9827796853693e-05,0.20264926393089452,19.797298665668322,4500.0,1.2242471430038867e-05,1.6378366948666015e-10,1.2242798997377843e-05
5801.323103833379,1.6114786399537164,16.94196286116381,27.898388134964957,3.5760769010087374,1.5835721028587044,3.826285144580252e-05,0.19865284573990882,19.80129650844669,4500.0,1.238282083973533e-05,1.7239724679003017e-10,1.2383165634228914e-05
6047.322449462655,1.679811791517404,16.789867885059518,28.156390404251816,3.512347954376512,1.5413937563083615,3.672594044605217e-05,0.19464643979870083,19.805304307907075,4500.0,1.2526203586582485e-05,1.8147953389609862e-10,1.2526566545650281e-05
6303.753153071281,1.7510425425198004,16.635967937483016,28.417033336928554,3.448742390646586,1.4982563349380538,3.521716695460103e-05,0.19062976981685092,19.809322340239547,4500.0,1.2672616878172799e-05,1.9105709807911318e-10,1.2672998992368961e-05
6571.057546036271,1.825293762787853,16.48034743397764,28.680215372885396,3.3852096745959726,1.4542275185372042,3.373659561671726e-05,0.18660242686162812,19.813351014321274,4500.0,1.2822051611107705e-05,2.0115801019017591e-10,1.2822453927128087e-05
6849.696716357454,1.9026935323215148,16.323097820627673,28.94582703355161,3.3216938973350705,1.409381248481861,3.22842612497939e-05,0.18256388310119184,19.817390857965286,4500.0,1.2974491745854124e-05,2.1181192225056978e-10,1.297491536969863e-05
7140.151304013403,1.9833753622259453,16.164317982040913,29.213749898877236,3.258134630260281,1.3637974888177813,3.086018624896224e-05,0.17851352363434836,19.821442486074094,4500.0,1.3129913542192032e-05,2.230501487457757e-10,1.3130359642489529e-05
7442.922330043758,2.067478425012155,16.004114422936944,29.483856065054503,3.1944674833460542,1.3175620286587113,2.9464389177152264e-05,0.17445066497370845,19.825506582148623,4500.0,1.3288284868730637e-05,2.3490574948997006e-10,1.3288754680229622e-05
7758.532060787844,2.1551477946632898,15.842601646258117,29.756007072954525,3.130625151859076,1.2707661289244907,2.809690124272586e-05,0.17037459293416699,19.829583860384094,4500.0,1.3449564364239694e-05,2.474136161747692e-10,1.345005919147205e-05
8087.524908770457,2.2465346968806825,15.67990234345729,30.03005321493372,3.0665382602128326,1.2235061813923656,2.6757776784031268e-05,0.16628459094326517,19.83367503734997,4500.0,1.3613700654189103e-05,2.606105604325908e-10,1.3614221875309975e-05
8430.468371788967,2.34179676994138,15.516147604562954,30.305832723722787,3.002136388794824,1.1758832829156434,2.5447103816883396e-05,0.16217997482153262,19.837780797199883,4500.0,1.378063151535517e-05,2.745354043317146e-10,1.378118058616384e-05
8787.954011821328,2.441098336617036,15.35147718310647,30.58317077838521,2.9373493100808314,1.128002728423699,2.416501725588198e-05,0.15806013556989731,19.841901748871926,4500.0,1.3950282975146077e-05,2.8922907343009625e-10,1.3950861433292945e-05
9160.598475443709,2.5446106876232526,15.186039504302467,30.86187901926277,2.8721079645238765,1.0799735119070977,2.2911704075935315e-05,0.15392456968137302,19.846038395772588,4500.0,1.4122568509526142e-05,3.0473469015139607e-10,1.4123177978906452e-05
9549.044557518097,2.6525123770883603,15.01999186229326,31.141754582572677,2.806345846753199,1.0319077083770782,2.1687413469027924e-05,0.1497729262481245,19.850191088660473,4500.0,1.429738811763928e-05,3.2109767005279213e-10,1.4298030312979394e-05
9953.962309984245,2.764989530551179,14.853500374701627,31.42257961248071,2.7400001535474394,0.9839198592664351,2.049246109599746e-05,0.14560504273163005,19.85435998987269,4500.0,1.447462750029798e-05,3.3836581786644863e-10,1.447530423193372e-05
10376.050197669118,2.8822361660191995,14.686739917247932,31.70412075495514,2.6730130313202225,0.936126296472918,1.932723146568716e-05,0.14142098400348846,19.858545034282503,4500.0,1.4654157236870677e-05,3.565894243248978e-10,1.4654870415719334e-05
10816.036303107116,3.0044545286408653,14.519894092398332,31.986128543821962,2.6053329419648463,0.8886444218110737,1.8192180929985195e-05,0.13722108624008222,19.862745885402504,4500.0,1.4835831947134004e-05,3.7582136392646353e-10,1.4836583589861867e-05
11274.679582449473,3.131855439569298,14.353154916319745,32.268337328672516,2.536915778007726,0.8415919769962286,1.708783470027859e-05,0.13300598876281416,19.86696190354805,4500.0,1.5019489602329604e-05,3.961171906505157e-10,1.5020281836710913e-05
11752.771174629452,3.2646586596192924,14.186722593553391,32.55046499032409,2.4677261467652003,0.7950862693535311,1.6014783312261056e-05,0.12877667314452096,19.87119210673509,4500.0,1.5204950820085501e-05,4.175352339970259e-10,1.5205785890553505e-05
12251.135766041203,3.4030932683447785,14.020805168389291,32.832212892606755,2.397738547161114,0.7492433918390539,1.4973677750033515e-05,0.12453449773454336,19.875435136160593,4500.0,1.5392018260979335e-05,4.401366932354007e-10,1.5392898534365813e-05
12770.633013086446,3.5473980591906793,13.855617933287428,33.11326628552034,2.32693836329734,0.7041774178911038,1.3965218061393477e-05,0.1202812228299473,19.879689231043095,4500.0,1.5580476196851184e-05,4.639857278730182e-10,1.5581404168306945e-05
13312.159025043076,3.6978219514008543,13.69138304673792,33.393294316941436,2.2553230221613996,0.6599996141554493,1.2990145458857644e-05,0.11601904539386511,19.883952193912755,4500.0,1.5770090060436793e-05,4.891495482111252e-10,1.5771068359533226e-05
13876.647909813099,3.854624419392527,13.528328692199597,33.671950911229615,2.1829027756202075,0.6168176209467865,1.204922648030931e-05,0.11175061510922729,19.88822137457358,4500.0,1.5960606302020223e-05,5.15698498586835e-10,1.596163769901741e-05
14465.073385216472,4.0180759403379085,13.366688452216476,33.94887526958151,2.109701601313931,0.574734676884294,1.1143238973549138e-05,0.10747905835840856,19.892493646137932,4500.0,1.615175226700611e-05,5.437061395545154e-10,1.615283967928523e-05
15078.45045861051,4.188458460725141,13.206700398343997,34.22369291801783,2.0357578492940442,0.5338488343403311,1.0272955031563595e-05,0.10320799064800643,19.89676539261866,4500.0,1.634323634131681e-05,5.732493230496943e-10,1.6344382839962922e-05
15717.837177731644,4.366065882703235,13.048606148383486,34.49601684696673,1.961124800834936,0.4942522038110516,9.439122183729945e-06,0.09894152632776818,19.901032499228656,4500.0,1.6534748274374423e-05,6.044082625082121e-10,1.6535957090899447e-05
16384.33645577985,4.551204571049958,12.892649833594229,34.7654488558419,1.8858710822258242,0.4560302283342533,8.642443932560942e-06,0.09468428321341038,19.905290347776948,4500.0,1.6725959728062653e-05,6.372665967211464e-10,1.6727234261256106e-05
17079.097973894302,4.744193881637306,12.739076971238863,35.03158111586567,1.8100809203661534,0.41926099252552274,7.883559587394213e-06,0.09044138150387088,19.909533817770836,4500.0,1.6916525076989994e-05,6.719114467732411e-10,1.691786889988355e-05
17803.320164301156,4.945366712305876,12.588133247463341,35.293997946971146,1.7338542333323732,0.38401457222934593,7.163023714838634e-06,0.08621843683230437,19.913757293384354,4500.0,1.7106082480666433e-05,7.084334656002351e-10,1.710749934759764e-05
18558.252277555188,5.155070077098664,12.440063217303399,35.552277802539,1.6573065478436084,0.3503524323102022,6.4812857568502945e-06,0.08202154726406924,19.917954676479283,4500.0,1.7294255246821086e-05,7.469268798643346e-10,1.729574910058082e-05
19345.196537440483,5.373665704844578,12.295108922178706,35.80599546641647,1.5805687332706468,0.31832687813037874,5.838670311821265e-06,0.07785727386405447,19.922119406055923,4500.0,1.748065350668091e-05,7.874895239034712e-10,1.7482228485728726e-05
20165.510387247487,5.601530663124302,12.153508436431647,36.05472444913292,1.5037865435429025,0.28798057088873497,5.235358748579186e-06,0.07373261468571134,19.926244484280385,4500.0,1.7664876215943737e-05,8.302228659003537e-10,1.7666536661675544e-05
21020.608831301583,5.8390580086948844,12.015494363172367,36.298039557504055,1.4271199575289488,0.25934612179083877,4.671372218902685e-06,0.06965497192695565,19.930322509343387,4500.0,1.784651348743604e-05,8.752320269277159e-10,1.7848263951489906e-05
21911.96687578152,6.086657465494866,11.881292207659902,36.53551975412758,1.3507422986784705,0.23244573953026593,4.146556874893226e-06,0.06563211073359217,19.934345716668886,4500.0,1.8025149302231458e-05,9.226257918046795e-10,1.8026994553815076e-05
22841.122073038256,6.3447561313995156,11.75111876301224,36.76675110321163,1.27483913831405,0.20729099545827767,3.66057179224264e-06,0.061672111299363064,19.93830602682307,4500.0,1.8200364541857352e-05,9.72516615364607e-10,1.820230957508809e-05
23809.677173803582,6.613799214945439,11.625180389325642,36.99132999279468,1.1996069567815968,0.18388266109427828,3.212879981185488e-06,0.05778331182847736,19.942195102557406,4500.0,1.8371740399853583e-05,1.0250206227950339e-09,1.837379044109918e-05
24819.30289186258,6.894250803295161,11.503671258858363,37.20886652527006,1.1252515612594796,0.16221065460829104,2.802742562215108e-06,0.05397424295315846,19.946004414393176,4500.0,1.8538862132458405e-05,1.0802576070526683e-09,1.854102264767252e-05
25871.74078595924,7.186594662766455,11.386771585234692,37.41898805504124,1.0519862485741227,0.14225411114614056,2.42921732694218e-06,0.05025355347053314,19.949725314881956,4500.0,1.870132312172618e-05,1.1383510259186641e-09,1.8703599823778026e-05
26968.806263906925,7.4913350733074795,11.274645793523954,37.621342940851726,0.9800297061613209,0.12398155945920236,2.0911609037172596e-06,0.04662992619210962,19.953349122749593,4500.0,1.8858729251612854e-05,1.199427999839711e-09,1.8861128107612546e-05
28112.39171408467,7.808997698356853,11.167440721048314,37.81560437848621,0.9096036513616677,0.10735124909999809,1.787235710108197e-06,0.043111985046473345,19.956867215781973,4500.0,1.901070350889529e-05,1.2636193158788268e-09,1.9013230747527055e-05
29304.469769721443,8.14013049158929,11.065283787534659,38.0014744049356,0.8409302099537913,0.09231159757214077,1.5159211626041506e-06,0.039708192370774664,19.96027113351749,4500.0,1.9156890798808918e-05,1.3310594390903951e-09,1.915955291768711e-05
30547.096711599745,8.485304642111041,10.96828122640904,38.17868792953087,0.7742290489887022,0.07880179506757921,1.2755294082625625e-06,0.03642673785998704,19.963552688277147,4500.0,1.929696285899017e-05,1.4018865375813482e-09,1.9299766632065345e-05
31842.41601504656,8.845115559735156,10.876516371912302,38.347016789920275,0.709714284576392,0.06675255358722415,1.0642254034719613e-06,0.03327541960958108,19.966704084096854,4500.0,1.9430623201068216e-05,1.4762425248902636e-09,1.943357568611801e-05
33192.6620473319,9.220183902036638,10.790048043648575,38.50627375355762,0.6475911999553261,0.05608700283467064,8.800509710716423e-07,0.030261518754093712,19.969718042059977,4500.0,1.955761196849107e-05,1.5542731248686183e-09,1.956072051474082e-05
34600.163921851155,9.611156644958655,10.7089090734499,38.656316373517534,0.5880528236325285,0.04672172939622753,7.209523777445594e-07,0.02739166977181913,19.972587929960373,4500.0,1.9677710584442858e-05,1.6361279644580143e-09,1.9680982840371783e-05
36067.349515740316,10.018708198816755,10.633105035671914,38.797050573949925,0.5312764365218567,0.038567953852498706,5.848107597725423e-07,0.024671729353911768,19.97530789339861,4500.0,1.9790746039493612e-05,1.7219607003738667e-09,1.979418996089437e-05
37596.74965785468,10.4435415716263,10.562613198062468,38.928433901729186,0.4774200863638357,0.03153281384070547,4.694745024956373e-07,0.022106646659957353,19.97787298549019,4500.0,1.9896594702514363e-05,1.8119291834316097e-09,1.990021856088124e-05
39191.0024943341,10.886389581759472,10.497381809065597,39.05047821777212,0.42661921988375573,0.02552075327471892,3.7279265598682365e-07,0.019700339953820773,19.980279290193156,4500.0,1.9995185448845676e-05,1.906195668117717e-09,1.9998997840181926e-05
40852.85803928565,11.348016122023793,10.437329718662332,39.16325178124013,0.37898353858978673,0.02043496150394982,2.926481750969536e-07,0.01745558325972881,19.98252403561644,4500.0,2.008650201042468e-05,2.0049270690628205e-09,2.0090511864562813e-05
42585.18291843415,11.82921747734282,10.382346461270696,39.266880465438845,0.3345942213595676,0.016178851927079307,2.2698984315061785e-07,0.015373909383025419,19.98460569096578,4500.0,2.017058433529848e-05,2.108295271442937e-09,2.0174800925841372e-05
44390.965313921755,12.3308236983116,10.332292788946548,39.36154806489305,0.29350163427924,0.012657511877350012,1.738616625375682e-07,0.013455533442280789,19.986524042981955,4500.0,2.024752889701464e-05,2.216477494749622e-09,2.0251961852004145e-05
46273.320118786934,12.85370003299637,10.28700175266265,39.44749547681543,0.2557236741768793,0.009779096341220811,1.3142849147664623e-07,0.01169930312726129,19.98828024565807,4500.0,2.0317487800972845e-05,2.329656713931295e-09,2.0322147114400715e-05
48235.49431001467,13.39874841944852,10.246280333368901,39.52501869896572,0.22124486093325418,0.007456106728319464,9.799717678132535e-08,0.010102679868346036,19.989876839051075,4500.0,2.038066665812862e-05,2.448022136335378e-09,2.0385562702401295e-05
50280.87254942485,13.966909041506902,10.209911657019015,39.59446553992847,0.19001628827309053,0.005606514775600673,7.2032105351942e-08,0.008661755235932477,19.991317732870282,4500.0,2.043732118573706e-05,2.5717697339511204e-09,2.0442464725204965e-05
52412.983022060616,14.559161950572394,10.1776577520844,39.656231076867606,0.161956489100409,0.004154681943768655,5.21650740730875e-08,0.007371304310965429,19.992608153101518,4500.0,2.0487752611991515e-05,2.7011028259173315e-09,2.0493154817643357e-05
54635.503522148756,15.176528756152432,10.149262837147795,39.71075186182366,0.136953251772974,0.003032049251760994,3.719908981179093e-08,0.006224877333311392,19.99375455036069,4500.0,2.0532301949993308e-05,2.8362327077760795e-09,2.0537974415408865e-05
56952.267797128305,15.820074388091196,10.1244570645329,39.75849899969708,0.11486636170292452,0.0021775740632827586,2.6106540966372702e-08,0.005214928168021047,19.99476447143603,4500.0,2.0571343302991564e-05,2.977379320709063e-09,2.0577298061632982e-05
59367.27216069126,16.49090893352535,10.102960595402218,39.79997033063591,0.09553117210063189,0.0015379018574220667,1.8022259247482335e-08,0.004332975139376771,19.995646398468416,4500.0,2.0605276451141754e-05,3.1247719514154656e-09,2.0611525995044588e-05
61884.682386243956,17.19018955173443,10.08448793665799,39.835681870648315,0.07876290104347988,0.0010672916463954655,1.2232299248021796e-08,0.0035697900579442095,19.996409559943483,4500.0,2.0634518901429836e-05,3.2786499572514946e-09,2.0641076201344345e-05
64508.84089267699,17.919122470188054,10.068752337139387,39.86615891788084,0.0643614380329112,0.0007273069430415639,8.159580312969646e-09,0.0029156059625711273,19.997063722972094,4500.0,2.065949777293019e-05,3.439263504178114e-09,2.0666376299938544e-05
67244.2742348425,18.678965065234028,10.055470135249506,39.89192707721763,0.052116470699360325,0.00048631682968898026,5.347444920593139e-09,0.002360335945626127,19.997618974489583,4500.0,2.0680641753533593e-05,3.606874311528612e-09,2.0687855502156648e-05
70095.70091165633,19.471028031015646,10.044364884962778,39.91350358117792,0.04181268454645582,0.0003188493090283575,3.4423321271438978e-09,0.0018937927567732927,19.998085501676975,4500.0,2.069837344878871e-05,3.781756394519646e-09,2.0705936961577744e-05
73068.03950529508,20.296677640359743,10.035171114830653,39.931389239401135,0.03323479755964726,0.0002048482047496328,2.1765516141886927e-09,0.0015058994401913777,19.998473381347956,4500.0,2.0713102393181854e-05,3.964196797715982e-09,2.0721030786777282e-05
76166.41716552892,21.157338101535814,10.027637597478416,39.94606130480128,0.02617221222683357,0.00012888548964871653,1.352013335653661e-09,0.001186882193195064,19.998792387112637,4500.0,2.072521894619205e-05,4.154496314485901e-09,2.0733527938821016e-05
79396.17845382291,22.05449401495081,10.021530033309045,39.95796748881602,0.020423101599468876,7.937627166273019e-05,8.255113059981321e-10,0.0009274380713938028,19.999051821692174,4500.0,2.073508924177967e-05,4.35297018928485e-09,2.074379518215824e-05
82762.89456246352,22.989692934017647,10.016633076235342,39.967521303393816,0.015797784857525407,4.7835509520815756e-05,4.959539930687691e-10,0.000718871753983267,19.999260380170092,4500.0,2.074305131086262e-05,4.559948801079956e-09,2.0752171208464778e-05
86272.37292461451,23.96454803461514,10.012751676357025,39.97509880653852,0.012121310861908619,2.8206238750931318e-05,2.936851859565622e-10,0.0005531982404294378,19.999426047308976,4500.0,2.0749412413322105e-05,4.775778328909389e-09,2.0758963969979916e-05
89930.66723187632,24.98074089774342,10.009711753391352,39.981036741632415,0.0092352271356066,1.62778368279205e-05,1.7187430523561828e-10,0.0004232107883485264,19.999556029622696,4500.0,2.075444754755487e-05,5.00082140264334e-09,2.076444919036015e-05
93744.08787663,26.040024410175,10.007360230825384,39.98563201877474,0.006998548656494448,9.201739577185298e-06,9.980848686827005e-11,0.0003225148539626424,19.999656721442978,4500.0,2.0758399075523197e-05,5.235457742682821e-09,2.0768869991008557e-05
97719.21283717996,27.144225788105544,10.005564508554906,39.98914238528359,0.005288002241289759,5.103916401545058e-06,5.784203683727674e-11,0.00024553140609853756,19.999733701609937,4500.0,2.0761477323783733e-05,5.480084794887108e-09,2.0772437493373506e-05
101862.89902446886,28.29524972901913,10.00421145954958,39.99178811055789,0.00399764370597755,2.786182748358979e-06,3.37179986945215e-11,0.0001874738119203576,19.999791756588518,4500.0,2.0763862008167785e-05,5.735118367233508e-09,2.0775332244902248e-05
106182.29410993868,29.49508169720519,10.003206050144254,39.9937544792422,0.003037966194564182,1.5044151715236595e-06,1.9974308629874997e-11,0.00014430337247485888,19.99983492493353,4500.0,2.0765704308683645e-05,6.000993275372326e-09,2.0777706295234383e-05
110684.8488549412,30.74579134859478,10.002469698927468,39.995194854880125,0.0023346362554615536,8.099331383923894e-07,1.2174622596302884e-11,0.00011266937219608443,19.99986655723935,4500.0,2.076712939874461e-05,6.278164005045633e-09,2.0779685726754698e-05
115378.3299629662,32.04953610082395,10.001938462296575,39.99623412865639,0.0018269689817134696,4.40061518472491e-07,7.738914457339334e-12,8.983836834045109e-05,19.999889386848817,4500.0,2.0768239277808493e-05,6.567105397719674e-09,2.0781373488603925e-05
120270.83347685145,33.40856485468096,10.0015611643798,39.99697231133713,0.0014662787897743224,2.454895019348749e-07,5.195619151221309e-12,7.361861498155571e-05,19.999905605427074,4500.0,2.0769115711868344e-05,6.868313367551755e-09,2.0782852338603446e-05
125370.79874409197,34.82522187335888,10.001297533488676,39.997488136763195,0.001214186029724571,1.4371460261361565e-07,3.717972241505481e-12,6.228301520377295e-05,19.999916940006873,4500.0,2.076982317652316e-05,7.182305654604136e-09,2.078418778783237e-05
130687.02297433477,36.301950826204106,10.00111642868015,39.99784250566263,0.0010409753050572245,9.034836799164266e-08,2.8456965617079773e-12,5.4494749753485916e-05,19.999924727357392,4500.0,2.0770411665204152e-05,7.509622620567457e-09,2.0785430910445288e-05
136228.67641416495,37.84129900393471,10.00099419728417,39.99808168401539,0.000924056644135366,6.205251475106542e-08,2.3227397277693725e-12,4.923775861116648e-05,19.999929983500223,4500.0,2.0770919294428917e-05,7.850828090840561e-09,2.07866209506106e-05
142005.31816536817,39.44592171260227,10.000913208462743,39.998240163736355,0.0008465810238060206,4.677331025001386e-08,2.0054351112062447e-12,4.575430553759183e-05,19.99993346614259,4500.0,2.0771374632355433e-05,8.206510247165549e-09,2.0787787652849762e-05
148026.912673951,41.11858685387528,10.00086056633356,39.99834317602468,0.0007962192985285795,3.8339448841407696e-08,1.8116684292400997e-12,4.3489974857781844e-05,19.99993572967858,4500.0,2.0771798743691144e-05,8.577282572674982e-09,2.0788953308836488e-05
154303.84691835678,42.86217969954355,10.000827027196753,39.99840880764487,0.0007641315678292005,3.3586765895204415e-08,1.6933468367151694e-12,4.204727968147447e-05,19.999937171579205,4500.0,2.077220691114363e-05,8.963784852540953e-09,2.0790134480848707e-05
160846.94832653552,44.67970786848209,10.000806100295298,39.99844975932847,0.0007441095045685129,3.0867881313952815e-08,1.6215411409837544e-12,4.114707334702374e-05,19.999938070979553,4500.0,2.0772610065643558e-05,9.36668423085947e-09,2.079134343410527e-05
167667.5034527701,46.57430651465836,10.000793323452893,39.99847476263442,0.0007318846073503237,2.9301554310982472e-08,1.5784665251986597e-12,4.059743503672268e-05,19.999938619792044,4500.0,2.077301593884265e-05,9.786676325195701e-09,2.079258929149303e-05
174777.27744646845,48.549243735130126,10.000785696944996,39.99848968750374,0.0007245871468856553,2.8400592092591696e-08,1.5530271897772465e-12,4.026933774548408e-05,19.999938947037524,4500.0,2.077342996421031e-05,1.0224486399837784e-08,2.0793878937009975e-05
182188.5343465165,50.60792620736569,10.000781251700316,39.99849838710741,0.0007203333012568798,2.7887233819058812e-08,1.5383007689170905e-12,4.0078083055143124e-05,19.999939137409847,4500.0,2.077385596466187e-05,1.0680870598474219e-08,2.0795217705858806e-05
189914.05823619355,52.75390506560932,10.000778723656166,39.998503335037924,0.0007179137030271891,2.759909560930997e-08,1.5299438204080165e-12,3.996929697626588e-05,19.999939245279478,4500.0,2.0774296671484452e-05,1.115661723685268e-08,2.079660990595815e-05
197967.17529513367,54.99088202642602,10.000777322252228,39.998506078316545,0.0007165719869051818,2.7440542997502848e-08,1.525323279323663e-12,3.990897291960646e-05,19.999939304650184,4500.0,2.077475409364945e-05,1.1652548157025489e-08,2.0798059189963494e-05
206361.77678638566,57.322715773996016,10.000776566266206,39.99850755863365,0.0007158477410534031,2.7355309576421573e-08,1.5228336779678037e-12,3.9876410562061876e-05,19.999939336219885,4500.0,2.077522978011188e-05,1.2169520144021397e-08,2.079956882039991e-05
215112.34301821672,59.75342861617131,10.000776170044803,39.99850833497753,0.0007154676631831671,2.7310700410918373e-08,1.521525606934572e-12,3.985932212392436e-05,19.9999393522742,4500.0,2.0775725002039374e-05,1.2708426406466725e-08,2.08011418548523e-05
224233.96832198495,62.2872134227736,10.000775968597477,39.99850873021523,0.0007152738955336289,2.728797317303858e-08,1.5208608349497451e-12,3.985061025945055e-05,19.999939359908424,4500.0,2.0776240873308677e-05,1.3270198123107505e-08,2.0802781269554884e-05
233742.38708918125,64.9284408581059,10.000775869398526,39.99850892540964,0.00071517791125684,2.727679824691297e-08,1.5205434515387683e-12,3.984629477044238e-05,19.999939363100747,4500.0,2.0776778428595514e-05,1.385580605726439e-08,2.0804490040710036e-05
243654.00091254662,67.68166692015184,10.00077582235411,39.99850901858965,0.0007151317811347844,2.7271316769847485e-08,1.5203753611287025e-12,3.9844220740871355e-05,19.999939364004078,4500.0,2.0777338672645146e-05,1.4466262241583552e-08,2.0806271197128306e-05
253985.9068780729,70.55164079946469,10.000775801505844,39.99850906055477,0.0007151106666988098,2.7268909373050252e-08,1.520302929111487e-12,3.984327142706475e-05,19.999939363733095,4500.0,2.077792261094463e-05,1.5102621735696996e-08,2.0808127854416017e-05
264755.9270567075,73.54331307130764,10.000775792583996,39.998509079230786,0.0007151009137409381,2.7267702817512827e-08,1.5202699336472067e-12,3.984283292663826e-05,19.99993936289957,4500.0,2.0778531271163252e-05,1.5765984459570658e-08,2.081006324008239e-05
275982.639246618,76.66184423517167,10.000775789720727,39.998509086102715,0.0007150969054175259,2.7267361727802053e-08,1.520263426244466e-12,3.984265270996335e-05,19.999939361753835,4500.0,2.077916571009444e-05,1.6457497105995208e-08,2.0812080704306424e-05
287685.40901905973,79.91261361640548,10.000775789235103,39.998509088375435,0.0007150951186873421,2.7266997076289876e-08,1.5202428943238982e-12,3.984257237332527e-05,19.999939360452,4500.0,2.077982702532996e-05,1.717835513491482e-08,2.0814183735599788e-05
299884.4231231037,83.30122864530658,10.00077578993742,39.99850908837972,0.0007150944121671937,2.7266909328198112e-08,1.5202478268620147e-12,3.984254060403302e-05,19.999939359042987,4500.0,2.0780516356638634e-05,1.7929804853703917e-08,2.0816375966346033e-05
312600.72430687037,86.83353452968622,10.000775791207007,39.99850908733241,0.0007150941899079086,2.7266892749018365e-08,1.520245381298109e-12,3.9842530608285366e-05,19.999939357551106,4500.0,2.078123489096707e-05,1.87131455865923e-08,2.0818661182140247e-05
325856.247615323,90.51562433758973,10.000775792657382,39.99850908599223,0.0007150940797206728,2.7266873677101414e-08,1.5202449138626965e-12,3.984252565075983e-05,19.999939355990506,4500.0,2.0781983864996028e-05,1.9529731937340216e-08,2.0821043328870703e-05
339673.85822722164,94.35384950756156,10.000775794238045,39.99850908446065,0.0007150940306591752,2.7266866499325614e-08,1.5202447446105248e-12,3.9842523441401296e-05,19.999939354360766,4500.0,2.078276456708745e-05,2.0380976149145612e-08,2.0823526519385735e-05
354077.390896527,98.35483080459083,10.000775795930199,39.99850908277709,0.0007150940220556326,2.726686662752554e-08,1.5202447505462346e-12,3.984252305094086e-05,19.99993935266001,4500.0,2.0783578339965163e-05,2.126835056596615e-08,2.0826115041097095e-05
369091.6910662782,102.52546974063283,10.000775797708133,39.99850908099471,0.0007150940265091681,2.7266868016275976e-08,1.52024477006053e-12,3.9842523247377144e-05,19.99993935088653,4500.0,2.0784426583064933e-05,2.2193390199714144e-08,2.0828813363464357e-05
384742.65772585134,106.87296047940315,10.000775799553637,39.99850907915205,0.0007150940236680522,2.7266867250495716e-08,1.5202447472738133e-12,3.9842523115659706e-05,19.999939349038186,4500.0,2.078531075489557e-05,2.315769540792996e-08,2.0831626145711426e-05
401057.2880855496,111.404802245986,10.000775801478241,39.99850907722959,0.0007150940215148717,2.726686679471861e-08,1.5202447396488938e-12,3.984252301470551e-05,19.99993934711143,4500.0,2.078623237548696e-05,2.4162934686749917e-08,2.083455824486045e-05
418063.7241455762,116.12881226266005,10.000775803485244,39.998509075224085,0.0007150940200232764,2.7266866501210672e-08,1.5202447343155393e-12,3.984252294332241e-05,19.999939345102934,4500.0,2.078719302903722e-05,2.521084758421939e-08,2.0837614724205652e-05
435791.3012397039,121.05313923325109,10.000775805578048,39.99850907313217,0.0007150940191341137,2.7266866354166672e-08,1.5202447310671209e-12,3.9842522898843246e-05,19.999939343009242,4500.0,2.0788194366593853e-05,2.6303247739208657e-08,2.0840800862072267e-05
454270.59863740427,126.18627739927896,10.00077580776017,39.99850907095042,0.0007150940187579471,2.7266866330049616e-08,1.5202447295915807e-12,3.984252287723893e-05,19.99993934082674,4500.0,2.0789238108860137e-05,2.7442026051441658e-08,2.0844122160963015e-05
473533.4922917121,131.53708119214224,10.000775810035245,39.99850906867534,0.0007150940187686848,2.726686639597508e-08,1.5202447294492521e-12,3.984252287283187e-05,19.999939338551677,4500.0,2.0790326049118086e-05,2.8629153988391444e-08,2.0847584357094863e-05
493613.2098237927,137.11478050660907,10.000775812407019,39.99850906630334,0.0007150940189961387,2.726686650782575e-08,1.5202447300469717e-12,3.984252287796144e-05,19.99993933618013,4500.0,2.0791460056272705e-05,2.986668703505498e-08,2.085119343034281e-05
514544.38783909247,142.92899662197013,10.000775814879347,39.99850906383079,0.0007150940192173571,2.7266866608055405e-08,1.5202447306079116e-12,3.9842522882594254e-05,19.999939333708024,4500.0,2.079264207802247e-05,3.115676829289741e-08,2.0854955614608265e-05
536363.1316739245,148.98975879831235,10.000775817456198,39.99850906125401,0.0007150940191465427,2.7266866623135738e-08,1.5202447301365003e-12,3.9842522873870824e-05,19.999939331131102,4500.0,2.0793874144161098e-05,3.250163223453884e-08,2.085887740863017e-05
559107.0776755305,155.30752157653623,10.000775820141843,39.998509058568885,0.0007150940186185507,2.7266866523922663e-08,1.5202447280659854e-12,3.984252284435643e-05,19.99993932844493,4500.0,2.0795158370015564e-05,3.390360862107226e-08,2.08629655872577e-05
582815.4581230839,161.89318281196776,10.000775822941517,39.998509055769624,0.0007150940182082689,2.7266866480469578e-08,1.5202447264113063e-12,3.984252281989025e-05,19.99993932564485,4500.0,2.07964969600256e-05,3.536512658914827e-08,2.086722721320389e-05
607529.1689016077,168.7581024726688,10.000775825859932,39.99850905285162,0.0007150940178049859,2.726686644024633e-08,1.520244724770269e-12,3.984252279548352e-05,19.99993932272603,4500.0,2.0797892211474343e-05,3.688871891538053e-08,2.0871669649305097e-05
633290.8400455128,175.91412223486466,10.000775828902126,39.99850904980982,0.0007150940174084895,2.7266866403276822e-08,1.5202447231417033e-12,3.984252277111588e-05,19.99993931968344,4500.0,2.079934651836895e-05,3.8477026466051467e-08,2.0876300571301045e-05
660144.9092734883,183.3735859093023,10.000775832073344,39.998509046638986,0.0007150940170181664,2.7266866369502885e-08,1.5202447215230423e-12,3.9842522746748465e-05,19.999939316511828,4500.0,2.0800862375482694e-05,4.013280284011984e-08,2.088112798116293e-05
688137.698641567,191.14936073376862,10.000775835379057,39.998509043333655,0.000715094016632905,2.7266866338763904e-08,1.5202447199099888e-12,3.984252272231953e-05,19.99993931320573,4500.0,2.0802442382563112e-05,4.185891921429756e-08,2.08861602209917e-05
717317.4944465627,199.25485956848965,10.000775838824968,39.99850903988813,0.0007150940162509815,2.7266866310772758e-08,1.5202447182961213e-12,3.9842522697739335e-05,19.999939309759437,4500.0,2.0804089248712952e-05,4.3658369399165714e-08,2.089140598751128e-05
747734.6305177581,207.7040640327106,10.000775842417017,39.99850903629647,0.0007150940158699255,2.7266866285087655e-08,1.5202447166724326e-12,3.984252267288401e-05,19.99993930616701,4500.0,2.0805805796950874e-05,4.553427511576312e-08,2.0896874347182395e-05
779441.5750404951,216.51154862235975,10.000775846161396,39.99850903255247,0.0007150940154863631,2.7266866261079078e-08,1.5202447150267895e-12,3.984252264758853e-05,19.999939302422245,4500.0,2.0807594968958926e-05,4.7489891502518196e-08,2.0902574751963956e-05
812493.0210614064,225.69250585039066,10.000775850064562,39.99850902864969,0.0007150940150958331,2.7266866237891187e-08,1.5202447133433012e-12,3.9842522621638426e-05,19.99993929851869,4500.0,2.0809459830024152e-05,4.952861286285757e-08,2.0908517055749863e-05
846945.9808314577,235.2627724531827,10.000775854133241,39.998509024581416,0.0007150940146925736,2.7266866214396796e-08,1.5202447116015838e-12,3.9842522594760166e-05,19.999939294449604,4500.0,2.0811403574181995e-05,5.165397866431738e-08,2.0914711531510625e-05
882859.8841495151,245.23885670819863,10.000775858374446,39.998509020340634,0.0007150940142692725,2.7266866189145007e-08,1.520244709775904e-12,3.984252256660988e-05,19.999939290207976,4500.0,2.0813429529569334e-05,5.3869679800489955e-08,2.0921168889170307e-05
920296.6808760429,255.63796691001193,10.000775862795484,39.99850901592005,0.0007150940138167783,2.726686616030028e-08,1.5202447078341844e-12,3.984252253676039e-05,19.99993928578649,4500.0,2.081554116399533e-05,5.6179565127676434e-08,2.0927900294250674e-05
959320.947793827,266.47804105384085,10.000775867403968,39.99850901131206,0.0007150940133237658,2.726686612557182e-08,1.5202447057368504e-12,3.984252250468607e-05,19.99993928117751,4500.0,2.081774209073855e-05,5.858764828868716e-08,2.093491738731592e-05
1000000.0,277.77777777777777,10.000775872207837,39.99850900650874,0.0007150940127763455,2.7266866082131758e-08,1.5202447034354936e-12,3.9842522469745354e-05,19.999939276373095,4500.0,2.0820036074579095e-05,6.109811483682023e-08,2.094223230425273e-05
