t (h),T (°C),TMSPA (mM),BMSPA (mM),MMSPA (mM),H3PO4 (mM),H2O (mM),TMSOH (mM),HMDSO (mM),EC (mM),TMSOEG (mM),TMSOdiEG (mM),CO2 (mM)
2.7777777777777776e-07,25.0,49.999999999773934,2.2606762756638414e-10,5.110657223372563e-22,7.702350758776388e-34,19.99999999977393,2.2606762744986128e-10,1.2776643053926922e-21,4500.0,1.1498978744756215e-19,3.89853198738056e-29,1.1498978752553557e-19
2.929151237982207e-07,25.0,49.99999999976162,2.3838705761530015e-10,5.682838923875263e-22,9.031424200567427e-34,19.999999999761616,2.383870574857315e-10,1.4207097304406353e-21,4500.0,1.2786387569535684e-19,4.57133478539419e-29,1.278638757867865e-19
3.088773710990168e-07,25.0,49.999999999748624,2.513778281757396e-10,6.31908124986707e-22,1.0589834779763665e-33,19.99999999974862,2.513778280316647e-10,1.5797703118474421e-21,4500.0,1.4217932801432413e-19,5.360237520157112e-29,1.42179328121532e-19
3.25709472218175e-07,25.0,49.999999999734925,2.650765235767362e-10,7.026556335190187e-22,1.2417155563104725e-33,19.999999999734925,2.6507652341653075e-10,1.756639083071349e-21,4500.0,1.5809751741551113e-19,6.285273972925273e-29,1.5809751754121985e-19
3.4345882935734353e-07,25.0,49.99999999972049,2.7952172179005317e-10,7.813239295291412e-22,1.4559788112409488e-33,19.999999999720476,2.795217216119114e-10,1.953309822971341e-21,4500.0,1.757978839959989e-19,7.369934848675616e-29,1.7579788414340103e-19
3.6217542787487334e-07,25.0,49.999999999705246,2.947541030726408e-10,8.687998127867065e-22,1.7072140769405508e-33,19.999999999705246,2.947541028745546e-10,2.171999530968316e-21,4500.0,1.954799577034012e-19,8.641764282975996e-29,1.954799578762401e-19
3.8191197705351155e-07,25.0,49.99999999968919,3.108165645295021e-10,9.66069367865243e-22,2.0018010258436773e-33,19.999999999689184,3.108165643092384e-10,2.415173418492364e-21,4500.0,2.1736560756611325e-19,1.0133059278568733e-28,2.173656077687782e-19
4.0272405853914923e-07,25.0,49.99999999967225,3.2775434091959734e-10,1.0742290799234548e-21,2.3472201690382883e-33,19.999999999672244,3.2775434067467325e-10,2.6855726984358706e-21,4500.0,2.417015427440826e-19,1.1881689832609907e-28,2.417015429817204e-19
4.246702828686601e-07,25.0,49.99999999965439,3.456151320450014e-10,1.1944981949931117e-21,2.7522428104897038e-33,19.999999999654385,3.4561513177265597e-10,2.9862454858731293e-21,4500.0,2.687620935935656e-19,1.3932060580230072e-28,2.6876209387221093e-19
4.478124545276364e-07,25.0,49.99999999963555,3.6444923708206274e-10,1.3282324641066755e-21,3.2271537786445274e-33,19.999999999635552,3.6444923677922587e-10,3.32058115837928e-21,4500.0,2.988523040958199e-19,1.633623837363512e-28,2.9885230442254907e-19
4.7221574600285133e-07,25.0,49.99999999961569,3.8430969623286113e-10,1.4769394261973115e-21,3.784012591285946e-33,19.99999999961569,3.843096958961191e-10,3.692348563280181e-21,4500.0,3.3231137050958146e-19,1.9155274429601573e-28,3.3231137089269154e-19
4.979488813196196e-07,25.0,49.99999999959475,4.052524400958888e-10,1.64229540205005e-21,4.4369596854557174e-33,19.99999999959475,4.0525243972144557e-10,4.105738502530141e-21,4500.0,3.6951646501004395e-19,2.2460754618938053e-28,3.6951646545926383e-19
5.250843295809189e-07,25.0,49.999999999572665,4.273364471765971e-10,1.8261643908707946e-21,5.202575488604554e-33,19.999999999572665,4.2733644676023174e-10,4.565410974134218e-21,4500.0,4.1088698741684937e-19,2.6336617264738916e-28,4.1088698794358674e-19
5.536985090533217e-07,25.0,49.999999999549374,4.506239099813988e-10,2.030619082487561e-21,6.100301448941785e-33,19.999999999549377,4.506239095184178e-10,5.076547702651084e-21,4500.0,4.568892929393243e-19,3.0881284609165493e-28,4.568892935569553e-19
5.838720023744783e-07,25.0,49.99999999952482,4.751804101628696e-10,2.257964222047012e-21,7.152933716298085e-33,19.99999999952482,4.75180409648054e-10,5.6449105509340586e-21,4500.0,5.080419492331492e-19,3.6210162073539523e-28,5.08041949957358e-19
6.156897834882072e-07,25.0,49.999999999498925,5.010751032093871e-10,2.5107625905881655e-21,8.38720200964493e-33,19.999999999498925,5.010751026369334e-10,6.276906471565058e-21,4500.0,5.649215820293849e-19,4.245856877598533e-28,5.6492158287856205e-19
6.49241456946292e-07,25.0,49.99999999947162,5.283809131993328e-10,2.7918638943631376e-21,9.834448370577998e-33,19.999999999471623,5.28380912562788e-10,6.979659730156039e-21,4500.0,6.281693752315699e-19,4.97851737218732e-28,6.281693762272795e-19
6.846215102508972e-07,25.0,49.99999999944283,5.571747381683173e-10,3.10443688856395e-21,1.1531423038497035e-32,19.999999999442824,5.571747374605058e-10,7.76109221466556e-21,4500.0,6.9849829875417185e-19,5.837602492297056e-28,6.984982999216986e-19
7.21929579948239e-07,25.0,49.999999999412466,5.875376666677733e-10,3.452005097574705e-21,1.3521217657310706e-32,19.999999999412463,5.875376658807162e-10,8.630012736028678e-21,4500.0,7.767011455792309e-19,6.844927375756874e-28,7.76701146948223e-19
7.612707322228886e-07,25.0,49.99999999938045,6.195552061247935e-10,3.838486534410945e-21,1.585435951078468e-32,19.999999999380442,6.195552052496187e-10,9.59621632675469e-21,4500.0,8.636594686301058e-19,8.026071453825827e-28,8.63659470235327e-19
8.027557587829065e-07,25.0,49.999999999346684,6.533175236463126e-10,4.268237867089303e-21,1.8590094572685364e-32,19.999999999346684,6.533175226731546e-10,1.0670594656850536e-20,4500.0,9.603535182045135e-19,9.41102799547617e-28,9.603535200867266e-19
8.465014888690669e-07,25.0,49.99999999931108,6.889196999457734e-10,4.7461035297991704e-21,2.1797891952485884e-32,19.99999999931108,6.889196988636621e-10,1.1865258811749059e-20,4500.0,1.0678732919880025e-18,1.1034965733196726e-27,1.067873294195003e-18
8.926311182668584e-07,25.0,49.99999999927354,7.264619971073915e-10,5.277470332489306e-21,2.5559207939347095e-32,19.99999999927354,7.264619959041285e-10,1.3193675816274512e-20,4500.0,1.187430822210759e-18,1.293912191044102e-27,1.1874308247985911e-18
9.412745562478118e-07,25.0,49.99999999923396,7.660501409420846e-10,5.868328184463821e-21,2.9969554439119996e-32,19.99999999923395,7.66050139604106e-10,1.4670820443631316e-20,4500.0,1.320373838456494e-18,1.5171849428061821e-27,1.320373841490872e-18
9.925687914171953e-07,25.0,49.999999999192205,8.077956187302284e-10,6.525337616502982e-21,3.5140924328632725e-32,19.999999999192205,8.077956172424516e-10,1.631334402070464e-20,4500.0,1.468200960139379e-18,1.778984468014167e-27,1.4682009636973562e-18
1.046658277498384e-06,25.0,49.99999999914819,8.518159931897397e-10,7.255904862661878e-21,4.120463531480383e-32,19.999999999148184,8.518159915353937e-10,1.8139762132555387e-20,4500.0,1.6325785899084528e-18,2.085958725791362e-27,1.6325785940803791e-18
1.1036953401403378e-06,25.0,49.99999999910177,8.982352335536832e-10,8.068265348117382e-21,4.8314664513305727e-32,19.999999999101764,8.982352317141191e-10,2.0170663342035698e-20,4500.0,1.8153596984128532e-18,2.4459028080477415e-27,1.8153597033046675e-18
1.1638406058938152e-06,25.0,49.99999999905282,9.47184064689756e-10,8.97157652419207e-21,5.665155842244633e-32,19.999999999052818,9.471840626442368e-10,2.2428941277346404e-20,4500.0,2.018604712181798e-18,2.8679568819369056e-27,2.0186047179177213e-18
1.227263454564418e-06,25.0,49.999999999001204,9.988003352448542e-10,9.976021097051654e-21,6.642701757907587e-32,19.999999999001197,9.988003329703218e-10,2.4940052703777974e-20,4500.0,2.2446047400810417e-18,3.362838288093078e-27,2.2446047468067284e-18
1.2941424962163668e-06,25.0,49.99999999894678,1.0532294058514766e-09,1.1092921813736255e-20,7.788927231566734e-32,19.99999999894677,1.0532294033222908e-09,2.7732304488785536e-20,4500.0,2.495907400169368e-18,3.9431136883675905e-27,2.4959074080556058e-18
1.36466607417032e-06,25.0,49.99999999888938,1.1106245584892074e-09,1.23348690994675e-20,9.132938612631924e-32,19.999999998889376,1.1106245556768575e-09,3.0837172695252906e-20,4500.0,2.775345538092041e-18,4.6235181737696655e-27,2.775345547339088e-18
1.4390327954117905e-06,25.0,49.999999998828855,1.1711474281541388e-09,1.3715862985041844e-20,1.0708864670440736e-31,19.999999998828855,1.1711474250269223e-09,3.428965739997162e-20,4500.0,3.0860691607435537e-18,5.4213294357870276e-27,3.0860691715862235e-18
1.5174520899038795e-06,25.0,49.999999998765034,1.2349684580518783e-09,1.525147092420709e-20,1.2556723233408608e-31,19.999999998765034,1.2349684545745433e-09,3.812867723707713e-20,4500.0,3.4315809451764635e-18,6.356806502497656e-27,3.4315809578900883e-18
1.6001448003794293e-06,25.0,49.99999999869773,1.3022673795960366e-09,1.6959003280041026e-20,1.4723437370317197e-31,19.99999999869773,1.3022673757293842e-09,4.2397508113989473e-20,4500.0,3.815775723035554e-18,7.453704180391372e-27,3.815775737942974e-18
1.6873438042735895e-06,25.0,49.99999999862677,1.373233718563977e-09,1.8857708458528454e-20,1.7264026917850583e-31,19.999999998626766,1.37323371426442e-09,4.7144271045348847e-20,4500.0,4.2429843856114474e-18,8.739876265231518e-27,4.242984403091212e-18
1.7792946695482532e-06,25.0,49.99999999855194,1.4480673288352427e-09,2.096898988900769e-20,2.0243005611093025e-31,19.99999999855193,1.4480673240543133e-09,5.242247460412373e-20,4500.0,4.718022704439657e-18,1.0247982839417638e-26,4.718022724935635e-18
1.8762563462552654e-06,25.0,49.99999999847302,1.5269789552157509e-09,2.3316647297429995e-20,2.373601929462184e-31,19.99999999847302,1.5269789498995558e-09,5.829161810474983e-20,4500.0,5.246245617782283e-18,1.201631961640066e-26,5.246245641814935e-18
1.97850189578601e-06,25.0,49.99999999838981,1.6101908269327983e-09,2.5927144992220294e-20,2.783176681364153e-31,19.99999999838981,1.6101908210214096e-09,6.481786231777072e-20,4500.0,5.833607594944727e-18,1.4089790391869438e-26,5.833607623124321e-18
2.086319259861025e-06,25.0,49.999999998302066,1.6979372834722283e-09,2.8829910187029585e-20,3.2634252362757886e-31,19.999999998302062,1.6979372768990094e-09,7.207477527670555e-20,4500.0,6.4867297588926934e-18,1.6521047295367044e-26,6.486729791934801e-18
2.2000120714252935e-06,25.0,49.99999999820954,1.790465434520261e-09,3.20576647232663e-20,3.8265426486767937e-31,19.999999998209532,1.790465427211114e-09,8.014416158436217e-20,4500.0,7.21297452381905e-18,1.9371827796988418e-26,7.212974562562721e-18
2.319900509732832e-06,25.0,49.99999999811197,1.8880358558684903e-09,3.564679393179674e-20,4.486828279696463e-31,19.999999998111967,1.888035847741022e-09,8.911698456707001e-20,4500.0,8.0205285890233e-18,2.2714522420053965e-26,8.020528634452358e-18
2.44632220202861e-06,25.0,49.99999999800908,1.990923323241816e-09,3.9637756791860737e-20,5.261048903853455e-31,19.999999998009077,1.9909233142044077e-09,9.909439167194802e-20,4500.0,8.918495224663877e-18,2.6634012969018744e-26,8.918495277931916e-18
2.5796331743671664e-06,25.0,49.99999999790059,2.099417586115954e-09,4.4075542010780126e-20,6.168864471352468e-31,19.999999997900584,2.099417576066731e-09,1.101888546661509e-19,4500.0,9.916996889688258e-18,3.122982795113053e-26,9.916996952147927e-18
2.720208854245521e-06,25.0,49.999999997786176,2.2138241837036744e-09,4.901017516568246e-20,7.233327337410551e-31,19.999999997786176,2.2138241725293544e-09,1.2252543749114925e-19,4500.0,1.1027289338715697e-17,3.661866992491439e-26,1.1027289411953049e-17
2.8684451278740332e-06,25.0,49.99999999766554,2.3344653054077704e-09,5.449728262407045e-20,8.481467635650643e-31,19.999999997665533,2.3344652929823906e-09,1.36243206064119e-19,4500.0,1.226188850415941e-17,4.2937378952982615e-26,1.2261888590034182e-17
3.0247594550626506e-06,25.0,49.99999999753832,2.461680698163941e-09,6.059871860011264e-20,9.944979660074156e-31,19.99999999753832,2.4616806843474337e-09,1.5149679591862775e-19,4500.0,1.363471158388499e-17,5.0346407410756106e-26,1.3634711684577818e-17
3.1895920448622544e-06,25.0,49.999999997404174,2.5958286232288083e-09,6.738326241523808e-20,1.1661026685056996e-30,19.99999999740417,2.595828607865425e-09,1.6845815535607456e-19,4500.0,1.5161233924836018e-17,5.903389438765374e-26,1.516123404290382e-17
3.3634070952719288e-06,25.0,49.99999999726271,2.7372868651075667e-09,7.492739382300614e-20,1.3673184660335545e-30,19.999999997262716,2.7372868480241215e-09,1.8731848375780918e-19,4500.0,1.6858663471120184e-17,6.922044314288516e-26,1.6858663609561085e-17
3.5466941005034057e-06,25.0,49.99999999711355,2.886453795462603e-09,8.331615513821447e-20,1.6032548744431807e-30,19.999999997113544,2.88645377646652e-09,2.0829038690783742e-19,4500.0,1.874613474304733e-17,8.116472293080001e-26,1.874613490537679e-17
3.7399692294841474e-06,25.0,49.99999999695625,3.0437494949992058e-09,9.264410988871896e-20,1.879903077495758e-30,19.99999999695625,3.0437494738763494e-09,2.316102736222948e-19,4500.0,2.084492453377572e-17,9.51700374441344e-26,2.0844924724115806e-17
3.943776779481185e-06,25.0,49.999999996790386,3.2096169364878217e-09,1.0301640879650764e-19,2.2042880622739116e-30,19.999999996790383,3.209616913000081e-09,2.5754102070204273e-19,4500.0,2.317869175503822e-17,1.115920266690328e-25,2.3178691978222283e-17
4.158690708939405e-06,25.0,49.99999999661548,3.384523232254466e-09,1.1454997510445617e-19,2.584647006183382e-30,19.99999999661548,3.384523206137072e-09,2.8637493624945284e-19,4500.0,2.5773744135644143e-17,1.3084769772669201e-25,2.5773744397339544e-17
4.385316253850983e-06,25.0,49.99999999643104,3.5689609496524087e-09,1.273748226105302e-19,3.0306384453631685e-30,19.99999999643104,3.56896092061095e-09,3.184370547537899e-19,4500.0,2.8659334779153474e-17,1.5342601402370847e-25,2.86593350860055e-17
4.624291632207998e-06,25.0,49.999999996236554,3.763449498219784e-09,1.416355212671683e-19,3.553587535962462e-30,19.999999996236554,3.763449465926886e-09,3.540888010895268e-19,4500.0,3.1867991923713115e-17,1.7990031160368377e-25,3.186799228351375e-17
4.876289841338213e-06,25.0,49.99999999603147,3.96853659242956e-09,1.5749282686702458e-19,4.1667736362564165e-30,19.999999996031463,3.968536556521196e-09,3.9373206473053215e-19,4500.0,3.543588562131976e-17,2.109428579911454e-25,3.543588604320548e-17
5.1420205531857175e-06,25.0,49.9999999958152,4.184799794151282e-09,1.751254931859435e-19,4.885767512235158e-30,19.9999999958152,4.18479975422267e-09,4.378137301073099e-19,4500.0,3.9403235469954837e-17,2.473419232236171e-25,3.940323596463868e-17
5.422232112873804e-06,25.0,49.99999999558716,4.412848139168403e-09,1.9473228701080686e-19,5.728826729399634e-30,19.999999995587153,4.412848094769442e-09,4.868307141763866e-19,4500.0,4.3814763994809974e-17,2.9002179656018785e-25,4.381476457485357e-17
5.717713646178423e-06,25.0,49.99999999534668,4.653323852331757e-09,2.165342287669487e-19,6.717359271032917e-30,19.999999995346677,4.653323802961953e-09,5.41335567988576e-19,4500.0,4.872020078940814e-17,3.4006625715513113e-25,4.872020146954064e-17
6.0292972818472614e-06,25.0,49.9999999950931,4.906904156179403e-09,2.4077708400293645e-19,7.876467155705124e-30,19.999999995093095,4.906904101282228e-09,6.019427054006156e-19,4500.0,5.4174843099624105e-17,3.9874609469240106e-25,5.417484389711628e-17
6.357860495022839e-06,25.0,49.9999999948257,5.1743031781161846e-09,2.6773413381833934e-19,9.235583858207544e-30,19.9999999948257,5.174303117072803e-09,6.693353291442133e-19,4500.0,6.024017916986759e-17,4.675513788183399e-25,6.024018010497033e-17
6.704328578369153e-06,25.0,49.99999999454373,5.456273961523973e-09,2.977092554645329e-19,1.0829221720082344e-29,19.999999994543725,5.456273893646265e-09,7.44273132327623e-19,4500.0,6.698458137818818e-17,5.482292967971911e-25,6.698458247464674e-17
7.069677247861015e-06,25.0,49.99999999424639,5.753610586466273e-09,3.3104034784506123e-19,1.2697848328903595e-29,19.99999999424639,5.753610510989074e-09,8.276008621860363e-19,4500.0,7.448407697376774e-17,6.428285202090814e-25,7.448407825942474e-17
7.4549353905744216e-06,25.0,49.999999993932846,6.067150405959428e-09,3.681031405300035e-19,1.4888914120396347e-29,19.99999999393285,6.067150322031914e-09,9.202578426168985e-19,4500.0,8.282320510504834e-17,7.537512273035029e-25,8.282320661255076e-17
7.861187962216238e-06,25.0,49.99999999360222,6.397776404108208e-09,4.0931542922201176e-19,1.7458057297514436e-29,19.999999993602227,6.397776310784291e-09,1.0232885628442991e-18,4500.0,9.209596979946833e-17,8.838141020230206e-25,9.20959715670965e-17
8.289579042553143e-06,25.0,49.99999999325358,6.746419682746643e-09,4.551417854189248e-19,2.0470516663245253e-29,19.99999999325358,6.7464195789743165e-09,1.137854451574678e-18,4500.0,1.0240689963740665e-16,1.0363198586584369e-24,1.0240690171004632e-16
8.74131505734452e-06,25.0,49.99999999288595,7.1140620835870384e-09,5.060987933633161e-19,2.4002788243507795e-29,19.999999992885936,7.114061968196514e-09,1.2652469693697294e-18,4500.0,1.138722260656627e-16,1.2151411083762759e-24,1.1387222849594481e-16
9.217668175852756e-06,25.0,49.99999999249826,7.501738953261487e-09,5.627608733132413e-19,2.8144567767123544e-29,19.99999999249826,7.50173882495201e-09,1.4069021668221314e-18,4500.0,1.266211936331769e-16,1.424818697259201e-24,1.266211964828142e-16
9.719979893498982e-06,25.0,49.999999992089464,7.910542059042802e-09,6.257667567778547e-19,3.3001028328670574e-29,19.999999992089457,7.910541916367982e-09,1.5644168726432565e-18,4500.0,1.4079751691881288e-16,1.6706770129782564e-24,1.4079752026016681e-16
1.0249664809753692e-05,25.0,49.99999999165838,8.341622663456075e-09,6.958266867109268e-19,3.8695491071401636e-29,19.999999991658377,8.341622504807592e-09,1.739566694145404e-18,4500.0,1.5656100057462725e-16,1.9589591881038985e-24,1.565610044925455e-16
1.0808214611901364e-05,25.0,49.99999999120381,8.796194766439434e-09,7.737304238274827e-19,4.5372556707449204e-29,19.999999991203804,8.796194590028898e-09,1.9343260330315646e-18,4500.0,1.740893407467947e-16,2.296985633302364e-24,1.7408934534076588e-16
1.1397202275898174e-05,25.0,49.99999999072446,9.2755385241846e-09,8.603561492959321e-19,5.320177739468134e-29,19.99999999072446,9.275538328023402e-09,2.1508903421235956e-18,4500.0,1.9358012818096414e-16,2.693339926084729e-24,1.9358013356764386e-16
1.201828649615307e-05,25.0,49.999999990219,9.781003854285228e-09,9.566803641625713e-19,6.2381962210963e-29,19.999999990219,9.781003636162107e-09,2.391700873920959e-18,4500.0,2.1525307559233316e-16,3.1580867754213622e-24,2.1525308190850656e-16
1.2673216356707376e-05,25.0,49.99999998968599,1.0314014237345842e-08,1.0637888971011663e-18,7.31462255556547e-29,19.999999989685985,1.0314013994801976e-08,2.65947219997173e-18,4500.0,2.393524944087915e-16,3.703027597043896e-24,2.3935250181484647e-16
1.3363836256967678e-05,25.0,49.99999998912393,1.0876070725757308e-08,1.182889144574055e-18,8.576790667348675e-29,19.99999998912393,1.0876070456058585e-08,2.9572228112718823e-18,4500.0,2.661500488065665e-16,4.3420001893128765e-24,2.6615005749056664e-16
1.4092091105863811e-05,25.0,49.99999998853124,1.1468756170928309e-08,1.3153236813837647e-18,1.0056751061654826e-28,19.999999988531243,1.1468755871034512e-08,3.2883091446402815e-18,4500.0,2.959478180836315e-16,5.091230119384548e-24,2.9594782826609147e-16
1.4860031799059645e-05,25.0,49.99999998790626,1.2093739680877494e-08,1.4625853950420717e-18,1.1792084689772614e-28,19.99999998790626,1.2093739347408027e-08,3.656463418636567e-18,4500.0,3.290817018919164e-16,5.969742742500866e-24,3.290817138314015e-16
1.566982099464139e-05,25.0,49.99999998724722,1.2752781320739573e-08,1.6263343145608485e-18,1.3826857250216168e-28,19.999999987247218,1.2752780949935355e-08,4.065835705532692e-18,4500.0,3.659252067142775e-16,6.999846316896568e-24,3.6592522071396984e-16
1.6523739203548823e-05,25.0,49.99999998655227,1.344773706942293e-08,1.8084163233696996e-18,1.6212738158446083e-28,19.999999986552265,1.3447736657104016e-08,4.521040713600468e-18,4500.0,4.0689365626982814e-16,8.207698482163517e-24,4.0689367268522476e-16
1.742419121190125e-05,25.0,49.999999985819436,1.4180564046377537e-08,2.0108839673044637e-18,1.9010312599403623e-28,19.999999985819436,1.4180563587896001e-08,5.0272098070751465e-18,4500.0,4.52448873310017e-16,9.62397048577865e-24,4.524488925579575e-16
1.837371285330452e-05,25.0,49.99999998504668,1.4953326023192678e-08,2.236019592227634e-18,2.2290619980089e-28,19.999999985046674,1.495332551338022e-08,5.59004885019747e-18,4500.0,5.031043855816578e-16,1.128462602464167e-23,5.031044081509094e-16
1.9374978150211152e-05,25.0,49.999999984231806,1.5768199235546115e-08,2.486361072102882e-18,2.6136957848439636e-28,19.999999984231803,1.5768198668655805e-08,6.2159025273894345e-18,4500.0,5.594312146418632e-16,1.3231834478912333e-23,5.594312411055317e-16
2.043080684444491e-05,25.0,49.999999983372525,1.6627478511872238e-08,2.7647304175471436e-18,3.0646997085806935e-28,19.999999983372522,1.6627477881513717e-08,6.911825864622128e-18,4500.0,6.220643127801124e-16,1.5515041728089528e-23,6.220643438101952e-16
2.154417233809721e-05,25.0,49.99999998246642,1.753358373600857e-08,3.0742655873543026e-18,3.593526208456724e-28,19.999999982466417,1.753358303507603e-08,7.685663758210439e-18,4500.0,6.917097206085579e-16,1.819222574079394e-23,6.917097569930086e-16
2.2718210067158206e-05,25.0,49.99999998151094,1.848906666202059e-08,3.4184558615904976e-18,4.2136038890548255e-28,19.999999981510932,1.8489065882612677e-08,8.546139407534316e-18,4500.0,7.69152526005512e-16,2.1331368821714276e-23,7.691525686682489e-16
2.395622633146426e-05,25.0,49.99999998050338,1.949661810039665e-08,3.801181175009354e-18,4.940678515735393e-28,19.999999980503382,1.9496617233727376e-08,9.502952648556892e-18,4500.0,8.55265714130406e-16,2.501218390079847e-23,8.55265764154773e-16
2.5261707605828567e-05,25.0,49.99999997944093,2.0559075495850675e-08,4.2267558541788456e-18,5.793212850228991e-28,19.999999979440926,2.0559074532150368e-08,1.0566889296618267e-17,4500.0,9.51020008273268e-16,2.93281387007214e-23,9.510200669295445e-16
2.6638330358576627e-05,25.0,49.999999978320574,2.1679430918072863e-08,4.6999772513528e-18,6.792855479499614e-28,19.999999978320567,2.1679429846478087e-08,1.1749942731086847e-17,4500.0,1.0574948124710426e-15,3.4388829182745933e-23,1.0574948812486998e-15
2.808997140513732e-05,25.0,49.99999997713916,2.286083948793207e-08,5.226179823319439e-18,7.9649905407820225e-28,19.99999997713916,2.2860838296363117e-08,1.3065449092448551e-17,4500.0,1.175890379242926e-15,4.032276087542847e-23,1.1758904598884476e-15
2.9620718825847405e-05,25.0,49.99999997589337,2.4106628262859317e-08,5.81129526483869e-18,9.339382257507638e-28,19.999999975893374,2.4106626937884052e-08,1.4528237615862604e-17,4500.0,1.3075413396072614e-15,4.728057449084412e-23,1.3075414341684101e-15
3.123488347871537e-05,25.0,49.9999999745797,2.5420305606435366e-08,6.461919374530969e-18,1.0950930909781098e-27,19.999999974579694,2.5420304133117808e-08,1.6154797795838586e-17,4500.0,1.4539317478986424e-15,5.543899492839806e-23,1.4539318587766323e-15
3.2937011139567255e-05,25.0,49.999999973194434,2.6805571068568747e-08,7.185386406973063e-18,1.2840558899433769e-27,19.99999997319443,2.680556943030072e-08,1.7963465266425018e-17,4500.0,1.6167118109806648e-15,6.500519201938568e-23,1.6167119409910492e-15
3.473189530376298e-05,25.0,49.99999997173368,2.8266325804088748e-08,7.989851749145803e-18,1.505624995649808e-27,19.999999971733676,2.8266323982402633e-08,1.9974628492267543e-17,4500.0,1.797716490436021e-15,7.622208358635486e-23,1.7977166428801885e-15
3.6624590685534875e-05,25.0,49.999999970193315,2.980668355909353e-08,8.88438385321564e-18,1.765426760033538e-27,19.99999997019332,2.980668153345411e-08,2.2210958600491597e-17,4500.0,1.998986187429962e-15,8.937450390224525e-23,1.99898636617897e-15
3.862042745296536e-05,25.0,49.99999996856902,3.1430982255993486e-08,9.879066461975939e-18,2.0700583851226837e-27,19.99999996856902,3.1430980003566444e-08,2.4697664944222065e-17,4500.0,2.222789743420059e-15,1.0479643654196896e-22,2.2227899530129327e-15
4.0725026238691986e-05,25.0,49.9999999668562,3.314379620987506e-08,1.098511227929904e-17,2.427255447200643e-27,19.99999996685621,3.314379370526959e-08,2.7462779278615476e-17,4500.0,2.47165001599088e-15,1.2287949529165212e-22,2.471650261749872e-15
4.29443139686121e-05,25.0,49.99999996505005,3.494994901058829e-08,1.2214989366965466e-17,2.8460883279504798e-27,19.99999996505005,3.4949946225570864e-08,3.053747175281812e-17,4500.0,2.748372318120585e-15,1.4408286847293415e-22,2.748372606286323e-15
4.5284540553164386e-05,25.0,49.99999996314548,3.6854527106836814e-08,1.3582561692697263e-17,3.3371925405986125e-27,19.999999963145473,3.6854524010012924e-08,3.39564022799147e-17,4500.0,3.0560760414650016e-15,1.6894497920052597e-22,3.0560763793549615e-15
4.77522964881925e-05,25.0,49.99999996113711,3.8862894130525337e-08,1.510324541374331e-17,3.9130387997788315e-27,19.999999961137107,3.8862890686985595e-08,3.775811124573364e-17,4500.0,3.3982298201368564e-15,1.980971576642607e-22,3.3982302163311728e-15
5.035453141495769e-05,25.0,49.9999999590193,4.0980706001704125e-08,1.679418265774582e-17,4.588249693058454e-27,19.999999959019295,4.098070217263072e-08,4.1985453960828116e-17,4500.0,3.77869063136853e-15,2.322796726186173e-22,3.778691095927876e-15
5.309857369156937e-05,25.0,49.99999995678608,4.321392685664938e-08,1.8674434759858322e-17,5.379970995434599e-27,19.999999956786073,4.321392259887854e-08,4.6686083753053887e-17,4500.0,4.201747273825838e-15,2.723605291705436e-22,4.201747818546898e-15
5.599215103094996e-05,25.0,49.99999995443115,4.5568845843935536e-08,2.076519713440851e-17,6.3083070556690994e-27,19.999999954431157,4.556884110947092e-08,5.19129891464717e-17,4500.0,4.672168713687902e-15,3.1935751020157713e-22,4.6721693524029244e-15
5.904341226345371e-05,25.0,49.999999951947906,4.805209483579973e-08,2.3090038203277388e-17,7.396831310320228e-27,19.999999951947906,4.80520895712714e-08,5.77250911819966e-17,4500.0,5.195257843480528e-15,3.7446402112652164e-22,5.195258592408572e-15
6.226095028542815e-05,25.0,49.999999949329336,5.067066710467795e-08,2.5675165074350455e-17,8.67318488906382e-27,19.999999949329336,5.067066125074077e-08,6.418790761317584e-17,4500.0,5.776911259666848e-15,4.390793942698775e-22,5.77691213782564e-15
6.565382625834378e-05,25.0,49.99999994656806,5.343193701750781e-08,2.854971896493854e-17,1.016977851181629e-26,19.999999946568064,5.343193050817243e-08,7.137429146433032e-17,4500.0,6.423685732845632e-15,5.148444223851638e-22,6.42368676253448e-15
6.923159512664267e-05,25.0,49.99999994365632,5.634368080326211e-08,3.174610370037271e-17,1.192461550108406e-26,19.99999994365632,5.63436735651511e-08,7.93652522765607e-17,4500.0,7.142872119851431e-15,6.036830236270313e-22,7.142873327217483e-15
7.30043325261678e-05,25.0,49.9999999405859,5.941409845219731e-08,3.53003509908207e-17,1.3982256808467898e-26,19.9999999405859,5.941409040371801e-08,8.82508692992238e-17,4500.0,7.942577550940138e-15,7.078510959832701e-22,7.942578966642333e-15
7.69826631589521e-05,25.0,49.999999937348164,6.265183680848919e-08,3.9252526603960444e-17,1.6394952560446787e-26,19.999999937348164,6.265182785891398e-08,9.813130692095484e-17,4500.0,8.831816818525447e-15,8.299938017372719e-22,8.831818478513055e-15
8.117779071427616e-05,25.0,49.99999993393399,6.606601392128902e-08,4.364718201215144e-17,1.9223968857025864e-26,19.999999933933985,6.606600396973253e-08,1.0911794378681972e-16,4500.0,9.820613997657485e-15,9.732127365970265e-22,9.820615944082965e-15
8.560152942025772e-05,25.0,49.99999993033376,6.966624472277736e-08,4.8533856605362466e-17,2.2541143514930917e-26,19.999999930333757,6.966623365705923e-08,1.2133462832972446e-16,4500.0,1.0920115443773324e-14,1.141144689130136e-21,1.0920117726062708e-14
9.026633731482659e-05,25.0,49.99999992653733,7.34626681055282e-08,5.3967636131122026e-17,2.6430710260668554e-26,19.999999926537335,7.346265580090854e-08,1.3491907486922441e-16,4500.0,1.2142715441500312e-14,1.3380539904593075e-21,1.2142718117608297e-14
9.518535132978367e-05,25.0,49.99999992253402,7.746597547543973e-08,6.000977365658862e-17,3.0991437695578114e-26,19.999999922534027,7.746596179321295e-08,1.5002441601544876e-16,4500.0,1.3502195920904339e-14,1.5689407992732187e-21,1.3502199058785944e-14
0.0001003724242867466,25.0,49.99999991831256,8.16874408606413e-08,6.67283800526251e-17,3.633913734807292e-26,19.99999991831256,8.168742564657253e-08,1.6682092887781982e-16,4500.0,1.501388181615153e-14,1.839668071856368e-21,1.501388549548768e-14
0.00010584216390916771,25.0,49.999999913861046,8.613895266116751e-08,7.419919178345741e-17,4.260960450057703e-26,19.99999991386105,8.613893574375401e-08,1.8549795453747952e-16,4500.0,1.6694813817882335e-14,2.157110441314046e-21,1.669481813210322e-14
0.00011160997396029144,25.0,49.99999990916695,9.083304712881418e-08,8.250642465694001e-17,4.9962066468207706e-26,19.999999909166956,9.083302831735196e-08,2.062660324209364e-16,4500.0,1.8563940466670598e-14,2.5293287865135275e-21,1.8563945525328176e-14
0.00011769209762290185,25.0,49.999999904217056,9.578294367146007e-08,9.174372315945067e-17,5.8583225892082e-26,19.99999990421706,9.578292275389426e-08,2.293592736349378e-16,4500.0,2.0642331752963674e-14,2.965774923606758e-21,2.0642337684513527e-14
0.0001241056632430245,25.0,49.99999989899742,1.0100258208127751e-07,1.0201521607692805e-16,6.869200171945866e-26,19.99999989899742,1.0100255882181183e-07,2.550380000162909e-16,4500.0,2.295341663133371e-14,3.477531617908845e-21,2.2953423586396953e-14
0.0001308687325664068,25.0,49.99999989349334,1.0650666179167393e-07,1.1343669030169547e-16,8.054508825944189e-26,19.99999989349334,1.0650663592811274e-07,2.835916786456705e-16,4500.0,2.5523247126447648e-14,4.077594010804012e-21,2.552325528163568e-14
0.00013800035160361904,25.0,49.99999988768931,1.1231068327351917e-07,1.2613689605697782e-16,9.444347347653858e-26,19.99999988768932,1.1231065451431178e-07,3.153421849050997e-16,4500.0,2.8380792007920644e-14,4.781199608011079e-21,2.838080157031986e-14
0.00014552060426701945,25.0,49.99999988156901,1.1843099168723557e-07,1.402589982524409e-16,1.1074008204249015e-25,19.99999988156901,1.1843095970818974e-07,3.506474308623271e-16,4500.0,3.155826334453506e-14,5.606215208669197e-21,3.155827455696549e-14
0.00015345066893063703,25.0,49.99999987511518,1.2488482291368572e-07,1.5596219033137266e-16,1.2984873722803539e-25,19.99999987511518,1.2488478735431308e-07,3.8990539988353894e-16,4500.0,3.509147961894489e-14,6.573590600615143e-21,3.509149276612611e-14
0.00016181287807225442,25.0,49.99999986830965,1.3169035209348762e-07,1.7342348880183142e-16,1.5225466920584064e-25,19.99999986830965,1.316903125529401e-07,4.335586329550837e-16,4500.0,3.902026949611539e-14,7.707890542631259e-21,3.902028491189649e-14
0.00017063078116565073,25.0,49.99999986113326,1.388667448114513e-07,1.92839728680868e-16,1.7852683660417755e-25,19.999999861133254,1.388667008440025e-07,4.820992172868204e-16,4500.0,4.338892079701992e-14,9.037918542400349e-21,4.338893887285703e-14
0.0001799292110001253,25.0,49.99999985356579,1.4643421107028512e-07,2.1442978234576547e-16,2.0933237419521276e-25,19.999999853565793,1.464341621803057e-07,5.360743334317685e-16,4500.0,4.824667973869962e-14,1.0597448269892566e-20,4.824670093359618e-14
0.00018973435361406438,25.0,49.99999984558594,1.5441406220556643e-07,2.384370268046062e-16,2.4545353359113694e-25,19.99999984558594,1.544140078419372e-07,5.96092423452617e-16,4500.0,5.3648306068418076e-14,1.2426081179117179e-20,5.364833092058046e-14
0.00020007382203950043,25.0,49.99999983717123,1.628287709022635e-07,2.6513208719884076e-16,2.8780754712687094e-25,19.99999983717123,1.628287104521626e-07,6.628300496665286e-16,4500.0,5.96546903497192e-14,1.457025211600923e-20,5.965471949022344e-14
0.00021097673406534042,25.0,49.999999828297966,1.7170203448182387e-07,2.948158874643843e-16,3.3746991933717446e-25,19.999999828297966,1.717019672638191e-07,7.370395212842594e-16,4500.0,6.633354035880517e-14,1.7084408448063495e-20,6.633357452762208e-14
0.00022247379423825657,25.0,49.99999981894116,1.8105884163805662e-07,3.2782304254025416e-16,3.957017374736129e-25,19.99999981894116,1.8105876689442357e-07,8.195573749157781e-16,4500.0,7.376014432870239e-14,2.0032392657602236e-20,7.376018439348773e-14
0.00023459738033217145,25.0,49.99999980907446,1.909255428097494e-07,3.645256303639198e-16,4.639816945632052e-25,19.999999809074456,1.9092545969792984e-07,9.113138045399126e-16,4500.0,8.201821964495854e-14,2.3489063507159788e-20,8.20182666230856e-14
0.00024738163452985067,25.0,49.999999798670075,2.0132992438820254e-07,4.0533738617372477e-16,5.440436381771346e-25,19.99999979867008,2.0132983197130685e-07,1.013343147238443e-15,4500.0,9.120085655986876e-14,2.75421969435781e-20,9.120091164426266e-14
0.00026086255957338264,25.0,49.99999978769871,2.1230128696865962e-07,4.50718366399254e-16,6.379205983934336e-25,19.999999787698716,2.1230118420490537e-07,1.1267955428962702e-15,4500.0,1.0141156756333062e-13,3.2294715010871535e-20,1.014116321527607e-13
0.0002750781201543289,25.0,49.99999977612947,2.23870527866007e-07,5.011801347140357e-16,7.479964129651509e-25,19.999999776129474,2.2387041359697526e-07,1.252949899302975e-15,4500.0,1.1276545423945189e-13,3.786729937111706e-20,1.1276552997405068e-13
0.0002900683498290735,25.0,49.99999976392977,2.3607022812712027e-07,5.572915287111056e-16,8.770662606229528e-25,19.999999763929775,2.3607010106469748e-07,1.393228308806325e-15,4500.0,1.2539050476239614e-13,4.440145579905819e-20,1.253905935653078e-13
0.00030587546376046324,25.0,49.99999975106525,2.4893474428489826e-07,6.196850722071003e-16,1.0284076396472407e-24,19.99999975106526,2.489346029967554e-07,1.5492120790309962e-15,4500.0,1.3942903665758533e-13,5.2063107467780554e-20,1.3942914078380033e-13
0.0003225439776032431,25.0,49.9999997374997,2.6250030511238234e-07,6.890641054584889e-16,1.205863540524887e-24,19.9999997374997,2.6250014800582937e-07,1.7226595583729836e-15,4500.0,1.5503930109251855e-13,6.104639706417411e-20,1.5503942318531266e-13
0.0003401208328680882,25.0,49.99999972319489,2.768051136494381e-07,7.662107136665169e-16,1.413940184369438e-24,19.999999723194886,2.7680493895346937e-07,1.9155259571977986e-15,4500.0,1.723972667786791e-13,7.15797878382508e-20,1.7239740993825474e-13
0.00035865552911727597,25.0,49.99999970811054,2.9188945478932134e-07,8.519945431457025e-16,1.65792131755628e-24,19.999999708110547,2.918892605346522e-07,2.129985388200961e-15,4500.0,1.9169860359936045e-13,8.393084540862486e-20,1.9169877146105124e-13
0.0003782002633642914,25.0,49.99999969220419,3.077958087281146e-07,9.47382604537768e-16,1.9440024071744278e-24,19.999999692204195,3.077955927249824e-07,2.3684553743632085e-15,4500.0,2.1316088831886774e-13,9.841321751535714e-20,2.131610851453027e-13
0.0003988100770699359,25.0,49.99999967543103,3.245689705965279e-07,1.0534501735790161e-15,2.2794479735320892e-24,19.99999967543103,3.245687304100075e-07,2.633624100776467e-15,4500.0,2.3702605723906365e-13,1.1539467288427512e-19,2.3702628802840936e-13
0.00042054301114890526,25.0,49.99999965774382,3.422561766109633e-07,1.1713929123016078e-15,2.672776059666481e-24,19.999999657743825,3.422559095335191e-07,2.928480717539158e-15,4500.0,2.635631334508956e-13,1.353064399772361e-19,2.635634040637755e-13
0.0004434602694233692,25.0,49.99999963909276,3.609072370991155e-07,1.3025403473067833e-15,3.1339745318231207e-24,19.999999639092767,3.6090694012008014e-07,3.256349035312742e-15,4500.0,2.930712594238725e-13,1.586541571754259e-19,2.9307157673218687e-13
0.0004676263909838587,25.0,49.99999961942532,3.805746767747216e-07,1.44837085704575e-15,3.6747547034685785e-24,19.999999619425324,3.805743465463583e-07,3.620924993375602e-15,4500.0,3.2588306911847143e-13,1.8603071245425092e-19,3.258834411798963e-13
0.0004931094319428673,25.0,49.99999959868612,4.013138826565083e-07,1.6105283370545727e-15,4.308848723165457e-24,19.99999959868612,4.013135154562727e-07,4.02631832253633e-15,4500.0,3.6236843763374316e-13,2.1813129858844876e-19,3.623688738963403e-13
0.0005199811570930149,25.0,49.999999576816734,4.231832600478973e-07,1.7908407310043126e-15,5.052358277943318e-24,19.99999957681674,4.231828517364748e-07,4.477098872555135e-15,4500.0,4.029386506581306e-13,2.557710661852287e-19,4.0293916220026286e-13
0.0005483172420095132,25.0,49.9999995537556,4.462443970167338e-07,1.9913406364603164e-15,5.924163466864437e-24,19.999999553755604,4.4624394299137833e-07,4.978348126302928e-15,4500.0,4.480510407237271e-13,2.999058228101853e-19,4.480516405353726e-13
0.0005781974861660954,25.0,49.99999952943776,4.705622378382462e-07,2.2142882176321033e-15,6.946402227398281e-24,19.999999529437765,4.705617329808956e-07,5.53571648135563e-15,4500.0,4.982141425262424e-13,3.5165630382053504e-19,4.9821484583885e-13
0.0006097060376645825,25.0,49.99999950379473,4.96205265889683e-07,2.4621966834010987e-15,8.145032488780898e-24,19.999999503794736,4.962047045092649e-07,6.155486944734725e-15,4500.0,5.539934254240732e-13,4.123366312170141e-19,5.539942500973356e-13
0.0006429316302109579,25.0,49.9999994767543,5.232456965116837e-07,2.737860617830916e-15,9.550491327239169e-24,19.999999476754308,5.232450722799619e-07,6.844645958797443e-15,4500.0,6.1601766773608e-13,4.834876831726499e-19,6.160186347114463e-13
0.0006779678330053239,25.0,49.99999944824032,5.517596803795233e-07,3.0443874825199986e-15,1.1198467861149541e-23,19.99999944824032,5.517589862597626e-07,7.61096215666632e-15,4500.0,6.849860446923291e-13,5.669162215941061e-19,6.849871785247722e-13
0.0007149133142494773,25.0,49.99999941817248,5.818275179569585e-07,3.385232645911428e-15,1.3130809512422974e-23,19.999999418172482,5.818267461246015e-07,8.463073934973678e-15,4500.0,7.616760099366319e-13,6.647407712857832e-19,7.616773394181741e-13
0.000753872119014175,25.0,49.999999386466115,6.13533885636607e-07,3.764238334432733e-15,1.5396584647004476e-23,19.99999938646612,6.135330273910712e-07,9.410586831089633e-15,4500.0,8.469520594249337e-13,7.79445415731215e-19,8.469536183157648e-13
0.0007949539622486299,25.0,49.99999935303192,6.469680742037217e-07,4.185676944548163e-15,1.8053328578345004e-23,19.999999353031928,6.469671198703218e-07,1.0464181802524043e-14,4500.0,9.417754765103563e-13,9.13942875534152e-19,9.417773043961072e-13
0.0008382745377573966,25.0,49.99999931777575,6.822242402949132e-07,4.6542992039646935e-15,2.116850457387769e-23,19.99999931777576,6.822231791158009e-07,1.1635735629087002e-14,4500.0,1.0472151680659662e-12,1.0716484712776062e-18,1.047217311362909e-12
0.0008839558440147748,25.0,49.999999280598324,7.194016715599622e-07,5.175387724895814e-15,2.4821216964147527e-23,19.999999280598335,7.194004915728579e-07,1.2938454795046388e-14,4500.0,1.1644597137949045e-12,1.2565668489487758e-18,1.1644622269286022e-12
0.0009321265277342936,25.0,49.99999924139493,7.586050662734795e-07,5.754816553070074e-15,2.9104219855941276e-23,19.999999241394935,7.58603754176826e-07,1.4387024360474375e-14,4500.0,1.2948307645530254e-12,1.4733936701596102e-18,1.2948337113403652e-12
0.0009829222461608265,25.0,49.999999200055164,7.999448281838407e-07,6.399117383759111e-15,3.4126272457099223e-23,19.999999200055175,7.999433691868603e-07,1.5997773499939953e-14,4500.0,1.4397979407156669e-12,1.7276348493961185e-18,1.4398013959853651e-12
0.0010364860491056053,25.0,49.999999156462614,8.435373774297368e-07,7.115553191254677e-15,4.001490082227393e-23,19.99999915646263,8.435357550856999e-07,1.7788859574586246e-14,4500.0,1.6009953985291149e-12,2.0257463661039646e-18,1.6009994500218468e-12
0.0010929687818000285,25.0,49.999999110494514,8.895054783999471e-07,7.91220010179374e-15,4.6919636149237796e-23,19.999999110494528,8.895036744207755e-07,1.978047281254925e-14,4500.0,1.7802402511894183e-12,2.375298201878161e-18,1.7802450017858215e-12
0.001152529509702765,25.0,49.9999990620214,9.3797858545964e-07,8.798038432855808e-15,5.501581185648903e-23,19.99999906202142,9.379765795097518e-07,2.1995063904980388e-14,4500.0,1.979553052298127e-12,2.7851665656372847e-18,1.9795586226312586e-12
0.001215335966456476,25.0,49.999999010906784,9.890932075168182e-07,9.783053925085888e-15,6.450901586215812e-23,19.999999010906798,9.890909769838936e-07,2.44575970832499e-14,4500.0,2.201180572592166e-12,3.26575928798413e-18,2.2011871041107417e-12
0.0012815650262557041,25.0,49.9999989570067,1.042993292455612e-06,1.0878350307994749e-14,7.564031112188787e-23,19.999998957006714,1.042990812195694e-06,2.7195831530144148e-14,4500.0,2.4476211266954665e-12,3.829280108225665e-18,2.4476287852556823e-12
0.0013514032019561746,25.0,49.99999890016936,1.0998306325190239e-06,1.209627446834895e-14,8.869235699191734e-23,19.999998900169373,1.0998278745730793e-06,3.02406342972605e-14,4500.0,2.7216527353841853e-12,4.490038565132762e-18,2.721661715461315e-12
0.0014250471703282958,25.0,49.999998840234696,1.1597652917827771e-06,1.3450555632229654e-14,1.0399658685845503e-22,19.999998840234717,1.1597622250615265e-06,3.3626328255956444e-14,4500.0,3.026364440819985e-12,5.264813360544267e-18,3.0263749704467058e-12
0.0015027043259340609,25.0,49.99999877703393,1.2229660569240995e-06,1.4956460129709736e-14,1.2194162429641824e-22,19.99999877703395,1.2229626468575607e-06,3.739107900411991e-14,4500.0,3.365191127746458e-12,6.173278422765045e-18,3.3652034743033033e-12
0.0015845933651871505,25.0,49.99999871038907,1.2896109125548734e-06,1.663096348675573e-14,1.429831514708535e-22,19.999998710389097,1.2896071207026688e-06,4.1577325090152495e-14,4500.0,3.741952243163463e-12,7.23850248885448e-18,3.74196672016844e-12
0.0016709449022410785,25.0,49.99999864011244,1.3598875424577923e-06,1.8492941784285596e-14,1.6765548037147087e-22,19.99999864011247,1.3598833260758253e-06,4.6232256403846214e-14,4500.0,4.160894850938334e-12,8.487534891780776e-18,4.160911826008117e-12
0.001762002118439825,25.0,49.99999856600612,1.4339938581370852e-06,2.0563384441504467e-14,1.9658512071112514e-22,19.999998566006152,1.4339891696957035e-06,5.1408346126787416e-14,4500.0,4.626741506676586e-12,9.952092427431813e-18,4.62676141086144e-12
0.0018580214471599027,25.0,49.99999848786142,1.5121385561722797e-06,2.286563082214826e-14,2.3050668902078596e-22,19.999998487861458,1.5121333428204955e-06,5.71639422386611e-14,4500.0,5.144743492508777e-12,1.1669364743212373e-17,5.144766831238264e-12
0.00195927329597253,25.0,49.99999840545827,1.5945417059446354e-06,2.5425633330813338e-14,2.7028156292405655e-22,19.999998405458307,1.5945359089143572e-06,6.356392524716474e-14,4500.0,5.7207400118675705e-12,1.368295869959874e-17,5.72076737778497e-12
0.00206604280815963,25.0,49.9999983185646,1.6814353693913764e-06,2.8272249965162783e-14,3.169197542832239e-22,19.999998318564646,1.6814289233349421e-06,7.06804395557311e-14,4500.0,6.361224011509663e-12,1.6044005684987338e-17,6.361256099521034e-12
0.0021786306657282056,25.0,49.999998226935716,1.7730642545330359e-06,3.1437569621844946e-14,3.7160555664630776e-22,19.999998226935762,1.7730570867865768e-06,7.859370671332416e-14,4500.0,7.07341537273913e-12,1.8812460002077285e-17,7.073452997659135e-12
0.0022973539361845563,25.0,49.999998130313564,1.8696864046143895e-06,3.495727382318201e-14,4.357276182662323e-22,19.999998130313614,1.8696784343787226e-06,8.739292971357192e-14,4500.0,7.865342296853971e-12,2.2058621295943188e-17,7.865386414096562e-12
0.002422546965452985,25.0,49.999998028426035,1.971573924799702e-06,3.88710389422439e-14,5.109142043427279e-22,19.999998028426095,1.9715650622295163e-06,9.717729853682714e-14,4500.0,8.745931802201578e-12,2.5864919683087255e-17,8.745983532040943e-12
0.0025545623194535945,25.0,49.99999792098621,2.079013748468763e-06,4.322298346044521e-14,5.990745439086015e-22,19.999997920986274,2.0790038936598335e-06,1.0805710826997745e-13,4500.0,9.725110352933135e-12,3.032800891157493e-17,9.725171008950958e-12
0.0026937717769908677,25.0,49.99999780769151,2.192308445271769e-06,4.806216529944127e-14,7.024473112907313e-22,19.999997807691578,2.1922974871347816e-06,1.2015500240783008e-13,4500.0,1.0813915753749692e-11,3.556122070425337e-17,1.0813986876191102e-11
0.002840567376749156,25.0,49.99999768822287,2.3117770732186474e-06,5.3443134833566184e-14,8.236574732458871e-22,19.999997688222955,2.311764888226939e-06,1.33607355350959e-13,4500.0,1.2024621571919444e-11,4.169744260864165e-17,1.2024704966804662e-11
0.0029953625213436016,25.0,49.99999756224387,2.4377560772024472e-06,5.942654981672345e-14,9.65782945302863e-22,19.999997562243955,2.437742527999549e-06,1.4856580968394602e-13,4500.0,1.3370875489049209e-11,4.8892492431270024e-17,1.3370973274034075e-11
0.0031585931415356793,25.0,49.9999974293997,2.5706002364871803e-06,6.607985915544169e-14,1.1324325701080093e-21,19.999997429399798,2.570585170338459e-06,1.651989855707265e-13,4500.0,1.4867853144189595e-11,5.732769514437109e-17,1.4867967799579885e-11
0.0033307189238920803,25.0,49.99999728931626,2.710683663828444e-06,7.347806323636186e-14,1.3278378435662604e-21,19.999997289316376,2.7106669108993993e-06,1.8369438151589303e-13,4500.0,1.6532429197240716e-11,6.721514741762111e-17,1.6532563627535557e-11
0.003512224605344135,25.0,49.99999714159906,2.8584008590404575e-06,8.170455937942301e-14,1.5569612113450868e-21,19.999997141599184,2.8583822304822605e-06,2.0426048789557447e-13,4500.0,1.8383367535126953e-11,7.880958893961049e-17,1.8383525154304835e-11
0.0037036213382935198,25.0,49.99999698583209,3.0141678199765304e-06,9.085208194511863e-14,1.8256208714473014e-21,19.999996985832226,3.0141471057972225e-06,2.2712913720797224e-13,4500.0,2.0441532797215625e-11,9.240558752974055e-17,2.044171760839069e-11
0.003905448130108718,25.0,49.99999682157669,3.1784232140517487e-06,1.0102374769611921e-13,2.140638975534985e-21,19.99999682157684,3.1784001807491055e-06,2.5255811736953533e-13,4500.0,2.2730125561259148e-11,1.0834853789167868e-16,2.2730342258334934e-11
0.0041182733610659735,25.0,49.99999664837027,3.351629613606968e-06,1.1233421819563625e-13,2.5100148651904085e-21,19.99999664837045,3.351604001536348e-06,2.8083407760955e-13,4500.0,2.5274943865409033e-11,1.270434315466448e-16,2.527519795227213e-11
0.004342696385009591,25.0,49.999996465725076,3.5342747985931446e-06,1.2491099234617316e-13,2.94312820079576e-21,19.999996465725268,3.534246319040645e-06,3.1227575969821435e-13,4500.0,2.8104674008776996e-11,1.4896513999128099e-16,2.810497193905698e-11
0.004579349217239408,25.0,49.99999627312673,3.726873130244639e-06,1.388958436389898e-13,3.450977141124764e-21,19.99999627312694,3.7268414621725757e-06,3.47237590930997e-13,4500.0,3.1251213908342163e-11,1.7467047218544302e-16,3.125156324928654e-11
0.004828898314378684,25.0,49.99999607003284,3.929966999609861e-06,1.5444641831586558e-13,4.046457621788851e-21,19.999996070033077,3.929931786037882e-06,3.8611367936970594e-13,4500.0,3.4750032656945927e-11,2.0481231252911806e-16,3.475044228157099e-11
0.005092046451234902,25.0,49.999995855871475,4.1441283550185995e-06,1.717380124586619e-13,4.744690824312517e-21,19.999995855871735,4.144089198999635e-06,4.2934225637487096e-13,4500.0,3.86405703351409e-11,2.401561983157042e-16,3.8641050647537534e-11
0.005369534699939137,25.0,49.9999956300395,4.369960312787704e-06,1.9096554803917697e-13,5.5634071513274255e-21,19.999995630039784,4.3699167729334e-06,4.774106165058096e-13,4500.0,4.296668258335928e-11,2.8159975759249254e-16,4.296724578287446e-11
0.005662144516937457,25.0,49.99999539190093,4.608098855700986e-06,2.12345770204574e-13,6.523396458245698e-21,19.999995391901255,4.608050441206184e-06,5.308606104708766e-13,4500.0,4.777713494534744e-11,3.301955009912409e-16,4.7777795336349437e-11
0.005970699943711743,25.0,49.99999514078514,4.859214624046581e-06,2.361196905675855e-13,7.649035974237872e-21,19.999995140785497,4.859160789156748e-06,5.902947530442179e-13,4500.0,5.3126152554774634e-11,3.871775462566586e-16,5.312692690986714e-11
0.00629606992742767,25.0,49.99999487598494,5.124014804255699e-06,2.625553040438245e-13,8.968909318122087e-21,19.99999487598533,5.123954942114951e-06,6.563830147970141e-13,4500.0,5.907403136067678e-11,4.539929540609401e-16,5.90749393465849e-11
0.006639170768045037,25.0,49.99999459675459,5.403245120461306e-06,2.9195060986210304e-13,1.0516532327962055e-20,19.999994596755027,5.40317855627169e-06,7.298703741987742e-13,4500.0,6.568781778096508e-11,5.323384707838601e-16,6.568888245790665e-11
0.007000968698781979,25.0,49.99999430230774,5.6976919345853365e-06,3.246369708025097e-13,1.2331204135514877e-20,19.99999430230823,5.6976179180002375e-06,8.115852152147766e-13,4500.0,7.304206444444347e-11,6.242036112338092e-16,7.304331285166593e-11
0.007382482607200283,25.0,49.99999399181518,6.008184460868706e-06,3.609828485297204e-13,1.4459005097039198e-20,19.999993991815725,6.008102157534656e-06,9.024486650557068e-13,4500.0,8.121967053931961e-11,7.319211752717701e-16,8.122113438167013e-11
0.0077847869045746245,25.0,49.999993664402496,6.335597101080385e-06,4.01397957128566e-13,1.6953966921126477e-20,19.999993664403103,6.33550558323193e-06,1.0034849773322282e-12,4500.0,9.03128162397124e-11,8.582264810653521e-16,9.031453269267453e-11
0.008209014551626469,25.0,49.99999331914765,6.680851906981912e-06,4.463378816631468e-13,1.9879444706854788e-20,19.99999331914832,6.6807501429835105e-06,1.1158330776503344e-12,4500.0,1.0042400174192496e-10,1.006326819037256e-15,1.0042601439556304e-10
0.008656360249143819,25.0,49.999992955078326,7.044921176982127e-06,4.96309213822829e-13,2.3309725732716493e-20,19.999992955079072,7.044808019699218e-06,1.2407594017854468e-12,4500.0,1.116672026211901e-10,1.1799828901020713e-15,1.1166956258697029e-10
0.009128083802471858,25.0,49.99999257116926,7.428830194294463e-06,5.518752625473408e-13,2.73319158486304e-20,19.999992571170086,7.428704368162594e-06,1.3796721711419032e-12,4500.0,1.2416915453048345e-10,1.3836042960972176e-15,1.2417192173907563e-10
0.009625513669349672,25.0,49.999992166339275,7.83366011430794e-06,6.13662404004749e-13,3.2048151372584873e-20,19.999992166340196,7.83352020095423e-06,1.5341372664042872e-12,4500.0,1.3807078172063357e-10,1.6223615071359239e-15,1.380740264436478e-10
0.010150050701084483,25.0,49.99999173944831,8.260551009303237e-06,6.823671425032907e-13,3.75781926590669e-20,19.99999173944933,8.26039543155808e-06,1.7058958783001698e-12,4500.0,1.5352878548173632e-10,1.9023171490028252e-15,1.5353259011603433e-10
0.010703172087598972,25.0,49.999991289294165,8.710705079087942e-06,7.587639619320659e-13,4.4062465198300215e-20,19.999991289295306,8.71053208320674e-06,1.8968841344232777e-12,4500.0,1.7071741040805334e-10,2.2305799443000994e-15,1.707218715679419e-10
0.011286435517461757,25.0,49.99999081460912,9.185390036592675e-06,8.437140562369776e-13,5.16656254695626e-20,19.99999081461039,9.185197672487217e-06,2.1092549233378817e-12,4500.0,1.8983040839247787e-10,2.615485216292141e-15,1.898356393629104e-10
0.011901483564616596,25.0,49.99999031405638,9.685942677962553e-06,9.381750373473568e-13,6.058074209704627e-20,19.999990314057793,9.685728777219195e-06,2.345402161950043e-12,4500.0,2.1108322248483426e-10,3.066806538896252e-15,2.1108935609791198e-10
0.012550048314163762,25.0,49.99998978622631,1.0213772647197508e-05,1.0432117299870484e-12,7.103419848122426e-20,19.99998978622788,1.0213534798634392e-05,2.6079877796680698e-12,4500.0,2.3471541522581264e-10,3.596003907152753e-15,2.34722607233627e-10
0.013233956240220963,25.0,49.99998922963243,1.0770366405943476e-05,1.1600081750558708e-12,8.329144139927575e-20,19.999989229634174,1.0770101928431292e-05,2.899971723494156e-12,4500.0,2.609933688232122e-10,4.21651472986478e-15,2.6100180185267197e-10
0.013955133349600399,25.0,49.999988642707294,1.1357291419613638e-05,1.289880976891019e-12,9.766372154998456e-20,19.99998864270923,1.1356997331853545e-05,3.224645322235749e-12,4500.0,2.9021328760029765e-10,4.944095033472141e-15,2.9022317579036455e-10
0.014715610605787952,25.0,49.999988023798,1.1976200571628713e-05,1.4342941448671338e-12,1.145159972071938e-19,19.99998802380015,1.1975873558546803e-05,3.5856683858833586e-12,4500.0,3.2270453655208e-10,5.79721954122908e-15,3.2271613099116237e-10
0.015517529648498854,25.0,49.99998737116159,1.2628836818206919e-05,1.5948755966387092e-12,1.3427620168094518e-19,19.999987371163982,1.2628473193586414e-05,3.987110458296613e-12,4500.0,3.588333536324367e-10,6.797550786765993e-15,3.588469487340102e-10
0.016363148824917354,25.0,49.99998668296013,1.3317038096812209e-05,1.7734355090596633e-12,1.5744610991689917e-19,19.999986682962792,1.3316633761742226e-05,4.433496688147987e-12,4500.0,3.990069776059759e-10,7.970489174095963e-15,3.99022918584324e-10
0.01725484954960574,25.0,49.999985957255525,1.4042742502083828e-05,1.9719867236430834e-12,1.8461408017189763e-19,19.999985957258485,1.4042292898756361e-05,4.929858835120353e-12,4500.0,4.436782379807628e-10,9.345817951590381e-15,4.4369692961666595e-10
0.018195143010992797,25.0,49.99998519200406,1.4807993743822691e-05,2.1927674365839947e-12,2.1646999431771205e-19,19.999985192007355,1.480749380415704e-05,5.481791986226278e-12,4500.0,4.933506587441481e-10,1.0958459477586978e-14,4.933725756631033e-10
0.019186677243328613,25.0,49.99998438505066,1.5614946902405047e-05,2.4382664291211344e-12,2.5382277615527237e-19,19.99998438505432,1.561439099092065e-05,6.095517621467102e-12,4500.0,5.485841334127123e-10,1.2849361981312775e-14,5.486098321366746e-10
0.02023224458402196,25.0,49.99998353412279,1.646587449783164e-05,2.711251122649983e-12,2.9762093258564736e-19,19.99998353412686,1.6465256348125418e-05,6.777953739602315e-12,4500.0,6.100012353438496e-10,1.5066539336462786e-14,6.100313684225222e-10
0.021334789537360843,25.0,49.9999826368241,1.736317288950283e-05,3.014798774841372e-12,3.489766392440555e-19,19.99998263682862,1.736248553361506e-05,7.536792834359941e-12,4500.0,6.782942344131698e-10,1.7666290250214494e-14,6.7832956699367e-10
0.022497417066762112,25.0,49.99998169062762,1.8309369024742293e-05,3.352331168427453e-12,4.0919398220851667e-19,19.999981690632655,1.8308604714614915e-05,8.380588599884733e-12,4500.0,7.542328991194251e-10,2.0714627826347374e-14,7.542743283750775e-10
0.023723401338902956,25.0,49.99998069286872,1.9307127555074098e-05,3.727653183688346e-12,4.79802072930858e-19,19.99998069287431,1.930627767521624e-05,9.318852342588028e-12,4500.0,8.386731720265307e-10,2.428895580316033e-14,8.387217499381367e-10
0.02501619494435871,25.0,49.99997964073752,2.0359258340292656e-05,4.144995689451788e-12,5.625938772845008e-19,19.999979640743735,2.0358313310669025e-05,1.0362160185938329e-11,4500.0,9.325668162899451e-10,2.8480034030684943e-14,9.326237763580064e-10
0.026379438620714096,25.0,49.999978531271026,2.1468724361457807e-05,4.609063236099227e-12,6.5967174472328395e-19,19.999978531277947,2.1467673529505477e-05,1.1522272276349555e-11,4500.0,1.0369721419531674e-09,3.3394283096345755e-14,1.0370389305193598e-09
0.0278169715055305,25.0,49.99997736134481,2.2638650065099087e-05,5.125087088202928e-12,7.7350079368294805e-19,19.9999773613525,2.2637481585655577e-05,1.2812265333552224e-11,4500.0,1.1530659328623097e-09,3.9156486620217485e-14,1.1531442458355498e-09
0.029332841948042594,25.0,49.99997612766414,2.3872330162126315e-05,5.698884194609642e-12,9.069715088520639e-19,19.999976127672692,2.3871030863915823e-05,1.4246680039193684e-11,4500.0,1.2821567085693986e-09,4.591295983905428e-14,1.2822485344890764e-09
0.03093131891003231,25.0,49.99997482675476,2.5173238906225116e-05,6.336922760717087e-12,1.0634731398582061e-18,19.999974826764266,2.517179414339809e-05,1.5841684924603354e-11,4500.0,1.4256994706306657e-09,5.3835264938751004e-14,1.425807141160543e-09
0.03261690398798766,25.0,49.99997345495308,2.6545039877866665e-05,7.04639515791502e-12,1.246974179995967e-18,19.999973454963648,2.654343336489723e-05,1.761525885409229e-11,4500.0,1.5853121638330814e-09,6.308196011440786e-14,1.5854383277533105e-09
0.03439434409040194,25.0,49.999972008395865,2.799159630148169e-05,7.835299012498127e-12,1.4621392246654676e-18,19.99997200840762,2.7989809929648508e-05,1.9587392945911866e-11,4500.0,1.7627937243716134e-09,7.392533880578635e-14,1.7629415750492251e-09
0.03626864480591524,25.0,49.99997048300936,2.9516981924855384e-05,8.712527349106708e-12,1.714433034456435e-18,19.999970483022434,2.9514995558116573e-05,2.1780316525795356e-11,4500.0,1.960144517011783e-09,8.664859559469919e-14,1.960317814202972e-09
0.038245084499946055,25.0,49.999968874497824,3.112549249137808e-05,9.687968840707777e-12,2.0102623545265774e-18,19.999968874512355,3.112328373940919e-05,2.4218747527663458e-11,4500.0,2.1795888412594136e-09,1.0157629784756057e-13,2.1797919938551087e-09
0.04032922917951044,25.0,49.99996717833139,3.282165783745802e-05,1.0772619280450764e-11,2.3571394372139773e-18,19.99996717834755,3.281920180328638e-05,2.6930171039212716e-11,4500.0,2.423599986206092e-09,1.1908899569362705e-13,2.423838164197479e-09
0.04252694816809118,25.0,49.999965389733376,3.461025464916306e-05,1.1978705533020776e-11,2.763872801190662e-18,19.999965389751342,3.460752364855123e-05,2.9945149068741334e-11,4500.0,2.6949281001865666e-09,1.3963287716823274e-13,2.6952073659409026e-09
0.04484443063470096,25.0,49.99996350366677,3.649631991401491e-05,1.3319823363369557e-11,3.2407909068014326e-18,19.999963503686747,3.64932831634308e-05,3.3297664986173715e-11,4500.0,2.9966311795001233e-09,1.6373108871125598e-13,2.996958641677545e-09
0.04728820302368701,25.0,49.999961514820086,3.848516510581487e-05,1.4811090696508194e-11,3.80000442739953e-18,19.9999615148423,3.848178837547243e-05,3.7025506519173414e-11,4500.0,3.332109525197611e-09,1.9199700830156989e-13,3.332493519214213e-09
0.04986514743436318,25.0,49.99995941759239,4.0582391142446264e-05,1.6469318035994056e-11,4.4557137765646e-18,19.99995941761709,4.0578636370506695e-05,4.11706916195325e-11,4500.0,3.7051440559745923e-09,2.2514980807003145e-13,3.7055943555907317e-09
0.05258252100223083,25.0,49.99995720607753,4.279390415877503e-05,1.8313197962166472e-11,5.224569700277637e-18,19.999957206104998,4.2789729022361325e-05,4.5779941997908533e-11,4500.0,4.1199389086142905e-09,2.640327013463385e-13,4.120466974016983e-09
0.0554479763363676,25.0,49.9999548740475,4.512593213906324e-05,2.0363515846261247e-11,6.1260960906133134e-18,19.999954874078043,4.5121289577253985e-05,5.090520966188187e-11,4500.0,4.58116880567907e-09,3.0963433723419e-13,4.581788074353538e-09
0.05846958307054049,25.0,49.9999524149349,4.7585042455732614e-05,2.2643384155691816e-11,7.183185757510806e-18,19.999952414968863,4.757988013916004e-05,5.660426238927638e-11,4500.0,5.094031723799144e-09,3.631138857046584e-13,5.094757951570552e-09
0.06165585058873573,25.0,49.99994982181446,5.0178160363866995e-05,2.5178502991717003e-11,8.422681747820302e-18,19.999949821852226,5.01724201049428e-05,6.294133473243469e-11,4500.0,5.664307455553685e-09,4.258304498779151e-13,5.66515911645344e-09
0.06501575198910294,25.0,49.999947087383504,5.2912588503531684e-05,2.799744979641808e-11,9.876058973136665e-18,19.99994708742549,5.2906205600655355e-05,6.998785188712562e-11,4500.0,6.298422724251906e-09,4.993775520068251e-13,6.299421479355919e-09
0.06855874935380094,25.0,49.99994420394141,5.579602746482755e-05,3.113200149472039e-11,1.1580223455089484e-17,19.999944203988097,5.578892997318794e-05,7.782323458030454e-11,4500.0,7.003523584645696e-09,5.856235684714303e-13,7.004694831782639e-09
0.07229482039591116,25.0,49.999941163367914,5.883659747359012e-05,3.461749270281952e-11,1.357844948343837e-17,19.99994116341983,5.8828705394344484e-05,8.653579404326314e-11,4500.0,7.787555924567493e-09,6.867591401109297e-13,7.788929442847716e-09
0.07623448655845852,25.0,49.99993795710026,6.204286125879674e-05,3.8493214040926714e-11,1.5921478484363358e-17,19.99993795715798,6.203408563749195e-05,9.622372715104511e-11,4500.0,8.659354973606065e-09,8.053527612935966e-13,8.660965679128654e-09
0.08038884264467273,25.0,49.999934576109034,6.542384816607447e-05,4.280285504032559e-11,1.8668807502675233e-17,19.999934576173228,6.541409009015251e-05,1.0699622293679725e-10,4500.0,9.628744826233037e-09,9.44415958751278e-13,9.630633658150538e-09
0.08476958806293593,25.0,49.99993101087282,6.89890795852103e-05,4.7594996637421234e-11,2.1890200016570255e-17,19.999931010944202,6.897822906930427e-05,1.189746929436346e-10,4500.0,1.0706649099408856e-08,1.107479714655179e-12,1.0708864058838167e-08
0.08938905977440449,25.0,49.999927251351316,7.274859576326163e-05,5.29236588064251e-11,2.5667457449278846e-17,19.999927251430687,7.273653050972377e-05,1.3229413927070293e-10,4500.0,1.1905213969889766e-08,1.298684073864537e-12,1.1907811338037496e-08
0.09426026703609458,25.0,49.99992328695708,7.671298407876988e-05,5.884890950387171e-11,3.0096496361882984e-17,19.99992328704533,7.669956809946892e-05,1.471046757201353e-10,4500.0,1.3237944975634086e-08,1.5228832099879277e-12,1.3240990742054064e-08
0.09939692803727147,25.0,49.99991910652571,8.089340885669087e-05,6.54375417892921e-11,3.5289784073789504e-17,19.999919106623842,8.087849094055295e-05,1.6357321917488448e-10,4500.0,1.471985912042154e-08,1.7857686173559359e-12,1.4723430657656254e-08
0.10481350853232065,25.0,49.99991469828443,8.530164280799663e-05,7.276382675488496e-11,4.137919455896768e-17,19.999914698393553,8.528505481702744e-05,1.8188537025338303e-10,4500.0,1.6367653992790592e-08,2.0940135561793452e-12,1.637184201990295e-08
0.11052526257889417,25.0,49.99991004981891,8.995010018247316e-05,8.091035075156937e-11,4.851935713819231e-17,19.999910049940247,8.993165515706741e-05,2.0224750441710325e-10,4500.0,1.8199895801586795e-08,2.455442417742092e-12,1.8204806686422283e-08
0.1165482754960594,25.0,49.99990514803831,9.485187172806447e-05,8.996894634902925e-11,5.689158300119435e-17,19.999905148173227,9.483136178026146e-05,2.2488909707534046e-10,4500.0,2.0237228442944664e-08,2.879229309154199e-12,2.0242986901562976e-08
0.12289950916343043,25.0,49.99989997913841,0.00010002076155520142,1.000417275239695e-10,6.67084692655659e-17,19.99989997928843,9.999795552615824e-05,2.50065308864492e-10,4500.0,2.2502605949771863e-08,3.3761308990306402e-12,2.250935821156993e-08
0.12959684978884856,25.0,49.999894528562756,0.00010547132600991098,1.112422407456921e-10,7.82192974840729e-17,19.999894528729566,0.00010544596686520993,2.7805986020626924e-10,4500.0,2.502155093740669e-08,3.958759435303012e-12,2.50294684562773e-08
0.13665915827913586,25.0,49.99988878096164,0.0001112189146651607,1.2369674493454277e-10,9.171636368561064e-17,19.999888781147135,0.00011119071659861686,3.0918822750359535e-10,4500.0,2.7822441951019606e-08,4.641902866299655e-12,2.7831725756752214e-08
0.14410632335577725,25.0,49.99988272014892,0.00011727971354585868,1.375456347214831e-10,1.075424006896521e-16,19.999882720355167,0.00011724835875921191,3.438011969508774e-10,4500.0,3.093683294478484e-08,5.442900192143183e-12,3.094771874516914e-08
0.15195931756511027,25.0,49.99987632905635,0.0001236707907092098,1.5294502305236343e-10,1.2609928117032931e-16,19.99987632928569,0.00012363592583143726,3.8228881595742995e-10,4500.0,3.439980848347728e-08,6.382081575776855e-12,3.441257264662885e-08
0.16024025634075856,25.0,49.99986958968563,0.00013041014430876545,1.700685009766668e-10,1.4785822246862064e-16,19.99986958994064,0.00013037137641469534,4.2508478665430933e-10,4500.0,3.825037865798968e-08,7.483284387151047e-12,3.826534522676401e-08
0.16897246028464274,25.0,49.99986248305761,0.00013751675327749682,1.8910909445777006e-10,1.733717522852968e-16,19.999862483341175,0.00013747364546089398,4.726713509257181e-10,4500.0,4.253191815177805e-08,8.774458282025731e-12,4.254946706834212e-08
0.17818052084195804,25.0,49.999854989158955,0.0001450106307725854,2.102814402626312e-10,2.0328773910164383e-16,19.99985498947425,0.00014496269722386694,5.255847219321621e-10,4500.0,4.729265439039424e-08,1.0288374677426669e-11,4.7313231139749106e-08
0.1878903695550727,25.0,49.999847086885644,0.00015291288053240746,2.338242054583425e-10,2.3836584360502785e-16,19.999847087236244,0.0001528595810655718,5.844211232357291e-10,4500.0,5.2586210256583074e-08,1.2063458636435116e-11,5.261033717385598e-08
0.19812935109138308,25.0,49.9998387539837,0.0001612457563043841,2.6000277778898563e-10,2.7949680887342546e-16,19.999838754373535,0.000161186490271542,6.498435034669165e-10,4500.0,5.847220746502443e-08,1.414476428299588e-11,5.850049699359044e-08
0.2089263002507772,25.0,49.99982996698638,0.00017003272451100593,2.8911225725961746e-10,3.2772507915816694e-16,19.999829967419856,0.00016996682403601048,7.225890020637855e-10,4500.0,6.50169373704906e-08,1.6585118511712403e-11,6.505010760751405e-08
0.2203116231695781,25.0,49.999820701148195,0.00017929853033046275,3.2148078264949623e-10,3.8427532162792345e-16,19.999820701630185,0.00017922525278548022,8.034772500530296e-10,4500.0,7.229410673854129e-08,1.944646203070161e-11,7.233299966260273e-08
0.23231738294965393,25.0,49.99981093037515,0.00018906926737791944,3.57473230452036e-10,4.505835245456377e-16,19.9998109309111,0.00018898778701826463,8.934195992230527e-10,4500.0,8.038566684726856e-08,2.2801421786003504e-11,8.043126969084061e-08
0.24497738995383578,25.0,49.99980062715132,0.00019937245118360395,3.974953279369844e-10,5.283334615603254e-16,19.999800627747256,0.00019928184984670182,9.934293834662713e-10,4500.0,8.938273522135125e-08,2.6735154691004673e-11,8.943620553073332e-08
0.25832729702193385,25.0,49.99978976246133,0.00021023709667456774,4.419982266983764e-10,6.194994480585338e-16,19.999789763123964,0.00021013635343837872,1.1046333276583366e-09,4500.0,9.938662033614632e-08,3.134750947302556e-11,9.944931535509242e-08
0.2724046998755019,25.0,49.99977830570864,0.00022169379987824702,4.914835882424396e-10,7.26396475295794e-16,19.99977830644544,0.0002215817795627953,1.2282842323251791e-09,4500.0,1.1050996078120504e-07,3.675556152655293e-11,1.1058347190425821e-07
0.28724924299409965,25.0,49.99976622462941,0.00023377482407782254,5.465092389413301e-10,8.517389953737756e-16,19.999766225448678,0.00023365026446046493,1.3657750766685148e-09,4500.0,1.2287799165220003e-07,4.3096585133668094e-11,1.2296418482246745e-07
0.30290273126122247,25.0,49.999753485201644,0.0002465141906619141,6.076954580964913e-10,9.987098498015725e-16,19.9997534861126,0.000246375688262529,1.5186546984368712e-09,4500.0,1.366299523619653e-07,5.053153851753311e-11,1.3673101543900043e-07
0.3194092476943203,25.0,49.99974005154935,0.0002599477749257112,6.757319472924985e-10,1.1710092219639706e-15,19.99974005256226,0.0002597937690812326,1.6886465767340364e-09,4500.0,1.519209993152206e-07,5.901941754045598e-11,1.5203903815030153e-07
0.33681527759044255,25.0,49.999725885841535,0.0002741134070879251,7.513856482122085e-10,1.3730097023408537e-15,19.99972588696781,0.0002739421624875528,1.877665659104478e-09,4500.0,1.6892328764911035e-07,6.875682038076768e-11,1.6906080128987188e-07
0.35516983943713126,25.0,49.99971094818568,0.00028905097881395296,8.355093955870367e-10,1.609878170207383e-15,19.999710949438008,0.0002888605661096865,2.0878394551634234e-09,4500.0,1.8782778804980155e-07,8.026092717746572e-11,1.879883099041565e-07
0.374524622957237,25.0,49.999695196515404,0.00030480255554661876,9.290514772780335e-10,1.887631509568983e-15,19.999695197907887,0.00030459082949637386,2.321535152266498e-09,4500.0,2.0884725004725316e-07,9.383851058261262e-11,2.090349270684184e-07
0.39493413467640404,25.0,49.99967858647199,0.0003214124949523457,1.0330663489656755e-09,2.213324814275896e-15,19.9996785880203,0.00032117707026802736,2.5813847490762555e-09,4500.0,2.322182050878756e-07,1.0984907022829113e-10,2.3243790322833216e-07
0.4164558514231751,25.0,49.999661071279455,0.000338927571822338,1.1487265203511955e-09,2.5952305290551687e-15,19.999661073001032,0.00033866579631720964,2.870314666394242e-09,4500.0,2.5820362273730764e-07,1.2871388465974223e-10,2.5846105050662713e-07
0.4391503821940055,25.0,49.99964260161289,0.00035739710977881014,1.2773357720863419e-09,3.0430485011798924e-15,19.99964260352712,0.00035710603451236334,3.1915786667920897e-09,4500.0,2.870958631677861e-07,1.5092661877442504e-10,2.873977164053349e-07
0.46308163883901554,25.0,49.99962312545951,0.0003768731201569362,1.4203438524121603e-09,3.568152276424456e-15,19.999623127587945,0.0003765494662417743,3.5487944523881563e-09,4500.0,3.1921995891197684e-07,1.7706575438620446e-10,3.195740904207492e-07
0.48831701604916694,25.0,49.99960258797219,0.0003974104484533868,1.5793628191661124e-09,4.183877893285105e-15,19.999602590338796,0.0003970505701511915,3.945984351277877e-09,4500.0,3.5493726252503093e-07,2.078091576205298e-10,3.553528808402719e-07
0.5149275811517496,25.0,49.99958093131506,0.00041906692875360896,1.756185211362737e-09,4.905862508581101e-15,19.999580933946486,0.00041866677244564,4.3876205488631535e-09,4500.0,3.946495008606207e-07,2.439511508750518e-10,3.951374031623707e-07
0.5429882742486598,25.0,49.99955809450062,0.00044190354657241564,1.9528042551748264e-09,5.752441452894413e-15,19.99955809742648,0.0004414586051437416,4.878675371144893e-09,4500.0,4.388032811790327e-07,2.8642252041980164e-10,4.393761262198723e-07
0.5725781192611017,25.0,49.999534013217996,0.00046598461056613483,2.171436332072801e-09,6.745113797988254e-15,19.999534016471223,0.00046548987269138707,5.424677183506959e-09,4500.0,4.87895099315215e-07,3.3631396496728985e-10,4.885677272451493e-07
0.6037804464750642,25.0,49.999508619651856,0.0004913779335995106,2.414545962377517e-09,7.90908825804008e-15,19.99950862326906,0.0004908278273608261,6.031772531252398e-09,4500.0,5.4247690569626e-07,3.9490357759781283e-10,5.432667128514555e-07
0.6366831272142778,25.0,49.99948184229145,0.0005181550236768289,2.68487358583341e-09,9.27392328640825e-15,19.999481846313348,0.0005175433538811598,6.706795217846222e-09,4500.0,6.031622911713269e-07,4.6368905548566954e-10,6.04089669282298e-07
0.6713788213015512,25.0,49.99945360572926,0.000546391285274499,2.9854664523348713e-09,1.0874277621525105e-14,19.99945361020111,0.0005457111637669172,7.457343094243771e-09,4500.0,6.706333614692922e-07,5.444254515255021e-10,6.71722212372343e-07
0.70796523800537,25.0,49.99942383044864,0.0005761662316415352,3.3197129709933675e-09,1.2750790340105261e-14,19.999423835420764,0.0005754099998327659,8.291863418690315e-09,4500.0,7.456483767040941e-07,6.391694222380834e-10,7.4692671554857e-07
0.7465454112066464,25.0,49.99939243259995,0.0006075637086652405,3.6913809047121473e-09,1.495111276439817e-14,19.999392438128282,0.0006067228514045418,9.219747741914634e-09,4500.0,8.290502407867271e-07,7.503310907987949e-10,8.305509029683245e-07
0.7872279895605192,25.0,49.999359323764395,0.0006406721309318584,4.104659840777446e-09,1.75311184261983e-14,19.999359329911137,0.0006397371807595725,1.0251437378753868e-08,4500.0,9.217759349663176e-07,8.807348368499497e-10,9.235374046400173e-07
0.8301275424703572,25.0,49.999324410705135,0.0006755847306462564,4.564208416169629e-09,2.055632181167616e-14,19.99932441753942,0.0006745451613528056,1.139854064510602e-08,4500.0,1.0248670001110001e-06,1.033690550820199e-09,1.0269343812126402e-06
0.8753648827356619,25.0,49.99928759510466,0.000712399820110839,5.075206829887113e-09,2.410354191261638e-14,19.999287602703372,0.0007112439284094508,1.2673963169999535e-08,4500.0,1.1394811838628795e-06,1.213077155513632e-09,1.1419073381739066e-06
0.923067406782474,25.0,49.99924877328806,0.0007512210685019454,5.643415234163315e-09,2.826285282596214e-14,19.999248781736643,0.0007499358424896354,1.4092052737926408e-08,4500.0,1.2669053815824281e-06,1.4234405084698869e-09,1.2697522625993677e-06
0.9733694534344466,25.0,49.99920783593102,0.0007921577937221837,6.275238662715629e-09,3.313987093252997e-14,19.999207845324463,0.0007907287666560379,1.5668760277997275e-08,4500.0,1.4085700141717321e-06,1.6701081629169215e-09,1.4119102304975656e-06
1.0264126822349655,25.0,49.99916466775202,0.0008353252701494917,6.977799227840451e-09,3.8858436732456507e-14,19.999164678195957,0.0008337363579014568,1.7421818795699555e-08,4500.0,1.5660650015821949e-06,1.959323892281129e-09,1.5699836493667567e-06
1.0823464723857086,25.0,49.9991191471878,0.0008808450531483272,7.75901640008979e-09,4.5563759436392434e-14,19.99911915879963,0.0008790783735197151,1.9370942242021887e-08,4500.0,1.7411575082354444e-06,2.2984053840206146e-09,1.745754319003485e-06
1.1413283434251373,25.0,49.999071146051,0.0009288453212554727,8.627696275357372e-09,5.3426104162155667e-14,19.999071158961243,0.0009268809931302359,2.1538046535613124e-08,4500.0,1.935811655898754e-06,2.6959290957120094e-09,1.9412035140901772e-06
1.203524398831651,25.0,49.99902052916931,0.0009794612370025817,9.593630835490784e-09,6.264511536487579e-14,19.99902054352305,0.0009772771570938767,2.394749519886271e-08,4500.0,2.1522104209589214e-06,3.161946954745415e-09,2.1585343148684116e-06
1.2691097938006295,25.0,49.99896715400484,0.0010328353273898353,1.0667708321171137e-08,7.345488628446615e-14,19.998967169963347,0.0010304069220850175,2.6626372340967573e-08,4500.0,2.3927799567525442e-06,3.7082403901314256e-09,2.400196437532806e-06
1.3382692285127236,25.0,49.9989108702528,0.0010891178850802744,1.186203596103473e-08,8.612990313782116e-14,19.99891088799538,0.0010864178346125276,2.9604786023130558e-08,4500.0,2.6602166078809043e-06,4.348618131279456e-09,2.6689138441434626e-06
1.4111974682825523,25.0,49.99885151941839,0.0011484673914425147,1.3190076440261061e-08,1.0099201499547117e-13,19.99885153914431,0.0011454653233097674,3.291620537625954e-08,4500.0,2.9575169125327426e-06,5.099265318179232e-09,2.9677154431691006e-06
1.4880998920525916,25.0,49.99878893437046,0.0012110509626307696,1.4666799646685887e-08,1.1841860632756433e-13,19.998788956301254,0.0012077131108410688,3.659783521349581e-08,4500.0,3.2880109210541045e-06,5.97915276836154e-09,3.299969226590827e-06
1.5691930707769322,25.0,49.99872293887106,0.0012770448199557723,1.6308851404665034e-08,1.3885217974338561e-13,19.99872296325296,0.0012733336462991136,4.0691032292582386e-08,4500.0,3.65539919466787e-06,7.01051677134402e-09,3.669420228210557e-06
1.6547053773237652,25.0,49.99865334707924,0.0013466347858682912,1.813474109835065e-08,1.6281159225763334e-13,19.998653374185935,0.0013425085589939564,4.524176784087714e-08,4500.0,4.063793887714318e-06,8.219421569689298e-09,4.080232730853696e-06
1.744877629614142,25.0,49.998579963027815,0.001420016806948656,2.0165050298901865e-08,1.9090523040463213e-13,19.998579993163524,0.0014154291345598077,5.03011414635837e-08,4500.0,4.5177643604514555e-06,9.636418782699852e-09,4.537037198016854e-06
1.8399637688082187,25.0,49.99850258007175,0.0014973975053714514,2.2422664746838876e-08,2.2384645875483106e-13,19.998502613574583,0.001492296814330006,5.592595211890098e-08,4500.0,5.022387817753234e-06,1.1297320487365188e-08,5.044982458727964e-06
1.9402315744489187,25.0,49.998420980306314,0.0015789947603943105,2.4933032303925708e-08,2.6247173411646757e-13,19.99842101755209,0.0015733237189533946,6.217933246821093e-08,4500.0,5.583305522448469e-06,1.3244105553856442e-08,5.609793733556181e-06
2.0459634185769207,25.0,49.99833493395374,0.0016650383215037331,2.7724449781594012e-08,3.0776184539503075e-13,19.998334975360134,0.0016587331972460935,6.913145360168682e-08,4500.0,6.206785191072047e-06,1.5525982212790453e-08,6.237837155497627e-06
2.1574570609407204,25.0,49.99824419871633,0.0017557704549395696,3.082838187830175e-08,3.6086681845309834e-13,19.998244244747525,0.0017487604012912943,7.686030790707185e-08,4500.0,6.899790245023397e-06,1.820063379444862e-08,6.936191512612294e-06
2.2750264875412656,25.0,49.99814851909436,0.001851446625413204,3.427981582001458e-08,4.23135118378624e-13,19.99814857026627,0.001843652888815457,8.545257869982506e-08,4500.0,7.670056662165426e-06,2.133567922671566e-08,7.712728020618857e-06
2.3990027948725743,25.0,49.99804762566693,0.001952336214932866,3.811765570027712e-08,4.961478906939908e-13,19.998047682552876,0.001943671253881604,9.500460617517046e-08,4500.0,8.526178253428808e-06,2.5010385326634527e-08,8.576199024082078e-06
2.529735122348557,25.0,49.99794123433351,0.0020587232807533183,4.238516096364416e-08,5.817591109922797e-13,19.997941297570645,0.0020490897869488867,1.0562346028654969e-07,4500.0,9.477701276754192e-06,2.9317674308449553e-08,9.536336625371092e-06
2.667591635541963,25.0,49.997829045514315,0.002170907354576555,4.713043397359924e-08,6.821426625202939e-13,19.997829115810642,0.0021601971653513728,1.1742813231126304e-07,4500.0,1.0535229397513351e-05,3.436647742096975e-08,1.060396235235529e-05
2.812960563004342,25.0,49.997710743307,0.002289204285245295,5.240696215909472e-08,7.998475371496257e-13,19.997710821449292,0.002277297175247182,1.3055085814446203e-07,4500.0,1.171054011127551e-05,4.0284494409142706e-08,1.1791109100093795e-05
2.966251289586944,25.0,49.99758599459756,0.002413947127292598,5.8274220848744325e-08,9.378625614549539e-13,19.997586081460046,0.002400709466081149,1.451385877801375e-07,4500.0,1.3016713862381553e-05,4.7221428791822725e-08,1.3111156719965198e-05
3.127895509341567,25.0,49.99745444812269,0.002545487077871813,6.479834303675212e-08,1.099691393039822e-12,19.9974545446768,0.002530770335694469,1.6135464975107608e-07,4500.0,1.4468285600318288e-05,5.534726267008415e-08,1.4578980125658458e-05
3.298348441248065,25.0,49.99731573348098,0.0026841944648792354,7.205286052287361e-08,1.2894346173938515e-12,19.99731584080635,0.0026678335306812907,1.7938081387013444e-07,4500.0,1.6081467761686024e-05,6.481439786705084e-08,1.6211096557420128e-05
3.4780901111922398,25.0,49.9971694600914,0.0028304597875498873,8.011954966307312e-08,1.5119219027012209e-12,19.99716957938711,0.0028122711939805797,1.9941828974841617e-07,4500.0,1.7874067079816096e-05,7.593354508564108e-08,1.802593416998738e-05
3.6676267038044688,25.0,49.997015216093025,0.002984694815878374,8.908933375078445e-08,1.7728029628549202e-12,19.997015348691242,0.0029644746582597765,2.2169110362307595e-07,4500.0,1.9865972363097803e-05,8.898703416308271e-08,2.0043946431423976e-05
3.86749198796597,25.0,49.996852567186394,0.0031473337482138108,9.906331461289939e-08,2.0787023062683744e-12,19.99685271456709,0.003124855414113019,2.464481652328254e-07,4500.0,2.2079265290612408e-05,1.0430534504621025e-07,2.228787598070483e-05
4.07824881999724,25.0,49.996681055411415,0.0033188344322465863,1.101539119913261e-07,2.4373874287122098e-12,19.99668121921864,0.0032938460799017398,2.739660196313323e-07,4500.0,2.453846010316134e-05,1.2227533856711475e-07,2.478301078029558e-05
4.300490728761978,25.0,49.99650019785862,0.003499679652390184,1.2248613045481026e-07,2.8579660270543034e-12,19.99650037991868,0.003471901410397839,3.045519012089173e-07,4500.0,2.727076912673913e-05,1.433498979953381e-07,2.755746892272981e-05
4.534843587150291,25.0,49.99630948531053,0.003690378487159553,1.3619896811337412e-07,3.351117241408559e-12,19.996309687651976,0.003659499344832344,3.385471227428341e-07,4500.0,3.03063968476021e-05,1.6805922369850908e-07,3.064251529499913e-05
4.781967374648507,25.0,49.99610838080875,0.0038914677403420303,1.5144698300466473e-07,3.929362797244514e-12,19.996108605684743,0.0038571420948269332,3.763308357959313e-07,4500.0,3.367886553266946e-05,1.9702406493286846e-07,3.4072913662535205e-05
5.042558035959186,25.0,49.99589631814341,0.004103513449961264,1.684020347970309e-07,4.607384932148185e-12,19.995896568056356,0.004065357272536906,4.183242026445216e-07,4500.0,3.7425375689163943e-05,2.3097122165412486e-07,3.78873181324722e-05
5.317349440905708,25.0,49.99567270026013,0.0043271124792503566,1.8725522142829093e-07,5.402399179882736e-12,19.99567297798913,0.004284699059160393,4.6499502417425956e-07,4500.0,4.158720498514413e-05,2.7075170652486307e-07,4.2128708398193865e-05
5.607115451140668,25.0,49.99543689758056,0.004562894194077104,2.0821903249404528e-07,6.334591477338512e-12,19.995437206211733,0.004515749413765736,5.168628728758855e-07,4500.0,4.621014960992921e-05,3.1736202444773994e-07,4.68448736588247e-05
5.912672099478421,25.0,49.99518824623133,0.0048115222315034505,2.3152974363977863e-07,7.42763069325911e-12,19.995188589191514,0.004759119322154982,5.745047852425934e-07,4500.0,5.134501244247896e-05,3.7196910567475115e-07,5.208895065382848e-05
6.23487988798922,25.0,49.99492604617681,0.005073696364412921,2.5745007892427577e-07,8.709269592755704e-12,19.99492642727088,0.005015450085211953,6.38561573562368e-07,4500.0,5.704814281867416e-05,4.359395208257576e-07,5.792002186032569e-05
6.574646211326645,25.0,49.99464955925022,0.005350154467404427,2.8627217113852104e-07,1.0212049497205046e-11,19.994649982702445,0.005285414645874554,7.097448233604199e-07,4500.0,6.338203314724727e-05,5.108737143318801e-07,6.440378057591104e-05
6.932927912112882,25.0,49.99435800707775,0.005641674589429973,3.183208534182378e-07,1.1974126532192104e-11,19.994358477577595,0.005569718953519372,7.888446496313333e-07,4500.0,7.041597812091049e-05,5.986461196422811e-07,7.161327036019507e-05
7.310733975578459,25.0,49.9940505688897,0.005949077138947257,3.539573192171827e-07,1.4040240443565295e-11,19.994051091642593,0.0058691033641471305,8.767382925636926e-07,4500.0,7.822680280594511e-05,7.014521682096005e-07,7.962970714236434e-05
7.70912837104473,25.0,49.99372637921268,0.006273227187666762,3.9358319185410566e-07,1.646285058181618e-11,19.993726959996206,0.006184344074305019,9.743996417618678e-07,4500.0,8.68996664719125e-05,8.218633785674093e-07,8.854339322904733e-05
8.129233048251386,25.0,49.993384525436355,0.006615036899298154,4.376450494555884e-07,1.9303467899808193e-11,19.99338517066248,0.006516254586172438,1.0829097870746296e-06,4500.0,9.652894964473207e-05,9.628919161501068e-07,9.84547334770323e-05
8.572231096967304,25.0,49.99302404524787,0.0069754680900426845,4.866394562414626e-07,2.2634216786143715e-11,19.99302476203185,0.006865687200663284,1.2034687041161881e-06,4500.0,0.00010721923253224147,1.1280662540606709e-06,0.00010947536504036284
9.039370078782497,25.0,49.99264392392697,0.0073555349279376065,5.411185567966914e-07,2.6539666392561056e-11,19.992644720163526,0.007233534534755303,1.3374081934839593e-06,4500.0,0.00011908637368209223,1.321519845836856e-06,0.00012172941337376595
9.531965540464217,25.0,49.99224309149405,0.0077563067785370015,6.016962963075621e-07,3.111897795689519e-11,19.992243975941722,0.007620731058539425,1.486206204614723e-06,4500.0,0.0001322586984873744,1.5480950505218382e-06,0.00013535488858841812
10.051404718771611,25.0,49.99182041970331,0.008178911204876415,6.69055335699501e-07,3.648842050929146e-11,19.991821402077747,0.008028254640928318,1.6515027533578879e-06,4500.0,0.00014687832447207274,1.8134541059662799e-06,0.00015050523268400533
10.599150447162033,25.0,49.99137471887176,0.008624537130734881,7.43954727681305e-07,4.2784296391688294e-11,19.991375809949766,0.008457128034939611,1.8351183029820044e-06,4500.0,0.00016310281550177623,2.124081495779016e-06,0.00016735097849333427
11.176745275391152,25.0,49.990904734539974,0.009094438171349405,8.272385162286952e-07,5.0166499979178153e-11,19.99090594627134,0.008908420699119441,2.0390702142456292e-06,4500.0,0.00018110601745437713,2.487941879049227e-06,0.0001860819012124756
11.785815813608549,25.0,49.99040914394469,0.009589936151318318,9.198451811668129e-07,5.882245240137126e-11,19.990410489579812,0.009383250018872176,2.2655979542764978e-06,4500.0,0.00020108075196371996,2.9140514035573474e-06,0.00020690885477083468
12.428077313182246,25.0,49.98988655230543,0.010112424807375944,1.0228182336391327e-06,6.897191053096589e-11,19.98988804653456,0.009882782975354438,2.517185312442703e-06,4500.0,0.00022324034875099427,3.4129560286349113e-06,0.00023006626080826413
13.105338497152678,25.0,49.98933548890811,0.010663373693055608,1.1373179684047952e-06,8.087254607085679e-11,19.989337148015043,0.010408237650182724,2.7965866513422246e-06,4500.0,0.0002478207559119557,3.9969922126878426e-06,0.0002558147403373314
13.81950665391982,25.0,49.98875440297623,0.011244332294427272,1.2646345307210127e-06,9.482648726711007e-11,19.988756245007945,0.010960884689515013,3.1068559066168244e-06,4500.0,0.0002750828544453609,4.680592194563599e-06,0.00028444403883448816
14.572593008507749,25.0,49.988141659318174,0.01185693436819923,1.4062024447849024e-06,1.1118798934496138e-10,19.988143704271963,0.011542048713547665,3.451378610531766e-06,4500.0,0.0003053149943650895,5.480641518944764e-06,0.00031627627740297905
15.366718386533265,25.0,49.98749553373881,0.012502902514061548,1.5636167671289526e-06,1.3037242842485937e-10,19.98749780376853,0.012153109655736379,3.833907239383561e-06,4500.0,0.00033883577072698235,6.4168977709599955e-06,0.0003516695662689024
16.204119186829615,25.0,49.986814208202325,0.013184052993765029,1.7386510466162993e-06,1.528668472807064e-10,19.986816727845756,0.012795504014172556,4.2586002117539536e-06,4500.0,0.000375997058836185,7.512481026551089e-06,0.0003910220208892872
17.087153679544773,25.0,49.98609576573306,0.013902300810420277,1.933277287280577e-06,1.792423075258514e-10,19.98609856216252,0.013470725965036272,4.730065238403935e-06,4500.0,0.0004171874155277832,8.79439168089655e-06,0.00043477619888957625
18.018308647451068,25.0,49.985338185040234,0.014659665061458247,2.1496881445916166e-06,2.1016837997261578e-10,19.98534128833879,0.014180328349268597,5.253407037926565e-06,4500.0,0.0004628357751698936,1.0294129738223682e-05,0.0004834240346463409
19.000206389169637,25.0,49.984539334854176,0.015458274577769247,2.390321637812752e-06,2.4643021111149577e-10,19.984542778317508,0.014925923684982113,5.834277839051456e-06,4500.0,0.0005134149564005868,1.2048763274701351e-05,0.0005375124829499894
20.035612104031348,25.0,49.98369696795006,0.016300373872479054,2.6578885209265823e-06,2.889482846590403e-10,19.983700788422933,0.015709184456833176,6.478939295342952e-06,4500.0,0.0005694470565952756,1.4101124346620665e-05,0.0005976493052885168
21.127441679371678,25.0,49.9828087148559,0.0171883294024709,2.955402833001125e-06,3.3880188443675047e-10,19.98281295309888,0.016531843791833856,7.194323417834739e-06,4500.0,0.0006315075179008913,1.650126797213468e-05,0.0006645100538451604
22.278769902190216,25.0,49.98187207721812,0.01812463616881369,3.2862158176200506e-06,3.9725649182748864e-10,19.98187677831013,0.01739569566857447,7.988102344730601e-06,4500.0,0.0007002302213928741,1.9307697561603146e-05,0.0007388456165160803
23.492839118299663,25.0,49.98088442080932,0.01911192467126516,3.6540536336722004e-06,4.657959102862207e-10,19.980889634589097,0.01830259484635576,8.868765011592979e-06,4500.0,0.0007763130001984537,2.258879934283424e-05,0.0008214905988841219
24.77306836335032,25.0,49.97984296815748,0.020152968237126517,4.063059252941042e-06,5.461598601761253e-10,19.97984874970894,0.019254456324990014,9.84570304446383e-06,4500.0,0.0008605240190911926,2.642424394183756e-05,0.0009133725069748678
26.12306299144513,25.0,49.97874479078256,0.02125069073795361,4.517839112579211e-06,6.403882676935557e-10,19.978751200963238,0.0202532548201147,1.0929300577414061e-05,4500.0,0.000953707556969045,3.090735910499525e-05,0.0010155222751790356
27.54662482846036,25.0,49.97758680100573,0.02240817472858822,5.0235148167315525e-06,7.508727271806421e-10,19.97759390703186,0.02130102297234049,1.21310426948101e-05,4500.0,0.0010567926867824304,3.6146266327317326e-05,0.001129085219437065
29.0477628786657,25.0,49.97636574332857,0.023628670010229846,5.585780789432226e-06,8.804173407883886e-10,19.97637361941055,0.022399849977751195,1.3463623604384038e-05,4500.0,0.0011707999795620982,4.226700853866353e-05,0.0012553339966394253
30.630704614796702,25.0,49.975078185347144,0.024915602652230365,6.210968325371553e-06,1.032309933506948e-09,19.975086913381737,0.02355187950953515,1.4941067542484824e-05,4500.0,0.0012968492825190226,4.941675867175461e-05,0.0013956827998625324
32.29990788337163,25.0,49.97372050817505,0.026272584497829172,6.906116728518627e-06,1.2104053660505832e-09,19.973730178502464,0.024759306724480547,1.657886496458119e-05,4500.0,0.001436168998062285,5.776691003030507e-05,0.0015517028181228952
34.06007345878411,25.0,49.9722888963574,0.027703423170933314,7.679052457911611e-06,1.419223430159679e-09,19.97229960858391,0.026024374957089955,1.839411742576151e-05,4500.0,0.0015901050103543503,6.751733122359308e-05,0.0017251396728015368
35.91615828152243,25.0,49.97077932723487,0.02921213262414868,8.538476932473492e-06,1.6640630489893171e-09,19.97079119113632,0.02734937076421555,2.040570651840503e-05,4500.0,0.0017601327958558495,7.889959709455825e-05,0.0019179319900449665
37.873389417799046,25.0,49.96918755975705,0.030802944227398894,9.494064425151006e-06,1.951137105930662e-09,19.969200696250677,0.028736619685928933,2.2634460333602516e-05,4500.0,0.0019478659195125432,9.218368355182451e-05,0.0021322332866161925
39.93727877990215,25.0,49.96750912268912,0.032480318452455026,1.0556570700028278e-05,2.287729958625777e-09,19.967523664888564,0.030188480256567306,2.5103345605344822e-05,4500.0,0.0021550675898148516,0.00010768391945210967,0.002370435428719071
42.113638648724866,25.0,49.96573930218646,0.03424895717747286,1.1737953692778478e-05,2.6823818626462186e-09,19.96575539654935,0.031707336658770215,2.7837681348238366e-05,4500.0,0.0023836639184982456,0.0001257651920390582,0.0026351943025763615
44.408598042185154,25.0,49.963873128713146,0.03611381663404993,1.305150771292654e-05,3.1451053875997076e-09,19.963890936282194,0.03329559066285389,3.0865366981201846e-05,4500.0,0.002635756817707904,0.00014685087026774778,0.0029294585582433992
46.82861997563547,25.0,49.96190536327618,0.038080121023441826,1.4512012750923706e-05,3.6876396765458664e-09,19.961925061008923,0.03495565324266422,3.421712077839135e-05,4500.0,0.0029136351949624628,0.00017143343267923966,0.003256502060320942
49.3805196628671,25.0,49.95983048291622,0.04015337685988735,1.6135900157313337e-05,4.3237475950898205e-09,19.959852265123004,0.036689933613347464,3.792675444139871e-05,4500.0,0.0032197903790549902,0.0002000841301595098,0.0036199586393740094
52.071483708969026,25.0,49.9576426654349,0.04233938805873174,1.7941436810410555e-05,5.069564148528551e-09,19.957666745327032,0.03850082710483301,4.203146807107347e-05,4500.0,0.0035569314802541357,0.00023346461981571073,0.004023860719885558
54.90909034909085,25.0,49.95533577333765,0.04464427178826236,1.994893009256719e-05,5.944006199104046e-09,19.955362384669222,0.040390703296906055,4.657214968116532e-05,4500.0,0.003927996476190934,0.0002723434080067595,0.004472683292204454
57.901330790106066,25.0,49.95290333689875,0.04707447517692058,2.2180955087384876e-05,6.96925033071179e-09,19.952932735739804,0.042361889547995635,5.159373464734354e-05,4500.0,0.004336171949047677,0.0003176090285083411,0.004971390006064358
61.05663171527628,25.0,49.95033853637665,0.049636792844444104,2.4662607630121026e-05,8.17129548796099e-09,19.95037100298258,0.04441665603226906,5.71455561619758e-05,4500.0,0.0047849043379604925,0.0003702910910373065,0.005525486520035106
64.38387901529703,25.0,49.94763418327735,0.05233838535697928,2.7421785066846076e-05,9.580620691335903e-09,19.94767002407868,0.04655719692635372,6.328174764980583e-05,4500.0,0.005277916927760484,0.0004315803195612346,0.006141077566882954
67.89244281255135,25.0,49.94478270065264,0.055186798616102754,3.0489498320306927e-05,1.1232956468963344e-08,19.94482225035508,0.04878561046141453,7.006166669072364e-05,4500.0,0.00581922467359922,0.0005028528432175724,0.006824930360034365
71.59220384904748,25.0,49.94177610238256,0.0581899842286229,3.3900218645906885e-05,1.3170189303121383e-08,19.941819726168987,0.051103877423249996,7.75503454628619e-05,4500.0,0.006413147574513913,0.000585698487792983,0.007584544550099878
75.49358131235225,25.0,49.93860597138187,0.06135632091404477,3.7692262691216576e-05,1.5441420871236713e-08,19.9386540672176,0.05351383692595105,8.581898128652632e-05,4500.0,0.0070643252284021425,0.0006819516467635701,0.008428228521929282
79.60756217788324,25.0,49.93526343669493,0.0646946369805564,4.1908220323346385e-05,1.810420988031514e-08,19.93531643771963,0.0560171607029384,9.494545346499508e-05,4500.0,0.007777728734232618,0.0007937273897317209,0.00936518351369606
83.94573215019348,25.0,49.931739149425354,0.06821423391876848,4.6595429864952916e-05,2.1226027628771995e-08,19.93179752641298,0.05861532566149003,0.00010501486956209874,4500.0,0.008558670123321859,0.0009234629326451783,0.010405595988612218
88.52030829038223,25.0,49.92802325742625,0.07192491118218884,5.180650561703003e-05,2.488596191926714e-08,19.92808752131139,0.06130958281758893,0.00011612016269955909,4500.0,0.009412813753485676,0.001073961954834931,0.011560737663155539
93.34417342152223,25.0,49.924105378741054,0.07583699215813729,5.759992410782558e-05,2.9176716215358295e-08,19.92417608315836,0.06410092660705254,0.00012836269486094572,4500.0,0.010346178632252108,0.001248448907475044,0.012843076447202199
98.43091240898788,25.0,49.919974573689004,0.07996135142939378,6.404067467039361e-05,3.420694958497955e-08,19.92005231751699,0.06699006014462096,0.0001418529165701436,4500.0,0.011365142822000497,0.0014506265998215754,0.01426639602164365
103.79485041786172,25.0,49.915619315568,0.08430944334611845,7.120098187956622e-05,4.0104018779459986e-08,19.91570474542948,0.0699773592325165,0.00015671105141559197,4500.0,0.012476442056255838,0.0016847422303303981,0.015845926516916638
109.45109325515668,25.0,49.911027459916035,0.08889333195914904,7.91611076501056e-05,4.7017191293438075e-08,19.911121272578388,0.07306283522234884,0.0001730678044068948,4500.0,0.013687161937474115,0.0019556624573863596,0.01759848685224684
115.4155699104657,25.0,49.906186212257936,0.09372572237923356,8.801024144097662e-05,5.512140831141522e-08,19.906289156879385,0.07624609572131413,0.00019106510572421465,4500.0,0.015004725936910894,0.00226895635666696,0.01954263865024482
121.70507741483844,25.0,49.90108209428366,0.09881999360644379,9.784748823366225e-05,6.462169214767683e-08,19.901194974432364,0.07952630399044325,0.00021085688034954973,4500.0,0.016436876688512233,0.00263098800833297,0.021698852705178177
128.33732814422186,25.0,49.89570090840354,0.10419023287321219,0.00010878296496654031,7.575830909041659e-08,19.89582458375461,0.08290213800080863,0.00023260983267964853,4500.0,0.017991647966893714,0.003049020445010889,0.0240896888569155
135.3309997006713,25.0,49.89002770059687,0.10985127157355006,0.00012093901679132949,8.881281325981832e-08,19.890163088218486,0.08637174756316958,0.00025650426405876613,4500.0,0.019677331174845256,0.0035313287794401234,0.026739988733725507
142.70578751181264,25.0,49.884046721528385,0.11581872278989859,0.00013445156661521607,1.0411512686212175e-07,19.884194796611336,0.08993271335386128,0.0002827348798444955,4500.0,0.021502426964286316,0.004087328190673,0.02967708334563232
150.48246029668252,25.0,49.877741385833296,0.12210902050324991,0.00014947161164666426,1.2205182753895642e-07,19.877903181735135,0.09358200507361564,0.0003115116171617854,4500.0,0.023475589069398572,0.004727712504688072,0.03293101407877472
158.68291855414944,25.0,49.87109422952958,0.12873946051159477,0.00016616688299787505,1.430758510149645e-07,19.871270836959212,0.09731594127731062,0.0003430604643564415,4500.0,0.02560555457840238,0.005464606720717642,0.03653476801983767
167.33025623862582,25.0,49.864086865489845,0.13572824310670414,0.00018472368562951787,1.677178481756893e-07,19.864279430637605,0.10113015111368576,0.00037762426910911386,4500.0,0.02790106081455871,0.006311733165044966,0.040524527144648645
176.44882579677014,25.0,49.85669993691377,0.14309451754895708,0.00020534893781723896,1.9659947713484003e-07,19.85690965830022,0.1050195389923904,0.0004154635232441707,4500.0,0.030370747426443554,0.007284591757700638,0.044939930941844834
186.0643067483216,25.0,49.84891306874138,0.1508584283784362,0.00022827243125038904,2.3044895764006987e-07,19.84914119252491,0.1089782531453546,0.00045685711271644145,4500.0,0.033023042790604945,0.008400654426417431,0.04982435164343982
196.2037780042129,25.0,49.84070481694935,0.15904116359638318,0.0002537493350207916,2.7011927003198384e-07,19.840952630395382,0.11299965918255218,0.0005021030196142321,4500.0,0.0358660339387519,0.009679573463702273,0.05522518086615646
206.89579412561727,25.0,49.83205261567614,0.16766500474530782,0.0002820629691207923,3.166094451864737e-07,19.832321438448513,0.11707631995998663,0.0005515189603954602,4500.0,0.03890731922458836,0.011143403406519044,0.061194126037626445
218.17046573869163,25.0,49.82293272211379,0.17675337892126586,0.0003135278755026418,3.710894638843303e-07,19.823223895013122,0.12119998225026474,0.000605442953784042,4500.0,0.04215384526222949,0.012816834520600463,0.06778751430343041
230.0595443314714,25.0,49.81332015912743,0.18633091272540164,0.00034849321781711446,4.3492937491585977e-07,19.813635029840857,0.12536157260719002,0.0006642337900144265,4500.0,0.04561172601714033,0.014727437744801378,0.0750666015067431
242.59651167173448,25.0,49.80318865555581,0.19642348816702979,0.0003873465438476978,5.097333400217829e-07,19.803528560929333,0.12955120382994978,0.0007282713840752926,4500.0,0.049286044898657844,0.01690591895798698,0.08309788281463183
255.81667409763313,25.0,49.79251058414304,0.2070583005296512,0.00043051794790280513,5.973794293465146e-07,19.792876828437876,0.13375819288141721,0.000797957001618288,4500.0,0.053180642542893945,0.019386379136197104,0.09195340081528817
269.757261946646,25.0,49.78125689703557,0.21826391822451272,0.0004784846738291337,7.00066119499445e-07,19.781650725597128,0.1379710892005033,0.0008737133676568714,4500.0,0.057297897167471704,0.022206574667240696,0.10171104650195313
284.4575344028549,25.0,49.76939705888669,0.23007034454223105,0.0005317762044742226,8.203666350019476e-07,19.769819626511552,0.14217772163153566,0.0009559845626365285,4500.0,0.0616384865275456,0.025408180766730137,0.1124548480610059
299.95889005781686,25.0,49.75689897745416,0.2425090813676891,0.0005909798857676456,9.612924116782804e-07,19.757351310760903,0.1463652574465094,0.001045235777361494,4500.0,0.06620115124827392,0.029037044766953044,0.12427524078218005
316.304983496384,25.0,49.743728931704645,0.2556131947884662,0.0006567471397164183,1.1263672057199626e-06,19.74421188470546,0.1505202777796544,0.001141952874977766,4500.0,0.07098245740679765,0.033143427233108584,0.13726931187301486
333.54184823581465,25.0,49.72985149742493,0.2694173825361166,0.0007298003253660022,1.319713616932269e-06,19.730365699404125,0.1546288716780649,0.00124664173182426,4500.0,0.07597656197522705,0.0377822252107589,0.15154101239674492
351.71802636437127,25.0,49.71522947030307,0.2839580432311818,0.0008109403117135501,1.546154064439007e-06,19.715775265060714,0.15867674665496823,0.0013598273775199594,4500.0,0.08117499315023002,0.04301316775656399,0.16720132866335807
370.88470524450804,25.0,49.69982378647469,0.2992733473639787,0.0009010548327803649,1.8113285899049393e-06,19.700401161919235,0.1626493553675393,0.0014820529345449262,4500.0,0.08656645417536468,0.04890097560331526,0.18436840538199525
391.09586166562167,25.0,49.68359344059903,0.3154033098668451,0.0010011277018780582,2.121832275009859e-06,19.684201947534255,0.16653204292621854,0.0016138783016837047,4500.0,0.09213665163909497,0.05551547959874532,0.20316761083658566
412.4084138523279,25.0,49.666495401370995,0.33238986428620815,0.0011122489674080468,2.4853754245693016e-06,19.667134060357633,0.17031020349555046,0.0017558787049298766,4500.0,0.09786817522120045,0.06293168222068726,0.223731539662575
434.8823817563365,25.0,49.64848452465149,0.350276938276017,0.0012356261022243103,2.9109703027886976e-06,19.649151719584793,0.17396945800942598,0.0019086429761676865,4500.0,0.10374041769642825,0.07122976173318436,0.246199941162797
458.5810560833602,25.0,49.62951346415277,0.36911053037453734,0.0013725963240489398,3.4091486800775015e-06,19.630206821225862,0.17749584056190942,0.0020727716945388615,4500.0,0.1097295628908743,0.08049500362681399,0.2707195701445024
483.57117653103404,25.0,49.60953257971857,0.38893878791246306,0.0015246401538557813,3.992215148277609e-06,19.61024883037933,0.1808759880715945,0.0022488752449495923,4500.0,0.11580865334372148,0.09081765296040428,0.2974439592645301
509.92311973982027,25.0,49.588489843464046,0.409812085664649,0.0016933963292380086,4.6745420987740415e-06,19.589224669697195,0.18409734552508641,0.0024375716466174895,4500.0,0.12194772670896394,0.10229268642213599,0.32653309955323595
537.7110974861912,25.0,49.56633074366107,0.43178310522957775,0.00188067819648991,5.4729128940450055e-06,19.567078604064996,0.18714836186621636,0.0026394844262345894,4500.0,0.12811405658131844,0.11501949306123568,0.3581530427037899
567.0133656762409,25.0,49.54299818666794,0.4549069146932658,0.002088491717770783,6.406921055714048e-06,19.54375212153126,0.19001868565393332,0.002855240423235403,4500.0,0.13427248520414595,0.12910146718742435,0.3924754195789948
597.9124447282887,25.0,49.518432396954196,0.47924104837302206,0.002319055238544231,7.499434268640178e-06,19.519183810558246,0.19269934339841,0.0030854677111636863,4500.0,0.14038586347471607,0.144645514857463,0.42967689318964214
630.4953519651,25.0,49.49257081563388,0.5048455860598077,0.0025748211726635446,8.777133676776826e-06,19.493309233686407,0.19518291220069633,0.0033307934925739142,4500.0,0.14641558148070707,0.1617614791396138,0.4699385397599348
664.8538466702155,25.0,49.4653479975374,0.5317832315502342,0.002858499772299054,1.0271140090819767e-05,19.46606079775573,0.1974636589244194,0.0035918422708345415,4500.0,0.15232220502905947,0.1805614960199568,0.5134451970689732
701.0846884984652,25.0,49.4366955072873,0.5601193898088016,0.0031730851630547303,1.2017740873981734e-05,19.43736762085501,0.1995376523996403,0.0038692342125456326,4500.0,0.15806619487611254,0.20115929765668886,0.5603847901894904
739.2899099684332,25.0,49.406541814770414,0.5899222421608632,0.00352188383551655,1.4059233228429559e-05,19.40715539622098,0.20140284288554752,0.004163583752562243,4500.0,0.163608695144356,0.22366948199655345,0.6109476591374631
779.577103804244,25.0,49.37481219038989,0.6212628189115482,0.003908545796821107,1.644490177293891e-05,19.375346253363997,0.20305909579518555,0.0044754985745094214,4500.0,0.16891237296944972,0.24820677929685497,0.6653259315631599
822.0597259358851,25.0,49.341428600788454,0.6542150684633898,0.0043370985968518355,1.9232151336297858e-05,19.341858616748127,0.2045081878109855,0.004805578859232382,4500.0,0.17394227800072634,0.2748853385809257,0.7237129551625779
866.8574150113474,25.0,49.306309605562284,0.6888559221634684,0.004811984455843498,2.2487818437949367e-05,19.30660706242808,0.20575375006439633,0.005154416958551074,4500.0,0.17866669445269948,0.30381807609627115,0.7863028466452421
914.0963293204352,25.0,49.26937025581924,0.7252653537620071,0.0053381007300500995,2.6289688736230095e-05,19.269502173111388,0.20680116520253852,0.00552259739970425,4500.0,0.18305794706708495,0.33511611721928386,0.8532901815056532
963.909502079019,25.0,49.230521995457885,0.7635264323289374,0.00592084396176924,3.072825144473541e-05,19.230450392199614,0.2076574179861027,0.005910697206427427,4500.0,0.1870931244885497,0.3688883681193025,0.9248698607271553
1016.4372160743246,25.0,49.1896725661614,0.8037253673439444,0.0065661577687169785,3.5908725974937124e-05,19.18935387745442,0.20833089977561942,0.006319286513721231,4500.0,0.19075468092999356,0.4052412553262475,1.0012371915824891
1071.8273987263058,25.0,49.14672591733438,0.8459515444320758,0.007280584832286544,4.195340129214827e-05,19.146110355032956,0.20883117779980756,0.006748929333482474,4500.0,0.1940308826723188,0.4442786551614338,1.082588192995187
1130.2360386776702,25.0,49.10158212223896,0.8902975501776548,0.008071323249889104,4.90043335328197e-05,19.10061297475468,0.2091687308216948,0.007200184432712835,4500.0,0.1969160667365696,0.4861020432543412,1.1691201532452526
1191.8276250857282,25.0,49.05413730185806,0.9368591841732055,0.00894628751473479,5.7226454028940045e-05,19.05275016758291,0.20935466502556324,0.0076736061476758355,4500.0,0.1994106917406289,0.530810869503218,1.2610324307470653
1256.7756108532506,25.0,49.00428355806631,0.9857354564006494,0.009914174387106019,6.681114596502935e-05,19.002405506447392,0.2094004148418196,0.008169745060153074,4500.0,0.2015211614826147,0.578503172168016,1.358527505818647
1325.2629011027905,25.0,48.95190891802664,1.0370285677112514,0.010984533905326978,7.79803568165716e-05,18.949457571681165,0.2093174501665793,0.008689148273519536,4500.0,0.20325943361086046,0.6292763962678763,1.461812226146613
1397.4823682701656,25.0,48.89689729169657,1.0908438712029183,0.012167845780102356,9.099132043495419e-05,18.893779822520795,0.2091169920896809,0.009232359245220959,4500.0,0.2046424155165399,0.6832284106277647,1.5710992367720698
1473.6373952676693,25.0,48.839128444655586,1.1472898119826376,0.013475601388840613,0.00010614197297023055,18.835240476298665,0.20880975303383864,0.0097999169778993,4500.0,0.20569117986753097,0.7404586738220611,1.6866085275116536
1553.9424482466657,25.0,48.77847798856206,1.2064778427165161,0.014920391565985739,0.0001237771554795052,18.773702397161244,0.20840570801945796,0.010392354476169877,4500.0,0.2064300316545415,0.8010695086885868,1.8085690490317154
1638.6236805725343,25.0,48.71481739183358,1.2685223121253755,0.016516000331463783,0.00014429570962004465,18.709022996363775,0.20791391255045205,0.011010196280936087,4500.0,0.20688549523197478,0.865167399572864,1.937220294377703
1727.9195697129585,25.0,48.648014013165515,1.3335403235811858,0.018277504672459206,0.00016815858088168432,18.641054146438044,0.20734236375875897,0.011653955106795429,4500.0,0.20708525884021642,0.9328642758561831,2.0728138105525833
1822.0815888330205,25.0,48.5779311608139,1.4016515607033813,0.02022138042524289,0.00019589805752349938,18.56964211178515,0.20669791035374033,0.012324127511591012,4500.0,0.2070571391177235,1.0042787112317917,2.215614561581307
1921.3749149885368,25.0,48.5044281807528,1.4729780767403764,0.02236561421877735,0.00022812828809164827,18.494627498525304,0.20598621386244756,0.013021188567516414,4500.0,0.20682813224125762,1.079536966803468,2.3659020658481946
2026.0791759119852,25.0,48.42736057696508,1.5476440444426192,0.0247298213599068,0.0002655572324449607,18.41584522673999,0.20521175546000323,0.013745585599759545,4500.0,0.2064235954704347,1.1587738367298104,2.5239712689300564
2136.489237494129,25.0,48.34658016735223,1.6257754629941572,0.02733536944017073,0.00030900021348879677,18.333124528563644,0.20437788133023263,0.014497731078613773,4500.0,0.20586659044673836,1.2421332685807664,2.690133127608272
2252.91603417897,25.0,48.2619352789856,1.7074998184636143,0.030205507297344027,0.00035939525348554493,18.24628897592384,0.20348688104714371,0.01527799474260472,4500.0,0.20517741859085611,1.3297687296955494,2.864714877981956
2375.6874446107045,25.0,48.17327098661792,1.792945694164839,0.033365498827542854,0.0004178203897356378,18.155156542093643,0.20254008932471637,0.016086695082775177,4500.0,0.20437335249390537,1.421843321004959,3.048059994503825
2505.1492149984806,25.0,48.08042939858259,1.8822423272997562,0.036842760935900144,0.00048551318180225383,18.059539701601736,0.20153800257597,0.016924090318701793,4500.0,0.20346855769209363,1.5185296478114958,3.2405278533150867
2641.665932799461,25.0,47.983249994437585,1.9755191081875265,0.040667004747967805,0.0005638926269592079,17.959245573448772,0.20048040065468326,0.017790369013113292,4500.0,0.20247417663820771,1.6200094802452223,3.4424931371286536
2785.622053462185,25.0,47.88157001889254,2.072905018466166,0.044870378925137414,0.0006545837161952767,17.85407611299328,0.19936646682019943,0.018685640458310556,4500.0,0.20139854476421384,1.7264732349639924,3.6543450146922
2937.4229831217554,25.0,47.77522493686511,2.174528004471459,0.04948761381984775,0.0007594448436156752,17.743828358310303,0.19819489946416266,0.01960992495230509,4500.0,0.20024749554476093,1.8381193217284675,3.8764861390016976
3097.49622029585,25.0,47.664048954134444,2.2805142832150143,0.05455616426874463,0.0008805983818312771,17.62829473722844,0.19696401378222655,0.020563144126439628,4500.0,0.1990247329491409,1.9551533719137506,4.109331476776643
3266.2925597969233,25.0,47.54787560942276,2.3909875760784955,0.060116350002614394,0.0010204644961674316,17.507263441784275,0.19567182651188242,0.021545111356502143,4500.0,0.1977321984786881,2.0777874218686514,4.353307042215992
3444.28736225084,25.0,47.42653844142426,2.506068270407831,0.06621148948006592,0.001181798687880257,17.380518877101064,0.1943161289064581,0.022555522532668112,4500.0,0.19637044821846844,2.206239023241341,4.608848494701151
3631.9818927972633,25.0,47.29987173816322,2.625872501947739,0.07288802703561255,0.0013677328534680805,17.247842192426685,0.19289454335123343,0.023593947006054987,4500.0,0.19493897284276246,2.3407303443732617,4.876399661589287
3829.9047327417798,25.0,47.16771137078194,2.750511161833105,0.08019564687990507,0.0015818205050934467,17.109011902074432,0.19140456979286044,0.02465981918263059,4500.0,0.19343648746487604,2.4814872214851973,5.156410930435272
4038.613268135216,25.0,47.02989571798772,2.880088824055326,0.08818737195568926,0.0018280860013046548,16.963804604716323,0.1898436213082388,0.025752430686940084,4500.0,0.19186115970751058,2.628738183580989,5.449337526869488
4258.6952594722825,25.0,46.88626668666398,3.014702591110516,0.09691964453733039,0.002111077688216398,16.811995809828883,0.18820905219251843,0.026870923078711476,4500.0,0.1902107859264524,2.7827134289734317,5.755637643873316
4490.770496929986,25.0,46.73667082947519,3.154440864721632,0.10645238039437029,0.002435925408851311,16.65336087994116,0.186498181312748,0.028014281678088282,4500.0,0.1884829269828586,2.943643730085143,6.075770387153145
4735.492545807514,25.0,46.580960566120034,3.299382037421756,0.11684899471006531,0.0028084017481869,16.487676098143687,0.18470831204088214,0.029181330230137217,4500.0,0.1866750044567502,3.11175925512854,6.410193514713831
4993.550587082729,25.0,46.41899550746141,3.4495931150234633,0.12817639027545258,0.0032349872397111797,16.314719869705257,0.1828367508196726,0.030370726998759517,4500.0,0.18478437053407407,3.2872882819422355,6.759360934418547
5265.67135826885,25.0,46.25064388956422,3.6051282650711753,0.14050490695851925,0.003722938406121089,16.134274067637765,0.1808808254450302,0.03158096184434245,4500.0,0.182808358375715,3.470455786697146,7.123719931770009
5552.62120003703,25.0,46.07578411235487,3.7660273094213887,0.15390821940315977,0.004280358820622591,15.946125530482087,0.17883790409470954,0.032810355171663814,4500.0,0.1807443205373704,3.6614818897141674,7.503708099965707
5855.208214368516,25.0,45.89430638452425,3.9323141654735196,0.16846317799124658,0.004916272011020211,15.75006772115008,0.17670541570805628,0.034057058639153676,4500.0,0.17858966033262427,3.8605801441700844,7.8997499486727945
6174.284540314,25.0,45.70611447457356,4.103995243252362,0.18424958731845678,0.005640694855656998,15.545902555125783,0.1744808721202524,0.0353190575820297,4500.0,0.17634185997001517,4.067955655201919,8.312253170373852
6510.748753769451,25.0,45.51112756083309,4.281057817801487,0.2013499109125698,0.0064647104528967715,15.333442404682692,0.17216189229595266,0.036594175668009814,4500.0,0.17399850802595015,4.283803019327393,8.741604546680739
6865.548398026158,25.0,45.30928217522666,4.463468391349296,0.21984889487058454,0.007400538553485504,15.112512285057447,0.16974622881191473,0.037880081808366925,4500.0,0.17155732769079596,4.508304076631476,9.188165480953751
7239.682652221822,25.0,45.10053424331063,4.651171044372626,0.23983311182660322,0.008461600490168922,14.88295222900746,0.16723179664140106,0.03917429850379847,4500.0,0.16901620658050615,4.741625469266835,9.652267145114179
7634.205145207382,25.0,44.88486118027291,4.844085850612795,0.2613903903519605,0.009662578762371286,14.644619846796106,0.16461670452536226,0.04047421439993521,4500.0,0.16637322884309502,4.983916005435502,10.134205239714099
8050.226922753987,25.0,44.66226407090185,5.04210730447878,0.2846091602136539,0.011019464405751304,14.397393079168191,0.16189928858102431,0.041777097291531555,4500.0,0.1636267093693562,5.235303825589898,10.634234360549152
8488.919576456105,25.0,44.43276988408896,5.245102847520894,0.30957767661073476,0.012549591779436674,14.141173134539764,0.1590781484408301,0.04308011062043814,4500.0,0.16077523048231135,5.495893375916657,11.152561982315623
8951.518543142798,25.0,44.19643370966679,5.452911508953881,0.3363831255607384,0.014271655818623314,13.875887605021038,0.1561521856702056,0.04438033255226721,4500.0,0.15781768094999635,5.7657621958064915,11.68934207256298
9439.32658408826,25.0,43.95334102789279,5.665342633304884,0.36511063335876504,0.01620570544358564,13.601493758800506,0.15312064423502544,0.04567477515367765,4500.0,0.15475329698784046,6.044957524822951,12.244668346633741
9953.717453820165,25.0,43.70360990627342,5.882174866908344,0.3958421137766747,0.01837311304158624,13.31798197566408,0.1499831531694003,0.04696040925053314,4500.0,0.1515817055476102,6.3334927563683765,12.818567218284363
10496.139768857669,25.0,43.44739320735839,6.103155239065959,0.42865504533298127,0.020796508242694304,13.025379332120256,0.14673977062845073,0.04823418658026031,4500.0,0.14830296891831635,6.631343741752717,13.410990452423748
11068.121087274174,25.0,43.18488065970121,6.3279985729315555,0.4636210904912434,0.02349967687602515,12.723753282447577,0.14339102950248603,0.04949306698969595,4500.0,0.14491763094994994,6.93844499011029,14.021807611170532
11671.272210573392,25.0,42.91630082879254,6.556387132764381,0.5008046231264707,0.026507415316636283,12.413215420103452,0.1399379838329154,0.05073404507068182,4500.0,0.14142676400995535,7.2546857869829955,14.650798337975948
12307.291719994208,25.0,42.64192295261621,6.7879705370540755,0.5402611746388625,0.029845335690874473,12.093925282706536,0.13638225548716562,0.05195417611095973,4500.0,0.13783201621089516,7.579906269484443,15.297644555179783
12977.970760018501,25.0,42.36205850566291,7.022366125476723,0.5820357502479387,0.033539618612460555,11.766094123988438,0.1327260807647756,0.05315060579842092,4500.0,0.13413565852470555,7.9138935309236595,15.961922720372026
13685.198082553814,25.0,42.077062601470416,7.259159550716392,0.626161142378351,0.037616705434870286,11.42998864308509,0.12897235576661525,0.054320594862796494,4500.0,0.13034063058318296,8.256377775702314,16.64309618198781
14430.965365995911,25.0,41.78733502822058,7.4979058841063235,0.6726561581722283,0.04210292950089491,11.085934557505151,0.12512468003962277,0.05546154645861749,4500.0,0.12645058474624205,8.607028631250364,17.340507847246972
15217.37282415075,25.0,41.49332096749892,7.738131091552419,0.721523859022311,0.047024081926377824,10.734319975139805,0.1211873973575244,0.05657103051597964,4500.0,0.1224699271953956,8.965451669791296,18.053373266777985
16046.635120811254,25.0,41.195511308991186,7.97933395681951,0.7727498223900136,0.05240491179931471,10.37559846944307,0.11716563263179729,0.05764680644055208,4500.0,0.11840385507126193,9.33118523641332,18.7807743278979
16921.08760664628,25.0,40.894442547690325,8.220988404331676,0.8263004851189817,0.05826856285903732,10.010291779230242,0.11306532379610026,0.058686842376990365,4500.0,0.1142583884897668,9.703697666106903,19.52165372070357
17843.192895964785,25.0,40.59069612930314,8.462546354271055,0.8821215672887422,0.06463594913708574,9.63899199737048,0.10889324736712636,0.05968933363027359,4500.0,0.11004039613533781,10.082385025496784,20.274810447128896
18815.54780187739,25.0,40.28489732157171,8.703440908945792,0.9401366906101414,0.07152507887238142,9.262363188683675,0.10465703646067159,0.06065271546689381,4500.0,0.10575761315388754,10.466569446234875,21.038896505623626
19840.8906493857,25.0,39.97771342694426,8.943090068208935,1.0002461708992307,0.07895033394760047,8.881142262880022,0.1003651896919547,0.06157567473021754,4500.0,0.10141864981869497,10.855498222879113,21.812415095576913
20922.108986994444,25.0,39.6698514365705,9.180900735130221,1.0623261056738906,0.08692172262542915,8.496139041278962,0.09602706977064233,0.062457155633249356,4500.0,0.09703298970976203,11.248343743607386,22.593720476924524
22062.24771856322,25.0,39.362054998652326,9.416273116892452,1.1262277632336588,0.0954441212215935,8.108235355648505,0.09165289022336764,0.06329636267305247,4500.0,0.09261097588906426,11.64420441556601,23.381019807021083
23264.51767829983,25.0,39.05510071226448,9.64860541704341,1.1917773431666097,0.10451652752552826,7.7183830735265975,0.0872536889569082,0.06409275947980761,4500.0,0.08816378373909273,12.042106694297596,24.172377172334272
24532.3046730423,25.0,38.74979369099724,9.877298815265933,1.2587761442479466,0.1141313494889127,7.3276009122550505,0.08284128719911417,0.06484606448361271,4500.0,0.0837033790193449,12.441008357042877,24.965720093105094
25869.179017295453,25.0,38.44696247555003,10.101762549920606,1.327001212042668,0.12427376248672448,6.936969980386992,0.07842823307161471,0.06555624185310369,4500.0,0.07924246036777692,12.839803084320513,25.758848629008792
27278.905587873927,25.0,38.14745320753677,10.321419160832596,1.396206469933122,0.1349211616975434,6.54762790416283,0.0740277284487383,0.06622348995429773,4500.0,0.07479438494593846,13.237326492488195,26.549447369922326
28765.45442646741,25.0,37.852123130773215,10.535709746184992,1.4661243783087858,0.14604274473304132,6.16076148959689,0.06965353865927193,0.06684822659857441,4500.0,0.07037307675826884,13.632363668386995,27.335100413532256
30333.011919986897,25.0,37.56183344756483,10.744099160783392,1.5364681343863582,0.15759925726544705,5.777597870300831,0.06531988467627076,0.06743107165327769,4500.0,0.06599291731450274,14.023658256055118,28.11330942942473
31985.99259017709,25.0,37.277441556917545,10.946081100784275,1.6069344105018588,0.16954293179635446,5.399394110560411,0.061041317721797224,0.0679728277374646,4500.0,0.0616686185791252,14.409923125401203,28.881514869381522
33729.051525698465,25.0,36.999792745891654,11.141182984604177,1.6772066212652719,0.18181764823892746,5.027425287450888,0.056832576816027734,0.06847445930239092,4500.0,0.05741507877155965,14.789852597659134,29.63712027408982
35567.097491687484,25.0,36.72971142379614,11.32897054422429,1.7469586921766516,0.19435933980294443,4.662971122475354,0.052708430361723485,0.06893707046178217,4500.0,0.05324722210784674,15.162136154593297,30.37751953129443
37505.306753715646,25.0,36.46799207472682,11.509051976279418,1.8158592848250035,0.20709666416879463,4.307301343101854,0.04868350409664678,0.06936188153766412,4500.0,0.049179824863944344,15.525473446399893,31.100126717663716
39549.13765507748,25.0,36.215389793348564,11.681081882297887,1.8835763930374196,0.21995193131617216,3.9616597447372652,0.0447720954757485,0.0697502070585074,4500.0,0.045227327847117936,15.878590624881364,31.80240857760984
41704.34598845975,25.0,35.972610811760354,11.84476462927061,1.9497822589613218,0.23284230000775463,3.627247385736333,0.040987979447752045,0.0701034329528511,4500.0,0.04140364029653785,16.220257561566527,32.48191876342959
43977.00120528061,25.0,35.740303158991885,11.999857127610897,2.014158490222011,0.24568122317524882,3.305205216488914,0.037344209348277965,0.07042299406958015,4500.0,0.03772193894374989,16.54930564114948,33.1363332212427
46373.50350834934,25.0,35.51904732925442,12.146171306876477,2.0764012660455253,0.2583800978236226,2.9965962218683853,0.033852913958972865,0.07071035430677991,4500.0,0.03419446332625823,16.864646046539605,33.76348655640547
48900.601875979286,25.0,35.30934754449577,12.283575850708491,2.1362265092722477,0.2708500955235293,2.7023878311649328,0.03052509920617875,0.07096698698850752,4500.0,0.030832315897343514,17.16528776674304,34.36140784938342
51565.413068315866,25.0,35.11162351848085,12.411997489618832,2.1933748877884076,0.2830041041119544,2.4234347802574256,0.027370456635359277,0.07119435778893661,4500.0,0.027645269055671363,17.45035513626261,34.928355541580885
54375.44166940362,25.0,34.926203178327526,12.531421607925983,2.2476164908600316,0.2947587228865102,2.1604631508541825,0.02439718666322045,0.07139390915975923,4500.0,0.024641587184685038,17.719104166138155,35.462849919460986
57338.60122143483,25.0,34.75331635882394,12.641892361746457,2.2987550495144777,0.30603622991518675,1.914055897014543,0.02161183991595962,0.07156704753551299,4500.0,0.021827867000824633,17.970937348533162,35.96370256406714
60463.236510696166,25.0,34.593089882326296,12.743512125434378,2.3466315443688224,0.31676644787055197,1.6846405748177207,0.019019184427391395,0.07171513260139799,4500.0,0.019208904044417784,18.205416204109074,36.43004131226256
63758.14706797794,25.0,34.44554417772318,12.83644032465594,2.3911270715089543,0.3268884261119847,1.4724797230703082,0.01662210340753445,0.0718394690801089,4500.0,0.01678759004099083,18.422271114401063,36.86132981884311
67232.61194962285,25.0,34.31059163111314,12.920891649841877,2.4321648542791166,0.3363518647659297,1.2776643483396062,0.014421528320200275,0.07194130103750437,4500.0,0.014564845887055783,18.62140797641564,37.25738079871832
70896.41586900537,25.0,34.18803700034655,12.997133508521326,2.4697112773446794,0.3451182137875097,1.1001111036324935,0.012416413547688653,0.07202180820570735,4500.0,0.01253959658469539,18.80291107802942,37.61836175264354
74759.8767520314,25.0,34.077579873511674,13.065482829514,2.5037759025654815,0.3531613944088933,0.9395632867600436,0.010603753712291416,0.07208210463168761,4500.0,0.010708789172770043,18.967042065723213,37.9447929206192
78833.87479425986,25.0,33.97881940407548,13.126302082455236,2.5344104062533703,0.3604681072159595,0.7955960223578664,0.008978647475759945,0.07212323896772085,4500.0,0.009067457505526644,19.114234633693133,38.2375367248918
83129.88310147452,25.0,33.89126133480643,13.179994514939507,2.5617064397969265,0.3670377104571773,0.6676256702165283,0.007534408083832395,0.0721461961214185,4500.0,0.0076088341375009985,19.24508489144073,38.49777861701896
87660.00000000001,25.0,33.81432719982679,13.226998650321702,2.5857924722119674,0.37288167763957514,0.5549232722546558,0.006262718407576313,0.07215189991901508,4500.0,0.006324507039022002,19.360337602379737,38.7269997117985
